date,currency,spot,reer,policy_rate,usd_policy_rate,market,factor_eligible
1995-01-31,AUD,1.319777,91.76,7.5,5.5,DM,True
1995-02-28,AUD,1.358328,89.03,7.5,6,DM,True
1995-03-31,AUD,1.378353,85.64,7.5,6,DM,True
1995-04-30,AUD,1.372682,83.66,7.5,6,DM,True
1995-05-31,AUD,1.401142,83.29,7.5,6,DM,True
1995-06-30,AUD,1.406073,82.39,7.5,6,DM,True
1995-07-31,AUD,1.355928,83.96,7.5,5.75,DM,True
1995-08-31,AUD,1.327495,88.2,7.5,5.75,DM,True
1995-09-30,AUD,1.324148,91.03,7.5,5.75,DM,True
1995-10-31,AUD,1.31493,91.01,7.5,5.75,DM,True
1995-11-30,AUD,1.343188,89.97,7.5,5.75,DM,True
1995-12-31,AUD,1.343187,89.83,7.5,5.5,DM,True
1996-01-31,AUD,1.343731,90.36,7.5,5.25,DM,True
1996-02-29,AUD,1.307698,91.79,7.5,5.25,DM,True
1996-03-31,AUD,1.278769,93.72,7.5,5.25,DM,True
1996-04-30,AUD,1.269839,95.81,7.5,5.25,DM,True
1996-05-31,AUD,1.252037,97.4,7.5,5.25,DM,True
1996-06-30,AUD,1.267263,97.2,7.5,5.25,DM,True
1996-07-31,AUD,1.291657,96.78,7,5.25,DM,True
1996-08-31,AUD,1.265337,95.39,7,5.25,DM,True
1996-09-30,AUD,1.261358,96.68,7,5.25,DM,True
1996-10-31,AUD,1.262304,96.87,7,5.25,DM,True
1996-11-30,AUD,1.2329,96.87,6.5,5.25,DM,True
1996-12-31,AUD,1.255812,97.72,6,5.25,DM,True
1997-01-31,AUD,1.312686,96.33,6,5.25,DM,True
1997-02-28,AUD,1.288993,96.65,6,5.25,DM,True
1997-03-31,AUD,1.279592,99.65,6,5.5,DM,True
1997-04-30,AUD,1.279099,98.39,6,5.5,DM,True
1997-05-31,AUD,1.313204,96.45,5.5,5.5,DM,True
1997-06-30,AUD,1.34049,93.25,5.5,5.5,DM,True
1997-07-31,AUD,1.344622,92.86,5,5.5,DM,True
1997-08-31,AUD,1.361473,94.4,5,5.5,DM,True
1997-09-30,AUD,1.386002,92.42,5,5.5,DM,True
1997-10-31,AUD,1.425519,92.55,5,5.5,DM,True
1997-11-30,AUD,1.463481,90.23,5,5.5,DM,True
1997-12-31,AUD,1.531393,90.01,5,5.5,DM,True
1998-01-31,AUD,1.473188,92.11,5,5.5,DM,True
1998-02-28,AUD,1.474936,92.61,5,5.5,DM,True
1998-03-31,AUD,1.508289,91.82,5,5.5,DM,True
1998-04-30,AUD,1.536801,89.18,5,5.5,DM,True
1998-05-31,AUD,1.600765,86.8,5,5.5,DM,True
1998-06-30,AUD,1.619427,85.08,5,5.5,DM,True
1998-07-31,AUD,1.645276,87.18,5,5.5,DM,True
1998-08-31,AUD,1.754072,83.66,5,5.5,DM,True
1998-09-30,AUD,1.681518,81.08,5,5.25,DM,True
1998-10-31,AUD,1.603853,82.16,5,5,DM,True
1998-11-30,AUD,1.581028,84.46,5,4.75,DM,True
1998-12-31,AUD,1.627872,81.91,4.75,4.75,DM,True
1999-01-31,AUD,1.588809,83.18,4.75,4.75,DM,True
1999-02-28,AUD,1.617263,85.38,4.75,4.75,DM,True
1999-03-31,AUD,1.588159,85.33,4.75,4.75,DM,True
1999-04-30,AUD,1.517222,86.69,4.75,4.75,DM,True
1999-05-31,AUD,1.537299,89.83,4.75,4.75,DM,True
1999-06-30,AUD,1.510263,89.71,4.75,5,DM,True
1999-07-31,AUD,1.534038,90.1,4.75,5,DM,True
1999-08-31,AUD,1.566632,87.27,4.75,5.25,DM,True
1999-09-30,AUD,1.537271,87.25,4.75,5.25,DM,True
1999-10-31,AUD,1.565197,87.01,4.75,5.25,DM,True
1999-11-30,AUD,1.576508,85.82,5,5.5,DM,True
1999-12-31,AUD,1.535138,86.28,5,5.5,DM,True
2000-01-31,AUD,1.575937,88.84,5,5.5,DM,True
2000-02-29,AUD,1.626004,86.24,5.5,5.75,DM,True
2000-03-31,AUD,1.655082,83.33,5.5,6,DM,True
2000-04-30,AUD,1.711833,81.55,5.75,6,DM,True
2000-05-31,AUD,1.746748,81.11,6,6.5,DM,True
2000-06-30,AUD,1.663248,83.55,6,6.5,DM,True
2000-07-31,AUD,1.729525,84.73,6,6.5,DM,True
2000-08-31,AUD,1.745677,85.25,6.25,6.5,DM,True
2000-09-30,AUD,1.845978,82.18,6.25,6.5,DM,True
2000-10-31,AUD,1.945705,79.08,6.25,6.5,DM,True
2000-11-30,AUD,1.905919,78.29,6.25,6.5,DM,True
2000-12-31,AUD,1.802257,81.31,6.25,6.5,DM,True
2001-01-31,AUD,1.832993,82.75,6.25,5.5,DM,True
2001-02-28,AUD,1.898465,80.37,5.75,5.5,DM,True
2001-03-31,AUD,2.055933,77.1,5.5,5,DM,True
2001-04-30,AUD,1.968905,77.53,5,4.5,DM,True
2001-05-31,AUD,1.972524,80.48,5,4,DM,True
2001-06-30,AUD,1.973467,80.89,5,3.75,DM,True
2001-07-31,AUD,1.973958,79.94,5,3.75,DM,True
2001-08-31,AUD,1.889605,80.51,5,3.5,DM,True
2001-09-30,AUD,2.017304,77.29,4.75,3,DM,True
2001-10-31,AUD,1.984296,78.16,4.5,2.5,DM,True
2001-11-30,AUD,1.918746,81.02,4.5,2,DM,True
2001-12-31,AUD,1.96074,81.35,4.25,1.75,DM,True
2002-01-31,AUD,1.965497,82.57,4.25,1.75,DM,True
2002-02-28,AUD,1.937464,82.39,4.25,1.75,DM,True
2002-03-31,AUD,1.877808,83.74,4.25,1.75,DM,True
2002-04-30,AUD,1.861901,84.83,4.25,1.75,DM,True
2002-05-31,AUD,1.759242,85.59,4.5,1.75,DM,True
2002-06-30,AUD,1.774637,87.14,4.75,1.75,DM,True
2002-07-31,AUD,1.828171,83.57,4.75,1.75,DM,True
2002-08-31,AUD,1.810231,82.52,4.75,1.75,DM,True
2002-09-30,AUD,1.835801,83.36,4.75,1.75,DM,True
2002-10-31,AUD,1.80586,84.29,4.75,1.75,DM,True
2002-11-30,AUD,1.788556,85.09,4.75,1.25,DM,True
2002-12-31,AUD,1.769429,85.24,4.75,1.25,DM,True
2003-01-31,AUD,1.700906,86.79,4.75,1.25,DM,True
2003-02-28,AUD,1.652384,88.35,4.75,1.25,DM,True
2003-03-31,AUD,1.65911,89.22,4.75,1.25,DM,True
2003-04-30,AUD,1.601114,90.02,4.75,1.25,DM,True
2003-05-31,AUD,1.534089,93.44,4.75,1.25,DM,True
2003-06-30,AUD,1.497856,95.88,4.75,1,DM,True
2003-07-31,AUD,1.542234,96.47,4.75,1,DM,True
2003-08-31,AUD,1.556877,95.51,4.75,1,DM,True
2003-09-30,AUD,1.467645,95.9,4.75,1,DM,True
2003-10-31,AUD,1.416624,98.42,4.75,1,DM,True
2003-11-30,AUD,1.382608,101.55,5,1,DM,True
2003-12-31,AUD,1.330325,103.14,5.25,1,DM,True
2004-01-31,AUD,1.323966,106.28,5.25,1,DM,True
2004-02-29,AUD,1.301256,107.05,5.25,1,DM,True
2004-03-31,AUD,1.313154,104.34,5.25,1,DM,True
2004-04-30,AUD,1.387545,103.65,5.25,1,DM,True
2004-05-31,AUD,1.396294,99.43,5.25,1,DM,True
2004-06-30,AUD,1.444179,97.17,5.25,1.25,DM,True
2004-07-31,AUD,1.425783,99.76,5.25,1.25,DM,True
2004-08-31,AUD,1.428288,99.39,5.25,1.5,DM,True
2004-09-30,AUD,1.387058,97.99,5.25,1.75,DM,True
2004-10-31,AUD,1.341603,101.1,5.25,1.75,DM,True
2004-11-30,AUD,1.289733,104.2,5.25,2,DM,True
2004-12-31,AUD,1.281771,102.72,5.25,2.25,DM,True
2005-01-31,AUD,1.290832,103.11,5.25,2.25,DM,True
2005-02-28,AUD,1.261975,105,5.25,2.5,DM,True
2005-03-31,AUD,1.293042,104.98,5.5,2.75,DM,True
2005-04-30,AUD,1.27846,104.21,5.5,2.75,DM,True
2005-05-31,AUD,1.322602,103.86,5.5,3,DM,True
2005-06-30,AUD,1.313678,106.03,5.5,3.25,DM,True
2005-07-31,AUD,1.315141,105.31,5.5,3.25,DM,True
2005-08-31,AUD,1.33981,105.3,5.5,3.5,DM,True
2005-09-30,AUD,1.3144,105.67,5.5,3.75,DM,True
2005-10-31,AUD,1.33386,105.09,5.5,3.75,DM,True
2005-11-30,AUD,1.353131,103.83,5.5,4,DM,True
2005-12-31,AUD,1.365517,104.36,5.5,4.25,DM,True
2006-01-31,AUD,1.326126,103.8,5.5,4.5,DM,True
2006-02-28,AUD,1.351663,103.37,5.5,4.5,DM,True
2006-03-31,AUD,1.404247,101.71,5.5,4.75,DM,True
2006-04-30,AUD,1.324001,102.28,5.5,4.75,DM,True
2006-05-31,AUD,1.317454,104.42,5.75,5,DM,True
2006-06-30,AUD,1.346417,102.71,5.75,5.25,DM,True
2006-07-31,AUD,1.305867,104.62,5.75,5.25,DM,True
2006-08-31,AUD,1.308069,105.56,6,5.25,DM,True
2006-09-30,AUD,1.34218,104.67,6,5.25,DM,True
2006-10-31,AUD,1.300331,104.72,6,5.25,DM,True
2006-11-30,AUD,1.269167,105.83,6.25,5.25,DM,True
2006-12-31,AUD,1.26735,105.83,6.25,5.25,DM,True
2007-01-31,AUD,1.295816,106.1,6.25,5.25,DM,True
2007-02-28,AUD,1.268715,105.43,6.25,5.25,DM,True
2007-03-31,AUD,1.237723,106.09,6.25,5.25,DM,True
2007-04-30,AUD,1.207424,109.84,6.25,5.25,DM,True
2007-05-31,AUD,1.209321,109.64,6.25,5.25,DM,True
2007-06-30,AUD,1.176231,112.28,6.25,5.25,DM,True
2007-07-31,AUD,1.163712,114.03,6.25,5.25,DM,True
2007-08-31,AUD,1.21795,109.2,6.5,5.25,DM,True
2007-09-30,AUD,1.133578,110.31,6.5,4.75,DM,True
2007-10-31,AUD,1.083824,115.57,6.5,4.5,DM,True
2007-11-30,AUD,1.127498,113.48,6.75,4.5,DM,True
2007-12-31,AUD,1.138306,110.88,6.75,4.25,DM,True
2008-01-31,AUD,1.121856,111.02,6.75,3,DM,True
2008-02-29,AUD,1.069823,113.94,6.9999,3,DM,True
2008-03-31,AUD,1.096256,113.32,7.2498,2.25,DM,True
2008-04-30,AUD,1.069112,113.43,7.25,2,DM,True
2008-05-31,AUD,1.045396,116.73,7.25,2,DM,True
2008-06-30,AUD,1.038505,117.31,7.25,2,DM,True
2008-07-31,AUD,1.05983,118.11,7.25,2,DM,True
2008-08-31,AUD,1.158195,111.24,7.25,2,DM,True
2008-09-30,AUD,1.240229,104.97,7,2,DM,True
2008-10-31,AUD,1.50874,90.9,6,1,DM,True
2008-11-30,AUD,1.534769,89.22,5.25,1,DM,True
2008-12-31,AUD,1.456779,89.77,4.25,0.125,DM,True
2009-01-31,AUD,1.569522,90.86,4.25,0.125,DM,True
2009-02-28,AUD,1.573157,88.97,3.25,0.125,DM,True
2009-03-31,AUD,1.443943,91.68,3.25,0.125,DM,True
2009-04-30,AUD,1.36693,96.72,3,0.125,DM,True
2009-05-31,AUD,1.25344,101.63,3,0.125,DM,True
2009-06-30,AUD,1.228173,105.65,3,0.125,DM,True
2009-07-31,AUD,1.206677,106,3,0.125,DM,True
2009-08-31,AUD,1.197239,109.18,3,0.125,DM,True
2009-09-30,AUD,1.133374,111.24,3,0.125,DM,True
2009-10-31,AUD,1.099595,115.78,3.25,0.125,DM,True
2009-11-30,AUD,1.095121,116.87,3.5,0.125,DM,True
2009-12-31,AUD,1.111204,115.63,3.75,0.125,DM,True
2010-01-31,AUD,1.119791,117.66,3.75,0.125,DM,True
2010-02-28,AUD,1.123066,115.51,3.75,0.125,DM,True
2010-03-31,AUD,1.093627,118.63,4,0.125,DM,True
2010-04-30,AUD,1.073376,120.46,4.25,0.125,DM,True
2010-05-31,AUD,1.184367,115.43,4.5,0.125,DM,True
2010-06-30,AUD,1.173743,114.4,4.5,0.125,DM,True
2010-07-31,AUD,1.110378,115.43,4.5,0.125,DM,True
2010-08-31,AUD,1.128076,117.36,4.5,0.125,DM,True
2010-09-30,AUD,1.03092,120.7,4.5,0.125,DM,True
2010-10-31,AUD,1.025907,122.73,4.5,0.125,DM,True
2010-11-30,AUD,1.04593,123.91,4.75,0.125,DM,True
2010-12-31,AUD,0.983086,125.82,4.75,0.125,DM,True
2011-01-31,AUD,1.005186,125.43,4.75,0.125,DM,True
2011-02-28,AUD,0.983157,126.08,4.75,0.125,DM,True
2011-03-31,AUD,0.966847,125.43,4.75,0.125,DM,True
2011-04-30,AUD,0.912517,129.4,4.75,0.125,DM,True
2011-05-31,AUD,0.938756,130.33,4.75,0.125,DM,True
2011-06-30,AUD,0.933024,129.41,4.75,0.125,DM,True
2011-07-31,AUD,0.915147,130.97,4.75,0.125,DM,True
2011-08-31,AUD,0.936263,127,4.75,0.125,DM,True
2011-09-30,AUD,1.027475,125.67,4.75,0.125,DM,True
2011-10-31,AUD,0.944575,124.98,4.75,0.125,DM,True
2011-11-30,AUD,0.981145,125.19,4.5,0.125,DM,True
2011-12-31,AUD,0.983306,126.4,4.25,0.125,DM,True
2012-01-31,AUD,0.938525,129.27,4.25,0.125,DM,True
2012-02-29,AUD,0.923455,131.48,4.25,0.125,DM,True
2012-03-31,AUD,0.961066,129.38,4.25,0.125,DM,True
2012-04-30,AUD,0.959891,126.94,4.25,0.125,DM,True
2012-05-31,AUD,1.026848,124.15,3.75,0.125,DM,True
2012-06-30,AUD,0.980064,126.33,3.5,0.125,DM,True
2012-07-31,AUD,0.950423,131.34,3.5,0.125,DM,True
2012-08-31,AUD,0.967489,132.78,3.5,0.125,DM,True
2012-09-30,AUD,0.958701,129.73,3.5,0.125,DM,True
2012-10-31,AUD,0.964211,127.9,3.25,0.125,DM,True
2012-11-30,AUD,0.960573,129.76,3.25,0.125,DM,True
2012-12-31,AUD,0.963468,129.91,3,0.125,DM,True
2013-01-31,AUD,0.960074,130.63,3,0.125,DM,True
2013-02-28,AUD,0.975626,128.53,3,0.125,DM,True
2013-03-31,AUD,0.961187,130.15,3,0.125,DM,True
2013-04-30,AUD,0.967641,130.57,3,0.125,DM,True
2013-05-31,AUD,1.041058,125.06,2.75,0.125,DM,True
2013-06-30,AUD,1.08341,119.69,2.75,0.125,DM,True
2013-07-31,AUD,1.109228,117.4,2.75,0.125,DM,True
2013-08-31,AUD,1.119758,115.54,2.5,0.125,DM,True
2013-09-30,AUD,1.07264,118.42,2.5,0.125,DM,True
2013-10-31,AUD,1.052196,120.28,2.5,0.125,DM,True
2013-11-30,AUD,1.097201,118.88,2.5,0.125,DM,True
2013-12-31,AUD,1.118338,114.76,2.5,0.125,DM,True
2014-01-31,AUD,1.147973,113.64,2.5,0.125,DM,True
2014-02-28,AUD,1.115905,114.79,2.5,0.125,DM,True
2014-03-31,AUD,1.083623,116.09,2.5,0.125,DM,True
2014-04-30,AUD,1.079206,118.94,2.5,0.125,DM,True
2014-05-31,AUD,1.075549,118.72,2.5,0.125,DM,True
2014-06-30,AUD,1.064358,119.91,2.5,0.125,DM,True
2014-07-31,AUD,1.076015,120.13,2.5,0.125,DM,True
2014-08-31,AUD,1.070898,119.74,2.5,0.125,DM,True
2014-09-30,AUD,1.147739,117.82,2.5,0.125,DM,True
2014-10-31,AUD,1.137736,115.31,2.5,0.125,DM,True
2014-11-30,AUD,1.173356,115.29,2.5,0.125,DM,True
2014-12-31,AUD,1.221399,111.4,2.5,0.125,DM,True
2015-01-31,AUD,1.285714,111.1,2.5,0.125,DM,True
2015-02-28,AUD,1.277402,107.54,2.25,0.125,DM,True
2015-03-31,AUD,1.31555,108.16,2.25,0.125,DM,True
2015-04-30,AUD,1.262684,107.58,2.25,0.125,DM,True
2015-05-31,AUD,1.307019,109.48,2,0.125,DM,True
2015-06-30,AUD,1.300384,107.77,2,0.125,DM,True
2015-07-31,AUD,1.380505,104.51,2,0.125,DM,True
2015-08-31,AUD,1.404637,104.2,2,0.125,DM,True
2015-09-30,AUD,1.422744,101.41,2,0.125,DM,True
2015-10-31,AUD,1.41091,103.05,2,0.125,DM,True
2015-11-30,AUD,1.386804,103.9,2,0.125,DM,True
2015-12-31,AUD,1.368329,105.39,2,0.375,DM,True
2016-01-31,AUD,1.409158,103.1,2,0.375,DM,True
2016-02-29,AUD,1.401543,103.02,2,0.375,DM,True
2016-03-31,AUD,1.300571,107.08,2,0.375,DM,True
2016-04-30,AUD,1.310883,108.11,2,0.375,DM,True
2016-05-31,AUD,1.377622,104.06,1.75,0.375,DM,True
2016-06-30,AUD,1.344713,105.45,1.75,0.375,DM,True
2016-07-31,AUD,1.330154,108.21,1.75,0.375,DM,True
2016-08-31,AUD,1.33004,108.88,1.5,0.375,DM,True
2016-09-30,AUD,1.313234,108.42,1.5,0.375,DM,True
2016-10-31,AUD,1.315275,110.12,1.5,0.375,DM,True
2016-11-30,AUD,1.343771,110.88,1.5,0.375,DM,True
2016-12-31,AUD,1.384688,109.8,1.5,0.625,DM,True
2017-01-31,AUD,1.32013,110.92,1.5,0.625,DM,True
2017-02-28,AUD,1.302916,113.03,1.5,0.625,DM,True
2017-03-31,AUD,1.307829,112.48,1.5,0.875,DM,True
2017-04-30,AUD,1.338426,110.45,1.5,0.875,DM,True
2017-05-31,AUD,1.341592,108.38,1.5,0.875,DM,True
2017-06-30,AUD,1.301349,109.28,1.5,1.125,DM,True
2017-07-31,AUD,1.254626,112.21,1.5,1.125,DM,True
2017-08-31,AUD,1.269852,112.54,1.5,1.125,DM,True
2017-09-30,AUD,1.276893,112.36,1.5,1.125,DM,True
2017-10-31,AUD,1.306926,110.94,1.5,1.125,DM,True
2017-11-30,AUD,1.321546,108.65,1.5,1.125,DM,True
2017-12-31,AUD,1.27958,108.3,1.5,1.375,DM,True
2018-01-31,AUD,1.232801,110.23,1.5,1.375,DM,True
2018-02-28,AUD,1.280252,107.52,1.5,1.375,DM,True
2018-03-31,AUD,1.301518,106.26,1.5,1.625,DM,True
2018-04-30,AUD,1.325689,105.42,1.5,1.625,DM,True
2018-05-31,AUD,1.317549,105.13,1.5,1.625,DM,True
2018-06-30,AUD,1.354177,105.89,1.5,1.875,DM,True
2018-07-31,AUD,1.346626,106.31,1.5,1.875,DM,True
2018-08-31,AUD,1.384345,106.13,1.5,1.875,DM,True
2018-09-30,AUD,1.386317,104.17,1.5,2.125,DM,True
2018-10-31,AUD,1.411203,103.66,1.5,2.125,DM,True
2018-11-30,AUD,1.370279,106.32,1.5,2.125,DM,True
2018-12-31,AUD,1.416594,104.84,1.5,2.375,DM,True
2019-01-31,AUD,1.374217,103.45,1.5,2.375,DM,True
2019-02-28,AUD,1.400491,102.58,1.5,2.375,DM,True
2019-03-31,AUD,1.408189,101.86,1.5,2.375,DM,True
2019-04-30,AUD,1.418346,102.6,1.5,2.375,DM,True
2019-05-31,AUD,1.447045,101.27,1.5,2.375,DM,True
2019-06-30,AUD,1.427417,101.12,1.25,2.375,DM,True
2019-07-31,AUD,1.450543,101.65,1,2.375,DM,True
2019-08-31,AUD,1.485864,99.79,1,2.125,DM,True
2019-09-30,AUD,1.480944,100.49,1,1.875,DM,True
2019-10-31,AUD,1.446746,99.73,0.75,1.625,DM,True
2019-11-30,AUD,1.477691,100.04,0.75,1.625,DM,True
2019-12-31,AUD,1.423803,100.83,0.75,1.625,DM,True
2020-01-31,AUD,1.4924,100.09,0.75,1.625,DM,True
2020-02-29,AUD,1.537305,97.8,0.75,1.625,DM,True
2020-03-31,AUD,1.639923,91.61,0.25,0.125,DM,True
2020-04-30,AUD,1.526113,93.39,0.25,0.125,DM,True
2020-05-31,AUD,1.497935,96.17,0.25,0.125,DM,True
2020-06-30,AUD,1.459546,100.35,0.25,0.125,DM,True
2020-07-31,AUD,1.391627,101.97,0.25,0.125,DM,True
2020-08-31,AUD,1.357956,103.76,0.25,0.125,DM,True
2020-09-30,AUD,1.403997,104.08,0.25,0.125,DM,True
2020-10-31,AUD,1.415883,102.2,0.25,0.125,DM,True
2020-11-30,AUD,1.356093,103.33,0.1,0.125,DM,True
2020-12-31,AUD,1.295412,105.25,0.1,0.125,DM,True
2021-01-31,AUD,1.303477,107.18,0.1,0.125,DM,True
2021-02-28,AUD,1.287435,107.47,0.1,0.125,DM,True
2021-03-31,AUD,1.314456,108.41,0.1,0.125,DM,True
2021-04-30,AUD,1.289604,108.5,0.1,0.125,DM,True
2021-05-31,AUD,1.292927,108.46,0.1,0.125,DM,True
2021-06-30,AUD,1.333978,107.12,0.1,0.125,DM,True
2021-07-31,AUD,1.35674,105.22,0.1,0.125,DM,True
2021-08-31,AUD,1.365219,103.75,0.1,0.125,DM,True
2021-09-30,AUD,1.390016,103.8,0.1,0.125,DM,True
2021-10-31,AUD,1.327179,105.33,0.1,0.125,DM,True
2021-11-30,AUD,1.399102,104.5,0.1,0.125,DM,True
2021-12-31,AUD,1.378686,103.35,0.1,0.125,DM,True
2022-01-31,AUD,1.418071,103.74,0.1,0.125,DM,True
2022-02-28,AUD,1.384766,103.27,0.1,0.125,DM,True
2022-03-31,AUD,1.335826,107.32,0.1,0.375,DM,True
2022-04-30,AUD,1.394592,108.97,0.1,0.375,DM,True
2022-05-31,AUD,1.393914,107.04,0.35,0.875,DM,True
2022-06-30,AUD,1.453644,107.05,0.85,1.625,DM,True
2022-07-31,AUD,1.436164,106.45,1.35,2.375,DM,True
2022-08-31,AUD,1.4591,108.85,1.85,2.375,DM,True
2022-09-30,AUD,1.546574,107.54,2.35,3.125,DM,True
2022-10-31,AUD,1.566371,104.22,2.6,3.125,DM,True
2022-11-30,AUD,1.486604,106.92,2.85,3.875,DM,True
2022-12-31,AUD,1.471311,106.87,3.1,4.375,DM,True
2023-01-31,AUD,1.428598,107.85,3.1,4.375,DM,True
2023-02-28,AUD,1.484132,108.13,3.35,4.625,DM,True
2023-03-31,AUD,1.495908,105.29,3.6,4.875,DM,True
2023-04-30,AUD,1.51753,104.8,3.6,4.875,DM,True
2023-05-31,AUD,1.544229,105.45,3.85,5.125,DM,True
2023-06-30,AUD,1.509111,107.96,4.1,5.125,DM,True
2023-07-31,AUD,1.491064,108.04,4.1,5.375,DM,True
2023-08-31,AUD,1.544442,105.28,4.1,5.375,DM,True
2023-09-30,AUD,1.542288,105.54,4.1,5.375,DM,True
2023-10-31,AUD,1.576325,105.09,4.1,5.375,DM,True
2023-11-30,AUD,1.513311,106.58,4.35,5.375,DM,True
2023-12-31,AUD,1.471765,108.52,4.35,5.375,DM,True
2024-01-31,AUD,1.519609,108.53,4.35,5.375,DM,True
2024-02-29,AUD,1.541105,106.93,4.35,5.375,DM,True
2024-03-31,AUD,1.536121,107.81,4.35,5.375,DM,True
2024-04-30,AUD,1.532282,108.5,4.35,5.375,DM,True
2024-05-31,AUD,1.50341,110.28,4.35,5.375,DM,True
2024-06-30,AUD,1.502008,111.1,4.35,5.375,DM,True
2024-07-31,AUD,1.536295,111.06,4.35,5.375,DM,True
2024-08-31,AUD,1.470281,108.28,4.35,5.375,DM,True
2024-09-30,AUD,1.443909,108.88,4.35,4.875,DM,True
2024-10-31,AUD,1.521687,108.93,4.35,4.875,DM,True
2024-11-30,AUD,1.538061,108.5,4.35,4.625,DM,True
2024-12-31,AUD,1.6144,106.11,4.35,4.375,DM,True
2025-01-31,AUD,1.607043,105.32,4.35,4.375,DM,True
2025-02-28,AUD,1.608011,105.81,4.1,4.375,DM,True
2025-03-31,AUD,1.601294,104.8,4.1,4.375,DM,True
2025-04-30,AUD,1.564934,103.71,4.1,4.375,DM,True
2025-05-31,AUD,1.55631,105.13,3.85,4.375,DM,True
2025-06-30,AUD,1.531399,105.56,3.85,4.375,DM,True
2025-07-31,AUD,1.551808,106.23,3.85,4.375,DM,True
2025-08-31,AUD,1.532424,106.14,3.6,4.375,DM,True
2025-09-30,AUD,1.512648,107.43,3.6,4.125,DM,True
2025-10-31,AUD,1.529514,107.17,3.6,3.875,DM,True
2025-11-30,AUD,1.532163,107.25,3.6,3.875,DM,True
2025-12-31,AUD,1.496255,108.81,3.6,3.625,DM,True
2026-01-31,AUD,1.426378,111.08,3.6,3.625,DM,True
2026-02-28,AUD,1.4072,114.45,3.85,3.625,DM,True
2026-03-31,AUD,1.451818,115.54,4.1,3.625,DM,True
2026-04-30,AUD,1.398992,115.52,4.1,3.625,DM,True
2026-05-31,AUD,1.394538,117.11,4.35,3.625,DM,True
2026-06-30,AUD,1.451992,115.92,4.35,3.625,DM,True
2026-07-31,AUD,1.424902,,4.35,3.625,DM,True
1995-01-31,BRL,0.841,157.76,46.14,5.5,EM,True
1995-02-28,BRL,0.851,158.83,56.28,6,EM,True
1995-03-31,BRL,0.9,149.11,65.73,6,EM,True
1995-04-30,BRL,0.913,146.48,85.43,6,EM,True
1995-05-31,BRL,0.908,152.1,60.94,6,EM,True
1995-06-30,BRL,0.921,152.06,60.8,6,EM,True
1995-07-31,BRL,0.9353,152.99,60.4,5.75,EM,True
1995-08-31,BRL,0.95,154.98,50.87,5.75,EM,True
1995-09-30,BRL,0.9531,155.72,50.37,5.75,EM,True
1995-10-31,BRL,0.962,155.39,42.99,5.75,EM,True
1995-11-30,BRL,0.9661,157.7,41.91,5.75,EM,True
1995-12-31,BRL,0.9706,159.93,40.25,5.5,EM,True
1996-01-31,BRL,0.9782,161.19,33.93,5.25,EM,True
1996-02-29,BRL,0.985,161.44,34.38,5.25,EM,True
1996-03-31,BRL,0.988,160.86,29.84,5.25,EM,True
1996-04-30,BRL,0.9925,162.33,25.97,5.25,EM,True
1996-05-31,BRL,0.9981,163.75,28.75,5.25,EM,True
1996-06-30,BRL,1.006,164.72,24.4,5.25,EM,True
1996-07-31,BRL,1.0107,164.91,22.9,5.25,EM,True
1996-08-31,BRL,1.0165,163.41,24.06,5.25,EM,True
1996-09-30,BRL,1.0211,163.1,25.05,5.25,EM,True
1996-10-31,BRL,1.0275,162.94,22.95,5.25,EM,True
1996-11-30,BRL,1.0331,161.78,24.9,5.25,EM,True
1996-12-31,BRL,1.0393,162.61,23,5.25,EM,True
1997-01-31,BRL,1.0457,164.95,21.3,5.25,EM,True
1997-02-28,BRL,1.0512,166.96,25.92,5.25,EM,True
1997-03-31,BRL,1.0595,167.3,23.76,5.5,EM,True
1997-04-30,BRL,1.0635,168.25,20.7,5.5,EM,True
1997-05-31,BRL,1.0709,166.75,21.84,5.5,EM,True
1997-06-30,BRL,1.0767,166.44,20.7,5.5,EM,True
1997-07-31,BRL,1.083,167.4,18.74,5.5,EM,True
1997-08-31,BRL,1.0915,168.14,20.7,5.5,EM,True
1997-09-30,BRL,1.0958,166.32,19.67,5.5,EM,True
1997-10-31,BRL,1.1027,165.15,38.98,5.5,EM,True
1997-11-30,BRL,1.1093,164.97,46.02,5.5,EM,True
1997-12-31,BRL,1.1165,168.75,38.74,5.5,EM,True
1998-01-31,BRL,1.1235,171.47,34.5,5.5,EM,True
1998-02-28,BRL,1.1303,169.47,34.5,5.5,EM,True
1998-03-31,BRL,1.137,168.67,28,5.5,EM,True
1998-04-30,BRL,1.1438,167.15,23.25,5.5,EM,True
1998-05-31,BRL,1.1502,166.69,21.75,5.5,EM,True
1998-06-30,BRL,1.1565,167.18,21,5.5,EM,True
1998-07-31,BRL,1.1632,166.07,19.75,5.5,EM,True
1998-08-31,BRL,1.177,164.38,19.75,5.5,EM,True
1998-09-30,BRL,1.1855,159.9,19,5.25,EM,True
1998-10-31,BRL,1.1919,155.31,19,5,EM,True
1998-11-30,BRL,1.201,155.28,19,4.75,EM,True
1998-12-31,BRL,1.2085,153.48,29,4.75,EM,True
1999-01-31,BRL,2.07,123.12,25,4.75,EM,True
1999-02-28,BRL,2.09,98.78,25,4.75,EM,True
1999-03-31,BRL,1.72,101.96,42,4.75,EM,True
1999-04-30,BRL,1.6625,114.6,32,4.75,EM,True
1999-05-31,BRL,1.734,116.38,23.5,4.75,EM,True
1999-06-30,BRL,1.77,111.94,21,5,EM,True
1999-07-31,BRL,1.79,110.95,19.5,5,EM,True
1999-08-31,BRL,1.925,105.38,19.5,5.25,EM,True
1999-09-30,BRL,1.921,104.66,19,5.25,EM,True
1999-10-31,BRL,1.953,101.38,19,5.25,EM,True
1999-11-30,BRL,1.923,105.23,19,5.5,EM,True
1999-12-31,BRL,1.809,111.18,19,5.5,EM,True
2000-01-31,BRL,1.813502196,113.85,19,5.5,EM,True
2000-02-29,BRL,1.770949146,115.87,19,5.75,EM,True
2000-03-31,BRL,1.759551973,119.26,18.5,6,EM,True
2000-04-30,BRL,1.805503577,118.76,18.5,6,EM,True
2000-05-31,BRL,1.831022251,116.87,18.5,6.5,EM,True
2000-06-30,BRL,1.813520301,116.23,17.5,6.5,EM,True
2000-07-31,BRL,1.786541166,119.1,16.5,6.5,EM,True
2000-08-31,BRL,1.823489782,121.39,16.5,6.5,EM,True
2000-09-30,BRL,1.841528808,120.62,16.5,6.5,EM,True
2000-10-31,BRL,1.909468932,118.99,16.5,6.5,EM,True
2000-11-30,BRL,1.962459696,115.38,16.5,6.5,EM,True
2000-12-31,BRL,1.950456744,113.56,15.75,6.5,EM,True
2001-01-31,BRL,1.971483913,113.53,15.25,5.5,EM,True
2001-02-28,BRL,2.035467128,111.65,15.25,5.5,EM,True
2001-03-31,BRL,2.152513587,108.18,15.75,5,EM,True
2001-04-30,BRL,2.202456061,104.06,16.25,4.5,EM,True
2001-05-31,BRL,2.341273585,100.18,16.75,4,EM,True
2001-06-30,BRL,2.313443396,97.64,18.25,3.75,EM,True
2001-07-31,BRL,2.426499143,95.79,19,3.75,EM,True
2001-08-31,BRL,2.531011138,93.32,19,3.5,EM,True
2001-09-30,BRL,2.67221553,87.57,19,3,EM,True
2001-10-31,BRL,2.716545012,86.38,19,2.5,EM,True
2001-11-30,BRL,2.541469993,94,19,2,EM,True
2001-12-31,BRL,2.322137751,102.05,19,1.75,EM,True
2002-01-31,BRL,2.419011231,102.39,19,1.75,EM,True
2002-02-28,BRL,2.336955265,106.66,18.75,1.75,EM,True
2002-03-31,BRL,2.325538744,111.23,18.5,1.75,EM,True
2002-04-30,BRL,2.362455595,113.17,18.5,1.75,EM,True
2002-05-31,BRL,2.51198466,105.43,18.5,1.75,EM,True
2002-06-30,BRL,2.822957393,95.96,18.5,1.75,EM,True
2002-07-31,BRL,3.344986201,88.62,18,1.75,EM,True
2002-08-31,BRL,3.054001831,83.76,18,1.75,EM,True
2002-09-30,BRL,3.952535497,79.04,18,1.75,EM,True
2002-10-31,BRL,3.665957015,70.12,21,1.75,EM,True
2002-11-30,BRL,3.629495316,75.62,22,1.25,EM,True
2002-12-31,BRL,3.540001907,75.55,25,1.25,EM,True
2003-01-31,BRL,3.536982249,79.82,25.5,1.25,EM,True
2003-02-28,BRL,3.56195511,76.95,26.5,1.25,EM,True
2003-03-31,BRL,3.38751721,80.15,26.5,1.25,EM,True
2003-04-30,BRL,2.885544875,88.77,26.5,1.25,EM,True
2003-05-31,BRL,2.941211301,92.18,26.5,1.25,EM,True
2003-06-30,BRL,2.878270762,94.08,26,1,EM,True
2003-07-31,BRL,2.977999647,95.32,24.5,1,EM,True
2003-08-31,BRL,2.963027363,92.4,22,1,EM,True
2003-09-30,BRL,2.929282527,94.76,20,1,EM,True
2003-10-31,BRL,2.844777147,95.11,19,1,EM,True
2003-11-30,BRL,2.94172086,93.77,17.5,1,EM,True
2003-12-31,BRL,2.905621536,92.25,16.5,1,EM,True
2004-01-31,BRL,2.96495478,93.78,16.5,1,EM,True
2004-02-29,BRL,2.922773393,91.54,16.5,1,EM,True
2004-03-31,BRL,2.894224476,93.25,16.25,1,EM,True
2004-04-30,BRL,2.922072487,93.77,16,1,EM,True
2004-05-31,BRL,3.082472536,89.13,16,1,EM,True
2004-06-30,BRL,3.113780337,87.77,16,1.25,EM,True
2004-07-31,BRL,3.041033308,90.8,16,1.25,EM,True
2004-08-31,BRL,2.926678226,92.78,16,1.5,EM,True
2004-09-30,BRL,2.850995245,96.23,16.25,1.75,EM,True
2004-10-31,BRL,2.859150506,96.66,16.75,1.75,EM,True
2004-11-30,BRL,2.739526138,97.51,17.25,2,EM,True
2004-12-31,BRL,2.657734381,99.54,17.75,2.25,EM,True
2005-01-31,BRL,2.633218259,101.36,18.25,2.25,EM,True
2005-02-28,BRL,2.60390737,105.1,18.75,2.5,EM,True
2005-03-31,BRL,2.673711817,100.63,19.25,2.75,EM,True
2005-04-30,BRL,2.533225284,106.77,19.5,2.75,EM,True
2005-05-31,BRL,2.374746574,113.26,19.75,3,EM,True
2005-06-30,BRL,2.355276216,116.44,19.75,3.25,EM,True
2005-07-31,BRL,2.399073844,119.01,19.75,3.25,EM,True
2005-08-31,BRL,2.377684866,118.21,19.75,3.5,EM,True
2005-09-30,BRL,2.2190666,121.07,19.5,3.75,EM,True
2005-10-31,BRL,2.259668968,125.3,19,3.75,EM,True
2005-11-30,BRL,2.211062962,129.77,18.5,4,EM,True
2005-12-31,BRL,2.327879969,125.78,18,4.25,EM,True
2006-01-31,BRL,2.205561974,125.18,17.25,4.5,EM,True
2006-02-28,BRL,2.137347368,132.42,17.25,4.5,EM,True
2006-03-31,BRL,2.18010575,132.88,16.5,4.75,EM,True
2006-04-30,BRL,2.097311957,132.7,15.75,4.75,EM,True
2006-05-31,BRL,2.283649363,127.62,15.75,5,EM,True
2006-06-30,BRL,2.187996539,124.09,15.25,5.25,EM,True
2006-07-31,BRL,2.174042453,127.59,14.75,5.25,EM,True
2006-08-31,BRL,2.134308614,128.54,14.25,5.25,EM,True
2006-09-30,BRL,2.160189573,128.51,14.25,5.25,EM,True
2006-10-31,BRL,2.140201638,130.33,13.75,5.25,EM,True
2006-11-30,BRL,2.162348485,129.05,13.25,5.25,EM,True
2006-12-31,BRL,2.13675019,127.92,13.25,5.25,EM,True
2007-01-31,BRL,2.12930369,129.96,13,5.25,EM,True
2007-02-28,BRL,2.118613277,132.68,13,5.25,EM,True
2007-03-31,BRL,2.03866947,132.09,12.75,5.25,EM,True
2007-04-30,BRL,2.033664094,134.16,12.5,5.25,EM,True
2007-05-31,BRL,1.928789118,136.97,12.5,5.25,EM,True
2007-06-30,BRL,1.922399111,140.91,12,5.25,EM,True
2007-07-31,BRL,1.858247611,143.59,11.5,5.25,EM,True
2007-08-31,BRL,1.958482306,138.61,11.5,5.25,EM,True
2007-09-30,BRL,1.844276747,141.31,11.25,4.75,EM,True
2007-10-31,BRL,1.744583651,147.22,11.25,4.5,EM,True
2007-11-30,BRL,1.772373145,148.2,11.25,4.5,EM,True
2007-12-31,BRL,1.760342368,147.43,11.25,4.25,EM,True
2008-01-31,BRL,1.764694015,147.69,11.25,3,EM,True
2008-02-29,BRL,1.681018,150.43,11.25,3,EM,True
2008-03-31,BRL,1.742600557,149.67,11.25,2.25,EM,True
2008-04-30,BRL,1.700772201,150.27,11.75,2,EM,True
2008-05-31,BRL,1.637283982,154.31,11.75,2,EM,True
2008-06-30,BRL,1.592996701,157.97,12.25,2,EM,True
2008-07-31,BRL,1.564217539,159.93,13,2,EM,True
2008-08-31,BRL,1.633593485,161.95,13,2,EM,True
2008-09-30,BRL,1.92442145,149.11,13.75,2,EM,True
2008-10-31,BRL,2.109116563,128.53,13.75,1,EM,True
2008-11-30,BRL,2.334171447,127.84,13.75,1,EM,True
2008-12-31,BRL,2.330674714,120.61,13.75,0.125,EM,True
2009-01-31,BRL,2.312734082,126.57,12.75,0.125,EM,True
2009-02-28,BRL,2.380022145,128.91,12.75,0.125,EM,True
2009-03-31,BRL,2.311917644,129.59,11.25,0.125,EM,True
2009-04-30,BRL,2.173258004,134.11,10.25,0.125,EM,True
2009-05-31,BRL,2.008795574,141.18,10.25,0.125,EM,True
2009-06-30,BRL,1.943469648,148.38,9.25,0.125,EM,True
2009-07-31,BRL,1.873107936,150.19,8.75,0.125,EM,True
2009-08-31,BRL,1.89805213,156.1,8.75,0.125,EM,True
2009-09-30,BRL,1.779007034,156.74,8.75,0.125,EM,True
2009-10-31,BRL,1.727972973,162.65,8.75,0.125,EM,True
2009-11-30,BRL,1.747387339,163.11,8.75,0.125,EM,True
2009-12-31,BRL,1.743231987,162.21,8.75,0.125,EM,True
2010-01-31,BRL,1.862093656,160.96,8.75,0.125,EM,True
2010-02-28,BRL,1.821591746,158.08,8.75,0.125,EM,True
2010-03-31,BRL,1.783737666,163.18,8.75,0.125,EM,True
2010-04-30,BRL,1.724295907,166.38,9.5,0.125,EM,True
2010-05-31,BRL,1.81547087,165.9,9.5,0.125,EM,True
2010-06-30,BRL,1.799527341,167.88,10.25,0.125,EM,True
2010-07-31,BRL,1.759594719,168.38,10.75,0.125,EM,True
2010-08-31,BRL,1.762381703,167.57,10.75,0.125,EM,True
2010-09-30,BRL,1.699956038,170.29,10.75,0.125,EM,True
2010-10-31,BRL,1.705852638,170.53,10.75,0.125,EM,True
2010-11-30,BRL,1.72126481,169.25,10.75,0.125,EM,True
2010-12-31,BRL,1.659706631,173.1,10.75,0.125,EM,True
2011-01-31,BRL,1.677037686,174.69,11.25,0.125,EM,True
2011-02-28,BRL,1.657655053,174.61,11.25,0.125,EM,True
2011-03-31,BRL,1.623002745,174.51,11.75,0.125,EM,True
2011-04-30,BRL,1.579004038,180.95,12,0.125,EM,True
2011-05-31,BRL,1.582064651,178.2,12,0.125,EM,True
2011-06-30,BRL,1.563758389,180.84,12.25,0.125,EM,True
2011-07-31,BRL,1.573001403,183.34,12.5,0.125,EM,True
2011-08-31,BRL,1.601038062,180.05,12.5,0.125,EM,True
2011-09-30,BRL,1.856402281,168.9,12,0.125,EM,True
2011-10-31,BRL,1.688950789,167.04,11.5,0.125,EM,True
2011-11-30,BRL,1.814055746,167.53,11.5,0.125,EM,True
2011-12-31,BRL,1.867145838,165.14,11,0.125,EM,True
2012-01-31,BRL,1.737477231,170.02,10.5,0.125,EM,True
2012-02-29,BRL,1.701405936,174.88,10.5,0.125,EM,True
2012-03-31,BRL,1.821129081,167.53,9.75,0.125,EM,True
2012-04-30,BRL,1.885878614,162.94,9,0.125,EM,True
2012-05-31,BRL,2.01040071,155.05,8.5,0.125,EM,True
2012-06-30,BRL,2.048292295,151.97,8.5,0.125,EM,True
2012-07-31,BRL,2.044692283,154.58,8,0.125,EM,True
2012-08-31,BRL,2.046150186,153.66,7.5,0.125,EM,True
2012-09-30,BRL,2.028770302,152.12,7.5,0.125,EM,True
2012-10-31,BRL,2.031016701,152.07,7.25,0.125,EM,True
2012-11-30,BRL,2.109271523,151.08,7.25,0.125,EM,True
2012-12-31,BRL,2.049113233,150.2,7.25,0.125,EM,True
2013-01-31,BRL,1.984649446,154.69,7.25,0.125,EM,True
2013-02-28,BRL,1.970523269,159.94,7.25,0.125,EM,True
2013-03-31,BRL,2.007262788,161.32,7.25,0.125,EM,True
2013-04-30,BRL,2.007037944,160.48,7.5,0.125,EM,True
2013-05-31,BRL,2.127018299,158.96,8,0.125,EM,True
2013-06-30,BRL,2.20940367,149.65,8,0.125,EM,True
2013-07-31,BRL,2.284745763,145.04,8.5,0.125,EM,True
2013-08-31,BRL,2.351492255,139.17,9,0.125,EM,True
2013-09-30,BRL,2.251462421,143.29,9,0.125,EM,True
2013-10-31,BRL,2.196466535,148.38,9.5,0.125,EM,True
2013-11-30,BRL,2.320696495,143.51,10,0.125,EM,True
2013-12-31,BRL,2.362120223,141.66,10,0.125,EM,True
2014-01-31,BRL,2.428899083,141.74,10.5,0.125,EM,True
2014-02-28,BRL,2.325345689,143.13,10.75,0.125,EM,True
2014-03-31,BRL,2.268349289,147.21,10.75,0.125,EM,True
2014-04-30,BRL,2.256173285,153.83,11,0.125,EM,True
2014-05-31,BRL,2.227897406,154.9,11,0.125,EM,True
2014-06-30,BRL,2.196661297,154.82,11,0.125,EM,True
2014-07-31,BRL,2.253980118,155.5,11,0.125,EM,True
2014-08-31,BRL,2.244464665,153.68,11,0.125,EM,True
2014-09-30,BRL,2.449415879,151.83,11,0.125,EM,True
2014-10-31,BRL,2.45241137,146.52,11.25,0.125,EM,True
2014-11-30,BRL,2.549947929,143.02,11.25,0.125,EM,True
2014-12-31,BRL,2.652746891,141.37,11.75,0.125,EM,True
2015-01-31,BRL,2.66377709,146.29,12.25,0.125,EM,True
2015-02-28,BRL,2.898487544,138.98,12.25,0.125,EM,True
2015-03-31,BRL,3.249186727,127.75,12.75,0.125,EM,True
2015-04-30,BRL,2.96317432,131.6,13.25,0.125,EM,True
2015-05-31,BRL,3.146946217,130.84,13.25,0.125,EM,True
2015-06-30,BRL,3.101170793,129.74,13.75,0.125,EM,True
2015-07-31,BRL,3.371386888,127.63,14.25,0.125,EM,True
2015-08-31,BRL,3.62648239,118.36,14.25,0.125,EM,True
2015-09-30,BRL,3.999642953,107.54,14.25,0.125,EM,True
2015-10-31,BRL,3.878006717,108.07,14.25,0.125,EM,True
2015-11-30,BRL,3.848095283,113.83,14.25,0.125,EM,True
2015-12-31,BRL,3.9604115,113.51,14.25,0.375,EM,True
2016-01-31,BRL,4.056227106,113.12,14.25,0.375,EM,True
2016-02-29,BRL,3.985488611,115.8,14.25,0.375,EM,True
2016-03-31,BRL,3.616512956,122.65,14.25,0.375,EM,True
2016-04-30,BRL,3.484872402,125.92,14.25,0.375,EM,True
2016-05-31,BRL,3.572709342,127.71,14.25,0.375,EM,True
2016-06-30,BRL,3.233471447,131.72,14.25,0.375,EM,True
2016-07-31,BRL,3.282461981,139.99,14.25,0.375,EM,True
2016-08-31,BRL,3.235357528,142.41,14.25,0.375,EM,True
2016-09-30,BRL,3.244332945,140.74,14.25,0.375,EM,True
2016-10-31,BRL,3.182532432,144.55,14,0.375,EM,True
2016-11-30,BRL,3.396144805,140.38,14,0.375,EM,True
2016-12-31,BRL,3.254435063,141.92,13.75,0.625,EM,True
2017-01-31,BRL,3.118084612,148.56,13,0.625,EM,True
2017-02-28,BRL,3.09615929,151.33,12.25,0.625,EM,True
2017-03-31,BRL,3.161537742,149.74,12.25,0.875,EM,True
2017-04-30,BRL,3.176395242,148.13,11.25,0.875,EM,True
2017-05-31,BRL,3.251492737,144.56,11.25,0.875,EM,True
2017-06-30,BRL,3.294777427,139.36,10.25,1.125,EM,True
2017-07-31,BRL,3.134987635,142.79,9.25,1.125,EM,True
2017-08-31,BRL,3.163636364,143.75,9.25,1.125,EM,True
2017-09-30,BRL,3.187785872,142.94,8.25,1.125,EM,True
2017-10-31,BRL,3.270235436,142.07,7.5,1.125,EM,True
2017-11-30,BRL,3.263397755,139.41,7.5,1.125,EM,True
2017-12-31,BRL,3.312682398,137.45,7,1.375,EM,True
2018-01-31,BRL,3.160311471,139.32,7,1.375,EM,True
2018-02-28,BRL,3.243409203,136.52,6.75,1.375,EM,True
2018-03-31,BRL,3.322619917,135.44,6.5,1.625,EM,True
2018-04-30,BRL,3.471479427,130.53,6.5,1.625,EM,True
2018-05-31,BRL,3.72903667,126.31,6.5,1.625,EM,True
2018-06-30,BRL,3.849373821,124.9,6.5,1.875,EM,True
2018-07-31,BRL,3.733640082,124.56,6.5,1.875,EM,True
2018-08-31,BRL,4.170543301,122.56,6.5,1.875,EM,True
2018-09-30,BRL,4.019955079,118.98,6.5,2.125,EM,True
2018-10-31,BRL,3.705866761,130.44,6.5,2.125,EM,True
2018-11-30,BRL,3.859758782,129.96,6.5,2.125,EM,True
2018-12-31,BRL,3.881222707,126.53,6.5,2.375,EM,True
2019-01-31,BRL,3.659557799,130.39,6.5,2.375,EM,True
2019-02-28,BRL,3.739313245,130.83,6.5,2.375,EM,True
2019-03-31,BRL,3.904316867,127.83,6.5,2.375,EM,True
2019-04-30,BRL,3.926724906,126.6,6.5,2.375,EM,True
2019-05-31,BRL,3.987265716,124.44,6.5,2.375,EM,True
2019-06-30,BRL,3.823462214,128.09,6.5,2.375,EM,True
2019-07-31,BRL,3.782620393,130.19,6.5,2.375,EM,True
2019-08-31,BRL,4.157212758,125.91,6,2.125,EM,True
2019-09-30,BRL,4.159059601,123.03,5.5,1.875,EM,True
2019-10-31,BRL,3.990855299,123.13,5,1.625,EM,True
2019-11-30,BRL,4.230468039,121.37,5,1.625,EM,True
2019-12-31,BRL,4.019672423,123.2,4.5,1.625,EM,True
2020-01-31,BRL,4.266829533,121.58,4.5,1.625,EM,True
2020-02-29,BRL,4.48501412,117.14,4.25,1.625,EM,True
2020-03-31,BRL,5.202719971,105.99,3.75,0.125,EM,True
2020-04-30,BRL,5.384792203,98.83,3.75,0.125,EM,True
2020-05-31,BRL,5.356860632,92.64,3,0.125,EM,True
2020-06-30,BRL,5.457938918,99.13,2.25,0.125,EM,True
2020-07-31,BRL,5.167032411,96.57,2.25,0.125,EM,True
2020-08-31,BRL,5.422026801,92.78,2,0.125,EM,True
2020-09-30,BRL,5.663477964,93.61,2,0.125,EM,True
2020-10-31,BRL,5.779363994,90.32,2,0.125,EM,True
2020-11-30,BRL,5.302086811,93.38,2,0.125,EM,True
2020-12-31,BRL,5.193953223,98.04,2,0.125,EM,True
2021-01-31,BRL,5.485168095,94.03,2,0.125,EM,True
2021-02-28,BRL,5.498226219,93.25,2,0.125,EM,True
2021-03-31,BRL,5.749168443,90.79,2.75,0.125,EM,True
2021-04-30,BRL,5.346548585,92.06,2.75,0.125,EM,True
2021-05-31,BRL,5.234652897,96.17,3.5,0.125,EM,True
2021-06-30,BRL,4.968865702,101.77,4.25,0.125,EM,True
2021-07-31,BRL,5.10604659,101.13,4.25,0.125,EM,True
2021-08-31,BRL,5.187257056,99.91,5.25,0.125,EM,True
2021-09-30,BRL,5.409016323,100.41,6.25,0.125,EM,True
2021-10-31,BRL,5.64173465,96.38,7.75,0.125,EM,True
2021-11-30,BRL,5.611370237,96.95,7.75,0.125,EM,True
2021-12-31,BRL,5.571340279,96.28,9.25,0.125,EM,True
2022-01-31,BRL,5.380960918,98.04,9.25,0.125,EM,True
2022-02-28,BRL,5.163675328,104.57,10.75,0.125,EM,True
2022-03-31,BRL,4.775155391,111.44,11.75,0.375,EM,True
2022-04-30,BRL,4.896394687,117.82,11.75,0.375,EM,True
2022-05-31,BRL,4.75730421,114.58,12.75,0.875,EM,True
2022-06-30,BRL,5.220852989,112.82,13.25,1.625,EM,True
2022-07-31,BRL,5.171504217,106.38,13.25,2.375,EM,True
2022-08-31,BRL,5.1482,110.75,13.75,2.375,EM,True
2022-09-30,BRL,5.3943373,110.44,13.75,3.125,EM,True
2022-10-31,BRL,5.315109946,111.67,13.75,3.125,EM,True
2022-11-30,BRL,5.306765613,109.89,13.75,3.875,EM,True
2022-12-31,BRL,5.286517907,108.92,13.75,4.375,EM,True
2023-01-31,BRL,5.111511123,108.26,13.75,4.375,EM,True
2023-02-28,BRL,5.205763255,110.03,13.75,4.625,EM,True
2023-03-31,BRL,5.072,110.21,13.75,4.875,EM,True
2023-04-30,BRL,4.996994809,114.09,13.75,4.875,EM,True
2023-05-31,BRL,5.081718618,115.96,13.75,5.125,EM,True
2023-06-30,BRL,4.858089453,119.53,13.75,5.125,EM,True
2023-07-31,BRL,4.720221355,120.43,13.75,5.375,EM,True
2023-08-31,BRL,4.884247332,119.57,13.25,5.375,EM,True
2023-09-30,BRL,5.00896734,119.72,12.75,5.375,EM,True
2023-10-31,BRL,5.061022695,117.5,12.75,5.375,EM,True
2023-11-30,BRL,4.938614948,119.77,12.25,5.375,EM,True
2023-12-31,BRL,4.852307692,120.67,11.75,5.375,EM,True
2024-01-31,BRL,4.959767463,121.27,11.75,5.375,EM,True
2024-02-29,BRL,4.992979863,120.38,11.25,5.375,EM,True
2024-03-31,BRL,4.997872537,119.52,10.75,5.375,EM,True
2024-04-30,BRL,5.124836723,117.19,10.75,5.375,EM,True
2024-05-31,BRL,5.198857353,116.72,10.5,5.375,EM,True
2024-06-30,BRL,5.503503036,111.87,10.5,5.375,EM,True
2024-07-31,BRL,5.621906169,108.43,10.5,5.375,EM,True
2024-08-31,BRL,5.60611527,106.53,10.5,5.375,EM,True
2024-09-30,BRL,5.404072883,106.46,10.75,4.875,EM,True
2024-10-31,BRL,5.755835324,106.55,10.75,4.875,EM,True
2024-11-30,BRL,6.093637569,105.34,11.25,4.625,EM,True
2024-12-31,BRL,6.184714602,101.41,12.25,4.375,EM,True
2025-01-31,BRL,5.838256519,103.19,13.25,4.375,EM,True
2025-02-28,BRL,5.831524349,107.99,13.25,4.375,EM,True
2025-03-31,BRL,5.779657883,106.85,14.25,4.375,EM,True
2025-04-30,BRL,5.613206718,106,14.25,4.375,EM,True
2025-05-31,BRL,5.679954141,107.13,14.75,4.375,EM,True
2025-06-30,BRL,5.493515358,108.52,15,4.375,EM,True
2025-07-31,BRL,5.58264896,108.57,15,4.375,EM,True
2025-08-31,BRL,5.425716246,110.4,15,4.375,EM,True
2025-09-30,BRL,5.317434631,112.16,15,4.125,EM,True
2025-10-31,BRL,5.380907045,112.16,15,3.875,EM,True
2025-11-30,BRL,5.339097354,113.55,15,3.875,EM,True
2025-12-31,BRL,5.477787234,110.38,15,3.625,EM,True
2026-01-31,BRL,5.221327293,112.49,15,3.625,EM,True
2026-02-28,BRL,5.155612029,114.34,15,3.625,EM,True
2026-03-31,BRL,5.223951992,115.48,14.75,3.625,EM,True
2026-04-30,BRL,4.981370706,119.19,14.5,3.625,EM,True
2026-05-31,BRL,5.045259361,120.63,14.5,3.625,EM,True
2026-06-30,BRL,5.178427242,118.28,14.25,3.625,EM,True
2026-07-31,BRL,5.058336961,,14.25,3.625,EM,True
1995-01-31,CAD,1.4192,98.47,7.25,5.5,DM,True
1995-02-28,CAD,1.388796,99.16,8.12,6,DM,True
1995-03-31,CAD,1.402297,97.92,8.06,6,DM,True
1995-04-30,CAD,1.362497,98.9,7.97,6,DM,True
1995-05-31,CAD,1.371996,100.14,7.59,6,DM,True
1995-06-30,CAD,1.376996,98.63,7.19,6,DM,True
1995-07-31,CAD,1.370199,100.1,6.56,5.75,DM,True
1995-08-31,CAD,1.342001,100.99,6.25,5.75,DM,True
1995-09-30,CAD,1.347501,101.7,6.19,5.75,DM,True
1995-10-31,CAD,1.336001,101.51,6.19,5.75,DM,True
1995-11-30,CAD,1.356704,101.67,5.94,5.75,DM,True
1995-12-31,CAD,1.362498,100.36,5.78,5.5,DM,True
1996-01-31,CAD,1.383205,100.41,5.56,5.25,DM,True
1996-02-29,CAD,1.371999,99.5,5.19,5.25,DM,True
1996-03-31,CAD,1.363,100.27,5,5.25,DM,True
1996-04-30,CAD,1.361695,100.62,4.75,5.25,DM,True
1996-05-31,CAD,1.371803,100.03,4.75,5.25,DM,True
1996-06-30,CAD,1.365092,100.35,4.75,5.25,DM,True
1996-07-31,CAD,1.374801,99.89,4.5,5.25,DM,True
1996-08-31,CAD,1.367195,99.23,4,5.25,DM,True
1996-09-30,CAD,1.362601,99.37,4,5.25,DM,True
1996-10-31,CAD,1.340396,100.9,3.25,5.25,DM,True
1996-11-30,CAD,1.347706,102.02,3,5.25,DM,True
1996-12-31,CAD,1.370003,100.42,3,5.25,DM,True
1997-01-31,CAD,1.348701,101.64,3,5.25,DM,True
1997-02-28,CAD,1.367797,101.83,3,5.25,DM,True
1997-03-31,CAD,1.376,100.75,3,5.5,DM,True
1997-04-30,CAD,1.396299,98.96,3,5.5,DM,True
1997-05-31,CAD,1.3828,99.73,3,5.5,DM,True
1997-06-30,CAD,1.378799,99.35,3.25,5.5,DM,True
1997-07-31,CAD,1.380097,100.21,3.25,5.5,DM,True
1997-08-31,CAD,1.387607,99.8,3.25,5.5,DM,True
1997-09-30,CAD,1.381303,99.76,3.25,5.5,DM,True
1997-10-31,CAD,1.405401,99.67,3.5,5.5,DM,True
1997-11-30,CAD,1.420995,98.15,3.75,5.5,DM,True
1997-12-31,CAD,1.433206,98.29,4.25,5.5,DM,True
1998-01-31,CAD,1.464697,98.54,4.75,5.5,DM,True
1998-02-28,CAD,1.422807,98.31,4.75,5.5,DM,True
1998-03-31,CAD,1.423498,99.42,4.75,5.5,DM,True
1998-04-30,CAD,1.434802,98.09,4.75,5.5,DM,True
1998-05-31,CAD,1.453097,97.35,4.75,5.5,DM,True
1998-06-30,CAD,1.466493,96.64,4.75,5.5,DM,True
1998-07-31,CAD,1.504593,95.29,4.75,5.5,DM,True
1998-08-31,CAD,1.5615,92.56,5.75,5.5,DM,True
1998-09-30,CAD,1.523997,92.2,5.5,5.25,DM,True
1998-10-31,CAD,1.550001,90.05,5.25,5,DM,True
1998-11-30,CAD,1.535999,90.25,5,4.75,DM,True
1998-12-31,CAD,1.548001,89.58,5,4.75,DM,True
1999-01-31,CAD,1.516163,90.91,5,4.75,DM,True
1999-02-28,CAD,1.514249,92.76,5,4.75,DM,True
1999-03-31,CAD,1.509123,92.12,4.75,4.75,DM,True
1999-04-30,CAD,1.464471,93.72,4.75,4.75,DM,True
1999-05-31,CAD,1.473891,95.83,4.5,4.75,DM,True
1999-06-30,CAD,1.47773,95.7,4.5,5,DM,True
1999-07-31,CAD,1.505424,94.49,4.5,5,DM,True
1999-08-31,CAD,1.489927,93.66,4.5,5.25,DM,True
1999-09-30,CAD,1.467604,94.3,4.5,5.25,DM,True
1999-10-31,CAD,1.475079,94.12,4.5,5.25,DM,True
1999-11-30,CAD,1.472517,94.79,4.75,5.5,DM,True
1999-12-31,CAD,1.454111,94.36,4.75,5.5,DM,True
2000-01-31,CAD,1.449801,95.55,4.75,5.5,DM,True
2000-02-29,CAD,1.451204,95.98,5,5.75,DM,True
2000-03-31,CAD,1.452842,95.52,5.25,6,DM,True
2000-04-30,CAD,1.481233,94.83,5.25,6,DM,True
2000-05-31,CAD,1.502956,94.05,5.75,6.5,DM,True
2000-06-30,CAD,1.481478,95.08,5.75,6.5,DM,True
2000-07-31,CAD,1.482419,95.25,5.75,6.5,DM,True
2000-08-31,CAD,1.475522,95.04,5.75,6.5,DM,True
2000-09-30,CAD,1.505762,95.2,5.75,6.5,DM,True
2000-10-31,CAD,1.531068,93.94,5.75,6.5,DM,True
2000-11-30,CAD,1.540189,92.4,5.75,6.5,DM,True
2000-12-31,CAD,1.500806,93.29,5.75,6.5,DM,True
2001-01-31,CAD,1.50156,93.79,5.5,5.5,DM,True
2001-02-28,CAD,1.530169,92.93,5.5,5.5,DM,True
2001-03-31,CAD,1.574275,91.3,5,5,DM,True
2001-04-30,CAD,1.543488,91.85,4.75,4.5,DM,True
2001-05-31,CAD,1.550236,93.3,4.5,4,DM,True
2001-06-30,CAD,1.52441,94.55,4.5,3.75,DM,True
2001-07-31,CAD,1.529298,94.44,4.25,3.75,DM,True
2001-08-31,CAD,1.544333,93.13,4,3.5,DM,True
2001-09-30,CAD,1.579017,91.3,3.5,3,DM,True
2001-10-31,CAD,1.586706,90.91,2.75,2.5,DM,True
2001-11-30,CAD,1.579793,89.02,2.25,2,DM,True
2001-12-31,CAD,1.597299,90.43,2.25,1.75,DM,True
2002-01-31,CAD,1.582957,89.42,2,1.75,DM,True
2002-02-28,CAD,1.605132,90.14,2,1.75,DM,True
2002-03-31,CAD,1.595942,90.69,2,1.75,DM,True
2002-04-30,CAD,1.568162,91,2.25,1.75,DM,True
2002-05-31,CAD,1.532119,92.57,2.25,1.75,DM,True
2002-06-30,CAD,1.504261,93.42,2.5,1.75,DM,True
2002-07-31,CAD,1.576715,92.51,2.75,1.75,DM,True
2002-08-31,CAD,1.55751,91.5,2.75,1.75,DM,True
2002-09-30,CAD,1.578702,91.12,2.75,1.75,DM,True
2002-10-31,CAD,1.5662,91.24,2.75,1.75,DM,True
2002-11-30,CAD,1.570061,91.45,2.75,1.25,DM,True
2002-12-31,CAD,1.578144,91.73,2.75,1.25,DM,True
2003-01-31,CAD,1.53125,92.73,2.75,1.25,DM,True
2003-02-28,CAD,1.492116,94.62,2.75,1.25,DM,True
2003-03-31,CAD,1.47196,96.85,3,1.25,DM,True
2003-04-30,CAD,1.440841,97.04,3.25,1.25,DM,True
2003-05-31,CAD,1.371511,101.68,3.25,1.25,DM,True
2003-06-30,CAD,1.356962,103.81,3.25,1,DM,True
2003-07-31,CAD,1.401926,102.24,3,1,DM,True
2003-08-31,CAD,1.396815,101.29,3,1,DM,True
2003-09-30,CAD,1.348867,103.14,2.75,1,DM,True
2003-10-31,CAD,1.316985,105.32,2.75,1,DM,True
2003-11-30,CAD,1.296648,106.67,2.75,1,DM,True
2003-12-31,CAD,1.285352,106.07,2.75,1,DM,True
2004-01-31,CAD,1.334222,106.49,2.5,1,DM,True
2004-02-29,CAD,1.349493,103.5,2.5,1,DM,True
2004-03-31,CAD,1.307183,103.76,2.25,1,DM,True
2004-04-30,CAD,1.371307,103.05,2,1,DM,True
2004-05-31,CAD,1.361781,101.16,2,1,DM,True
2004-06-30,CAD,1.34455,102.15,2,1.25,DM,True
2004-07-31,CAD,1.322452,104.81,2,1.25,DM,True
2004-08-31,CAD,1.317645,105.24,2,1.5,DM,True
2004-09-30,CAD,1.268434,107.06,2.25,1.75,DM,True
2004-10-31,CAD,1.220539,109.92,2.5,1.75,DM,True
2004-11-30,CAD,1.187288,114.19,2.5,2,DM,True
2004-12-31,CAD,1.205198,111.45,2.5,2.25,DM,True
2005-01-31,CAD,1.240276,110.91,2.5,2.25,DM,True
2005-02-28,CAD,1.232556,109.33,2.5,2.5,DM,True
2005-03-31,CAD,1.2139,111.18,2.5,2.75,DM,True
2005-04-30,CAD,1.249595,109.6,2.5,2.75,DM,True
2005-05-31,CAD,1.259509,108.14,2.5,3,DM,True
2005-06-30,CAD,1.23222,110.22,2.5,3.25,DM,True
2005-07-31,CAD,1.228479,112.02,2.5,3.25,DM,True
2005-08-31,CAD,1.192982,113.09,2.5,3.5,DM,True
2005-09-30,CAD,1.167829,115.64,2.75,3.75,DM,True
2005-10-31,CAD,1.177826,115.58,3,3.75,DM,True
2005-11-30,CAD,1.167559,115.79,3,4,DM,True
2005-12-31,CAD,1.163431,117.77,3.25,4.25,DM,True
2006-01-31,CAD,1.144578,117.39,3.5,4.5,DM,True
2006-02-28,CAD,1.139537,118.02,3.5,4.5,DM,True
2006-03-31,CAD,1.163582,117.42,3.75,4.75,DM,True
2006-04-30,CAD,1.124432,118.22,4,4.75,DM,True
2006-05-31,CAD,1.096285,121.15,4.25,5,DM,True
2006-06-30,CAD,1.111618,121.01,4.25,5.25,DM,True
2006-07-31,CAD,1.123678,119.2,4.25,5.25,DM,True
2006-08-31,CAD,1.107307,119.77,4.25,5.25,DM,True
2006-09-30,CAD,1.116588,119.83,4.25,5.25,DM,True
2006-10-31,CAD,1.128781,118.74,4.25,5.25,DM,True
2006-11-30,CAD,1.140379,117.67,4.25,5.25,DM,True
2006-12-31,CAD,1.160289,115.41,4.25,5.25,DM,True
2007-01-31,CAD,1.183032,113.14,4.25,5.25,DM,True
2007-02-28,CAD,1.167133,113.73,4.25,5.25,DM,True
2007-03-31,CAD,1.153777,113.92,4.25,5.25,DM,True
2007-04-30,CAD,1.116281,116.78,4.25,5.25,DM,True
2007-05-31,CAD,1.069501,120.87,4.25,5.25,DM,True
2007-06-30,CAD,1.054795,123.91,4.25,5.25,DM,True
2007-07-31,CAD,1.060772,124.93,4.5,5.25,DM,True
2007-08-31,CAD,1.054068,123.81,4.5,5.25,DM,True
2007-09-30,CAD,0.99598,126.86,4.5,4.75,DM,True
2007-10-31,CAD,0.953001,132,4.5,4.5,DM,True
2007-11-30,CAD,0.995529,132.34,4.5,4.5,DM,True
2007-12-31,CAD,0.981523,127.33,4.25,4.25,DM,True
2008-01-31,CAD,0.998386,125.17,4,3,DM,True
2008-02-29,CAD,0.982066,125.75,4,3,DM,True
2008-03-31,CAD,1.026183,124.14,3.5,2.25,DM,True
2008-04-30,CAD,1.009588,122.39,3,2,DM,True
2008-05-31,CAD,0.991875,125.03,3,2,DM,True
2008-06-30,CAD,1.011292,122.7,3,2,DM,True
2008-07-31,CAD,1.022997,122.52,3,2,DM,True
2008-08-31,CAD,1.052596,119.07,3,2,DM,True
2008-09-30,CAD,1.046004,119.86,3,2,DM,True
2008-10-31,CAD,1.229207,109.65,2.25,1,DM,True
2008-11-30,CAD,1.239491,108.04,2.25,1,DM,True
2008-12-31,CAD,1.221384,105.97,1.5,0.125,DM,True
2009-01-31,CAD,1.240247,106.46,1,0.125,DM,True
2009-02-28,CAD,1.264236,106.14,1,0.125,DM,True
2009-03-31,CAD,1.253757,104.91,0.5,0.125,DM,True
2009-04-30,CAD,1.189153,106.65,0.25,0.125,DM,True
2009-05-31,CAD,1.099518,113.13,0.25,0.125,DM,True
2009-06-30,CAD,1.151479,115.16,0.25,0.125,DM,True
2009-07-31,CAD,1.077522,114.82,0.25,0.125,DM,True
2009-08-31,CAD,1.106572,117.76,0.25,0.125,DM,True
2009-09-30,CAD,1.072799,117.87,0.25,0.125,DM,True
2009-10-31,CAD,1.077838,120.14,0.25,0.125,DM,True
2009-11-30,CAD,1.057179,119.64,0.25,0.125,DM,True
2009-12-31,CAD,1.050118,120.15,0.25,0.125,DM,True
2010-01-31,CAD,1.068595,121.62,0.25,0.125,DM,True
2010-02-28,CAD,1.057775,121.03,0.25,0.125,DM,True
2010-03-31,CAD,1.015431,124.35,0.25,0.125,DM,True
2010-04-30,CAD,1.004807,126.8,0.25,0.125,DM,True
2010-05-31,CAD,1.047696,124.23,0.25,0.125,DM,True
2010-06-30,CAD,1.050444,124.89,0.5,0.125,DM,True
2010-07-31,CAD,1.032699,123.79,0.75,0.125,DM,True
2010-08-31,CAD,1.063801,123.27,0.75,0.125,DM,True
2010-09-30,CAD,1.03114,123.44,1,0.125,DM,True
2010-10-31,CAD,1.021145,123.96,1,0.125,DM,True
2010-11-30,CAD,1.023696,124.71,1,0.125,DM,True
2010-12-31,CAD,0.997006,125.45,1,0.125,DM,True
2011-01-31,CAD,0.999051,126.48,1,0.125,DM,True
2011-02-28,CAD,0.978387,126.4,1,0.125,DM,True
2011-03-31,CAD,0.970296,127.85,1,0.125,DM,True
2011-04-30,CAD,0.948991,129.25,1,0.125,DM,True
2011-05-31,CAD,0.972193,128.24,1,0.125,DM,True
2011-06-30,CAD,0.965267,126.11,1,0.125,DM,True
2011-07-31,CAD,0.950631,128.83,1,0.125,DM,True
2011-08-31,CAD,0.978616,125.53,1,0.125,DM,True
2011-09-30,CAD,1.044583,124.35,1,0.125,DM,True
2011-10-31,CAD,0.994929,122.75,1,0.125,DM,True
2011-11-30,CAD,1.019377,122.55,1,0.125,DM,True
2011-12-31,CAD,1.021331,122.64,1,0.125,DM,True
2012-01-31,CAD,0.996812,123.74,1,0.125,DM,True
2012-02-29,CAD,0.988024,124.82,1,0.125,DM,True
2012-03-31,CAD,0.996631,125.38,1,0.125,DM,True
2012-04-30,CAD,0.98267,125.86,1,0.125,DM,True
2012-05-31,CAD,1.028864,124.63,1,0.125,DM,True
2012-06-30,CAD,1.022319,122.87,1,0.125,DM,True
2012-07-31,CAD,1.002279,124.44,1,0.125,DM,True
2012-08-31,CAD,0.990167,126.39,1,0.125,DM,True
2012-09-30,CAD,0.980974,127.02,1,0.125,DM,True
2012-10-31,CAD,1.000924,125.86,1,0.125,DM,True
2012-11-30,CAD,0.993686,124.85,1,0.125,DM,True
2012-12-31,CAD,0.99568,124.67,1,0.125,DM,True
2013-01-31,CAD,1.001993,124.15,1,0.125,DM,True
2013-02-28,CAD,1.025288,122.9,1,0.125,DM,True
2013-03-31,CAD,1.016868,121.47,1,0.125,DM,True
2013-04-30,CAD,1.010786,121.85,1,0.125,DM,True
2013-05-31,CAD,1.032908,121.96,1,0.125,DM,True
2013-06-30,CAD,1.048471,120.79,1,0.125,DM,True
2013-07-31,CAD,1.02968,119.91,1,0.125,DM,True
2013-08-31,CAD,1.052966,119.55,1,0.125,DM,True
2013-09-30,CAD,1.030137,119.99,1,0.125,DM,True
2013-10-31,CAD,1.044718,119.1,1,0.125,DM,True
2013-11-30,CAD,1.057527,118.15,1,0.125,DM,True
2013-12-31,CAD,1.06381,115.94,1,0.125,DM,True
2014-01-31,CAD,1.119488,113.25,1,0.125,DM,True
2014-02-28,CAD,1.111779,112.42,1,0.125,DM,True
2014-03-31,CAD,1.104221,111.99,1,0.125,DM,True
2014-04-30,CAD,1.096823,113.17,1,0.125,DM,True
2014-05-31,CAD,1.083633,114.45,1,0.125,DM,True
2014-06-30,CAD,1.068165,115.13,1,0.125,DM,True
2014-07-31,CAD,1.09201,116.06,1,0.125,DM,True
2014-08-31,CAD,1.085381,114.31,1,0.125,DM,True
2014-09-30,CAD,1.117222,114.07,1,0.125,DM,True
2014-10-31,CAD,1.127435,112.65,1,0.125,DM,True
2014-11-30,CAD,1.13971,112.13,1,0.125,DM,True
2014-12-31,CAD,1.158307,110.64,1,0.125,DM,True
2015-01-31,CAD,1.266962,106.89,0.75,0.125,DM,True
2015-02-28,CAD,1.245107,103.92,0.75,0.125,DM,True
2015-03-31,CAD,1.276884,104.22,0.75,0.125,DM,True
2015-04-30,CAD,1.201962,105.81,0.75,0.125,DM,True
2015-05-31,CAD,1.244303,107.36,0.75,0.125,DM,True
2015-06-30,CAD,1.23684,105.99,0.75,0.125,DM,True
2015-07-31,CAD,1.304824,102.54,0.5,0.125,DM,True
2015-08-31,CAD,1.325279,100.87,0.5,0.125,DM,True
2015-09-30,CAD,1.341962,100.03,0.5,0.125,DM,True
2015-10-31,CAD,1.317509,101.27,0.5,0.125,DM,True
2015-11-30,CAD,1.336894,100.49,0.5,0.125,DM,True
2015-12-31,CAD,1.388445,97.2,0.5,0.375,DM,True
2016-01-31,CAD,1.406868,94.71,0.5,0.375,DM,True
2016-02-29,CAD,1.356264,97.03,0.5,0.375,DM,True
2016-03-31,CAD,1.29451,100.9,0.5,0.375,DM,True
2016-04-30,CAD,1.252828,103.45,0.5,0.375,DM,True
2016-05-31,CAD,1.302672,103.31,0.5,0.375,DM,True
2016-06-30,CAD,1.295622,103.87,0.5,0.375,DM,True
2016-07-31,CAD,1.317646,102.97,0.5,0.375,DM,True
2016-08-31,CAD,1.310007,102.7,0.5,0.375,DM,True
2016-09-30,CAD,1.31619,101.91,0.5,0.375,DM,True
2016-10-31,CAD,1.339759,101.29,0.5,0.375,DM,True
2016-11-30,CAD,1.338317,100.43,0.5,0.375,DM,True
2016-12-31,CAD,1.345982,101.67,0.5,0.625,DM,True
2017-01-31,CAD,1.306927,103.1,0.5,0.625,DM,True
2017-02-28,CAD,1.319619,103.27,0.5,0.625,DM,True
2017-03-31,CAD,1.3343,100.85,0.5,0.875,DM,True
2017-04-30,CAD,1.364501,100.36,0.5,0.875,DM,True
2017-05-31,CAD,1.346404,98.7,0.5,0.875,DM,True
2017-06-30,CAD,1.295566,100.25,0.5,1.125,DM,True
2017-07-31,CAD,1.247122,104.45,0.75,1.125,DM,True
2017-08-31,CAD,1.265962,104.49,0.75,1.125,DM,True
2017-09-30,CAD,1.244028,106.62,1,1.125,DM,True
2017-10-31,CAD,1.289225,104.78,1,1.125,DM,True
2017-11-30,CAD,1.288463,103.66,1,1.125,DM,True
2017-12-31,CAD,1.253981,102.94,1,1.375,DM,True
2018-01-31,CAD,1.227422,104.97,1.25,1.375,DM,True
2018-02-28,CAD,1.277878,103.32,1.25,1.375,DM,True
2018-03-31,CAD,1.290074,100.78,1.25,1.625,DM,True
2018-04-30,CAD,1.286696,102.38,1.25,1.625,DM,True
2018-05-31,CAD,1.285409,102.35,1.25,1.625,DM,True
2018-06-30,CAD,1.324584,101,1.25,1.875,DM,True
2018-07-31,CAD,1.303511,101.73,1.5,1.875,DM,True
2018-08-31,CAD,1.303922,102.71,1.5,1.875,DM,True
2018-09-30,CAD,1.301313,102.08,1.5,2.125,DM,True
2018-10-31,CAD,1.312599,102.87,1.75,2.125,DM,True
2018-11-30,CAD,1.330751,101.57,1.75,2.125,DM,True
2018-12-31,CAD,1.362882,99.66,1.75,2.375,DM,True
2019-01-31,CAD,1.315198,100,1.75,2.375,DM,True
2019-02-28,CAD,1.317624,101,1.75,2.375,DM,True
2019-03-31,CAD,1.335113,100.17,1.75,2.375,DM,True
2019-04-30,CAD,1.343822,100.17,1.75,2.375,DM,True
2019-05-31,CAD,1.355484,100.31,1.75,2.375,DM,True
2019-06-30,CAD,1.308699,101.23,1.75,2.375,DM,True
2019-07-31,CAD,1.31486,103.05,1.75,2.375,DM,True
2019-08-31,CAD,1.328199,102.23,1.75,2.125,DM,True
2019-09-30,CAD,1.324823,101.95,1.75,1.875,DM,True
2019-10-31,CAD,1.315492,102.13,1.75,1.625,DM,True
2019-11-30,CAD,1.330723,101.37,1.75,1.625,DM,True
2019-12-31,CAD,1.299448,101.65,1.75,1.625,DM,True
2020-01-31,CAD,1.323471,102,1.75,1.625,DM,True
2020-02-29,CAD,1.344356,101.1,1.75,1.625,DM,True
2020-03-31,CAD,1.425429,97.09,0.25,0.125,DM,True
2020-04-30,CAD,1.386263,97.03,0.25,0.125,DM,True
2020-05-31,CAD,1.372126,97.93,0.25,0.125,DM,True
2020-06-30,CAD,1.368459,100.39,0.25,0.125,DM,True
2020-07-31,CAD,1.34183,99.88,0.25,0.125,DM,True
2020-08-31,CAD,1.306616,100.81,0.25,0.125,DM,True
2020-09-30,CAD,1.338914,100.39,0.25,0.125,DM,True
2020-10-31,CAD,1.3298,100.49,0.25,0.125,DM,True
2020-11-30,CAD,1.295159,101.11,0.25,0.125,DM,True
2020-12-31,CAD,1.273979,101.78,0.25,0.125,DM,True
2021-01-31,CAD,1.27884,102.38,0.25,0.125,DM,True
2021-02-28,CAD,1.26483,102.74,0.25,0.125,DM,True
2021-03-31,CAD,1.260725,104.51,0.25,0.125,DM,True
2021-04-30,CAD,1.227777,104.98,0.25,0.125,DM,True
2021-05-31,CAD,1.207032,107.71,0.25,0.125,DM,True
2021-06-30,CAD,1.238808,106.79,0.25,0.125,DM,True
2021-07-31,CAD,1.243882,104.96,0.25,0.125,DM,True
2021-08-31,CAD,1.258746,104.44,0.25,0.125,DM,True
2021-09-30,CAD,1.273858,103.72,0.25,0.125,DM,True
2021-10-31,CAD,1.235122,105.9,0.25,0.125,DM,True
2021-11-30,CAD,1.277656,104.97,0.25,0.125,DM,True
2021-12-31,CAD,1.270793,102.88,0.25,0.125,DM,True
2022-01-31,CAD,1.275816,104.37,0.25,0.125,DM,True
2022-02-28,CAD,1.273685,103.65,0.25,0.125,DM,True
2022-03-31,CAD,1.251779,105.18,0.5,0.375,DM,True
2022-04-30,CAD,1.273814,106.08,1,0.375,DM,True
2022-05-31,CAD,1.266965,106.26,1,0.875,DM,True
2022-06-30,CAD,1.292481,106.38,1.5,1.625,DM,True
2022-07-31,CAD,1.284566,106.19,2.5,2.375,DM,True
2022-08-31,CAD,1.3111,106.09,2.5,2.375,DM,True
2022-09-30,CAD,1.374744,103.87,3.25,3.125,DM,True
2022-10-31,CAD,1.367057,101.92,3.75,3.125,DM,True
2022-11-30,CAD,1.351291,103.1,3.75,3.875,DM,True
2022-12-31,CAD,1.353835,100.23,4.25,4.375,DM,True
2023-01-31,CAD,1.344964,100.15,4.5,4.375,DM,True
2023-02-28,CAD,1.357096,100.28,4.5,4.625,DM,True
2023-03-31,CAD,1.355126,98.95,4.5,4.875,DM,True
2023-04-30,CAD,1.364266,100.29,4.5,4.875,DM,True
2023-05-31,CAD,1.364972,100.72,4.5,5.125,DM,True
2023-06-30,CAD,1.326615,102.7,4.75,5.125,DM,True
2023-07-31,CAD,1.321419,103.31,5,5.375,DM,True
2023-08-31,CAD,1.354527,101.86,5,5.375,DM,True
2023-09-30,CAD,1.34293,101.72,5,5.375,DM,True
2023-10-31,CAD,1.385441,101,5,5.375,DM,True
2023-11-30,CAD,1.360351,100.35,5,5.375,DM,True
2023-12-31,CAD,1.325068,101.57,5,5.375,DM,True
2024-01-31,CAD,1.343361,101.45,5,5.375,DM,True
2024-02-29,CAD,1.359597,100.77,5,5.375,DM,True
2024-03-31,CAD,1.357136,100.62,5,5.375,DM,True
2024-04-30,CAD,1.368912,100.47,5,5.375,DM,True
2024-05-31,CAD,1.364173,100.72,5,5.375,DM,True
2024-06-30,CAD,1.370388,100.84,4.75,5.375,DM,True
2024-07-31,CAD,1.383173,100.87,4.5,5.375,DM,True
2024-08-31,CAD,1.347614,100.26,4.5,5.375,DM,True
2024-09-30,CAD,1.351643,100.28,4.25,4.875,DM,True
2024-10-31,CAD,1.390737,99.56,3.75,4.875,DM,True
2024-11-30,CAD,1.400871,99.1,3.75,4.625,DM,True
2024-12-31,CAD,1.43883,97.14,3.25,4.375,DM,True
2025-01-31,CAD,1.446647,96.2,3,4.375,DM,True
2025-02-28,CAD,1.442609,97.1,3,4.375,DM,True
2025-03-31,CAD,1.436246,96.22,2.75,4.375,DM,True
2025-04-30,CAD,1.382924,97.89,2.75,4.375,DM,True
2025-05-31,CAD,1.380721,98.49,2.75,4.375,DM,True
2025-06-30,CAD,1.367491,99.12,2.75,4.375,DM,True
2025-07-31,CAD,1.383715,98.89,2.75,4.375,DM,True
2025-08-31,CAD,1.375107,97.96,2.75,4.375,DM,True
2025-09-30,CAD,1.392215,97.35,2.5,4.125,DM,True
2025-10-31,CAD,1.402718,96.59,2.25,3.875,DM,True
2025-11-30,CAD,1.401522,96.52,2.25,3.875,DM,True
2025-12-31,CAD,1.369191,97.56,2.25,3.625,DM,True
2026-01-31,CAD,1.352462,97.24,2.25,3.625,DM,True
2026-02-28,CAD,1.367133,97.56,2.25,3.625,DM,True
2026-03-31,CAD,1.39346,98.04,2.25,3.625,DM,True
2026-04-30,CAD,1.366775,96.97,2.25,3.625,DM,True
2026-05-31,CAD,1.380453,97.74,2.25,3.625,DM,True
2026-06-30,CAD,1.423556,95.71,2.25,3.625,DM,True
2026-07-31,CAD,1.404092,,2.25,3.625,DM,True
1995-01-31,CHF,1.271997,96.07,3.5,5.5,DM,True
1995-02-28,CHF,1.240499,96.84,3.5,6,DM,True
1995-03-31,CHF,1.140696,101.32,3,6,DM,True
1995-04-30,CHF,1.142499,102.19,3,6,DM,True
1995-05-31,CHF,1.143496,100.12,3,6,DM,True
1995-06-30,CHF,1.151494,100.27,3,6,DM,True
1995-07-31,CHF,1.144702,99.87,2.5,5.75,DM,True
1995-08-31,CHF,1.202205,99.12,2.5,5.75,DM,True
1995-09-30,CHF,1.147497,100.5,2,5.75,DM,True
1995-10-31,CHF,1.1394,102.34,2,5.75,DM,True
1995-11-30,CHF,1.166602,102.48,2,5.75,DM,True
1995-12-31,CHF,1.151099,101.6,1.5,5.5,DM,True
1996-01-31,CHF,1.216104,101.18,1.5,5.25,DM,True
1996-02-29,CHF,1.202095,99.78,1.5,5.25,DM,True
1996-03-31,CHF,1.190097,99.83,1.5,5.25,DM,True
1996-04-30,CHF,1.238796,98.53,1.5,5.25,DM,True
1996-05-31,CHF,1.259999,96.03,1.5,5.25,DM,True
1996-06-30,CHF,1.252492,95.75,1.5,5.25,DM,True
1996-07-31,CHF,1.188506,96.68,1.5,5.25,DM,True
1996-08-31,CHF,1.202694,98.68,1.5,5.25,DM,True
1996-09-30,CHF,1.257807,96.78,1,5.25,DM,True
1996-10-31,CHF,1.257301,95.24,1,5.25,DM,True
1996-11-30,CHF,1.298307,92.65,1,5.25,DM,True
1996-12-31,CHF,1.349803,90.14,1,5.25,DM,True
1997-01-31,CHF,1.418705,87.76,1,5.25,DM,True
1997-02-28,CHF,1.477694,86.43,1,5.25,DM,True
1997-03-31,CHF,1.453005,86.41,1,5.5,DM,True
1997-04-30,CHF,1.4682,86.76,1,5.5,DM,True
1997-05-31,CHF,1.412407,87.76,1,5.5,DM,True
1997-06-30,CHF,1.459302,87.4,1,5.5,DM,True
1997-07-31,CHF,1.507497,86.62,1,5.5,DM,True
1997-08-31,CHF,1.485807,86.87,1,5.5,DM,True
1997-09-30,CHF,1.4531,87.98,1,5.5,DM,True
1997-10-31,CHF,1.397998,88.23,1,5.5,DM,True
1997-11-30,CHF,1.425499,90.27,1,5.5,DM,True
1997-12-31,CHF,1.454008,90.64,1,5.5,DM,True
1998-01-31,CHF,1.468998,90.2,1,5.5,DM,True
1998-02-28,CHF,1.469009,90.25,1,5.5,DM,True
1998-03-31,CHF,1.521,88.56,1,5.5,DM,True
1998-04-30,CHF,1.498501,87.01,1,5.5,DM,True
1998-05-31,CHF,1.4815,87.76,1,5.5,DM,True
1998-06-30,CHF,1.518496,87.76,1,5.5,DM,True
1998-07-31,CHF,1.491993,86.76,1,5.5,DM,True
1998-08-31,CHF,1.454,88.28,1,5.5,DM,True
1998-09-30,CHF,1.385997,91.16,1,5.25,DM,True
1998-10-31,CHF,1.346501,92.75,1,5,DM,True
1998-11-30,CHF,1.401502,90.68,1,4.75,DM,True
1998-12-31,CHF,1.377999,91.82,1,4.75,DM,True
1999-01-31,CHF,1.416286,91.07,1,4.75,DM,True
1999-02-28,CHF,1.442186,90.8,1,4.75,DM,True
1999-03-31,CHF,1.487712,90.03,1,4.75,DM,True
1999-04-30,CHF,1.520525,88.82,0.5,4.75,DM,True
1999-05-31,CHF,1.52477,88.2,0.5,4.75,DM,True
1999-06-30,CHF,1.552479,87.83,0.5,5,DM,True
1999-07-31,CHF,1.493922,87.21,0.5,5,DM,True
1999-08-31,CHF,1.513005,88.28,0.5,5.25,DM,True
1999-09-30,CHF,1.49714,87.53,0.5,5.25,DM,True
1999-10-31,CHF,1.533531,88.34,0.5,5.25,DM,True
1999-11-30,CHF,1.586709,86.37,0.5,5.5,DM,True
1999-12-31,CHF,1.59775,85.78,0.5,5.5,DM,True
2000-01-31,CHF,1.643448,85.35,1.75,5.5,DM,True
2000-02-29,CHF,1.654005,84.86,2.25,5.75,DM,True
2000-03-31,CHF,1.665131,83.96,3,6,DM,True
2000-04-30,CHF,1.729224,84.91,3,6,DM,True
2000-05-31,CHF,1.689348,84.8,3,6.5,DM,True
2000-06-30,CHF,1.629971,86.09,3.5,6.5,DM,True
2000-07-31,CHF,1.674456,86.37,3.5,6.5,DM,True
2000-08-31,CHF,1.740175,84.79,3.5,6.5,DM,True
2000-09-30,CHF,1.738734,84.91,3.5,6.5,DM,True
2000-10-31,CHF,1.807057,85.19,3.5,6.5,DM,True
2000-11-30,CHF,1.738254,85.22,3.5,6.5,DM,True
2000-12-31,CHF,1.636969,87.15,3.5,6.5,DM,True
2001-01-31,CHF,1.646616,88.08,3.5,5.5,DM,True
2001-02-28,CHF,1.666955,86.9,3.5,5.5,DM,True
2001-03-31,CHF,1.729053,86.74,3.25,5,DM,True
2001-04-30,CHF,1.731185,86.55,3.25,4.5,DM,True
2001-05-31,CHF,1.79316,85.51,3.25,4,DM,True
2001-06-30,CHF,1.795755,85.52,3.25,3.75,DM,True
2001-07-31,CHF,1.724957,86.58,3.25,3.75,DM,True
2001-08-31,CHF,1.655929,87.38,3.25,3.5,DM,True
2001-09-30,CHF,1.616581,88.96,2.25,3,DM,True
2001-10-31,CHF,1.623756,89.55,2.25,2.5,DM,True
2001-11-30,CHF,1.654754,89.79,2.25,2,DM,True
2001-12-31,CHF,1.682628,89.32,1.75,1.75,DM,True
2002-01-31,CHF,1.707537,89.1,1.75,1.75,DM,True
2002-02-28,CHF,1.706046,88.35,1.75,1.75,DM,True
2002-03-31,CHF,1.681568,88.65,1.75,1.75,DM,True
2002-04-30,CHF,1.623113,89.35,1.75,1.75,DM,True
2002-05-31,CHF,1.56003,90.8,1.25,1.75,DM,True
2002-06-30,CHF,1.475789,91.04,1.25,1.75,DM,True
2002-07-31,CHF,1.486865,92.21,0.75,1.75,DM,True
2002-08-31,CHF,1.494356,91.72,0.75,1.75,DM,True
2002-09-30,CHF,1.481846,91.67,0.75,1.75,DM,True
2002-10-31,CHF,1.483475,92.22,0.75,1.75,DM,True
2002-11-30,CHF,1.48625,92.23,0.75,1.25,DM,True
2002-12-31,CHF,1.384953,92.33,0.75,1.25,DM,True
2003-01-31,CHF,1.357064,93.92,0.75,1.25,DM,True
2003-02-28,CHF,1.356798,93.86,0.75,1.25,DM,True
2003-03-31,CHF,1.355117,93.85,0.375,1.25,DM,True
2003-04-30,CHF,1.359357,92.25,0.375,1.25,DM,True
2003-05-31,CHF,1.292252,92.72,0.375,1.25,DM,True
2003-06-30,CHF,1.360287,91.31,0.375,1,DM,True
2003-07-31,CHF,1.366319,89.56,0.375,1,DM,True
2003-08-31,CHF,1.406516,89.48,0.375,1,DM,True
2003-09-30,CHF,1.322005,88.79,0.375,1,DM,True
2003-10-31,CHF,1.334194,89.96,0.375,1,DM,True
2003-11-30,CHF,1.290979,89.18,0.375,1,DM,True
2003-12-31,CHF,1.233492,90.6,0.375,1,DM,True
2004-01-31,CHF,1.261789,90.17,0.375,1,DM,True
2004-02-29,CHF,1.270736,89.49,0.375,1,DM,True
2004-03-31,CHF,1.275687,88.71,0.375,1,DM,True
2004-04-30,CHF,1.298318,89.02,0.375,1,DM,True
2004-05-31,CHF,1.252336,90.34,0.375,1,DM,True
2004-06-30,CHF,1.25397,91.76,0.5,1.25,DM,True
2004-07-31,CHF,1.280339,90.63,0.5,1.25,DM,True
2004-08-31,CHF,1.273883,90.01,0.5,1.5,DM,True
2004-09-30,CHF,1.251027,89.69,0.75,1.75,DM,True
2004-10-31,CHF,1.201146,90.73,0.75,1.75,DM,True
2004-11-30,CHF,1.136818,92.81,0.75,2,DM,True
2004-12-31,CHF,1.132736,92.2,0.75,2.25,DM,True
2005-01-31,CHF,1.187035,90.68,0.75,2.25,DM,True
2005-02-28,CHF,1.161047,89.88,0.75,2.5,DM,True
2005-03-31,CHF,1.194539,90.07,0.75,2.75,DM,True
2005-04-30,CHF,1.18654,90.08,0.75,2.75,DM,True
2005-05-31,CHF,1.246614,89.41,0.75,3,DM,True
2005-06-30,CHF,1.281757,88.24,0.75,3.25,DM,True
2005-07-31,CHF,1.290581,86.62,0.75,3.25,DM,True
2005-08-31,CHF,1.26947,87.14,0.75,3.5,DM,True
2005-09-30,CHF,1.292227,87.04,0.75,3.75,DM,True
2005-10-31,CHF,1.285453,87.34,0.75,3.75,DM,True
2005-11-30,CHF,1.315745,87.06,0.75,4,DM,True
2005-12-31,CHF,1.318216,86.66,1,4.25,DM,True
2006-01-31,CHF,1.282967,86.73,1,4.5,DM,True
2006-02-28,CHF,1.318821,85.83,1,4.5,DM,True
2006-03-31,CHF,1.305436,85.09,1.25,4.75,DM,True
2006-04-30,CHF,1.25333,85.46,1.25,4.75,DM,True
2006-05-31,CHF,1.21231,87.23,1.25,5,DM,True
2006-06-30,CHF,1.232754,87.11,1.5,5.25,DM,True
2006-07-31,CHF,1.230751,86.1,1.5,5.25,DM,True
2006-08-31,CHF,1.225663,85.67,1.5,5.25,DM,True
2006-09-30,CHF,1.254423,84.98,1.75,5.25,DM,True
2006-10-31,CHF,1.251339,84.67,1.75,5.25,DM,True
2006-11-30,CHF,1.205758,84.79,1.75,5.25,DM,True
2006-12-31,CHF,1.220121,84.77,2,5.25,DM,True
2007-01-31,CHF,1.25166,83.01,2,5.25,DM,True
2007-02-28,CHF,1.221406,82.72,2,5.25,DM,True
2007-03-31,CHF,1.219928,83.09,2.25,5.25,DM,True
2007-04-30,CHF,1.209702,82.65,2.25,5.25,DM,True
2007-05-31,CHF,1.224783,81.85,2.25,5.25,DM,True
2007-06-30,CHF,1.225694,81.44,2.5,5.25,DM,True
2007-07-31,CHF,1.205151,81.2,2.5,5.25,DM,True
2007-08-31,CHF,1.200365,81.8,2.5,5.25,DM,True
2007-09-30,CHF,1.170816,81.51,2.75,4.75,DM,True
2007-10-31,CHF,1.160241,81.02,2.75,4.5,DM,True
2007-11-30,CHF,1.120588,82.73,2.75,4.5,DM,True
2007-12-31,CHF,1.12404,82.03,2.75,4.25,DM,True
2008-01-31,CHF,1.079422,83.91,2.75,3,DM,True
2008-02-29,CHF,1.04734,84.09,2.75,3,DM,True
2008-03-31,CHF,0.99532,87.12,2.75,2.25,DM,True
2008-04-30,CHF,1.03906,86.58,2.75,2,DM,True
2008-05-31,CHF,1.049523,84.88,2.75,2,DM,True
2008-06-30,CHF,1.018523,85.15,2.75,2,DM,True
2008-07-31,CHF,1.047595,84.58,2.75,2,DM,True
2008-08-31,CHF,1.09698,83.13,2.75,2,DM,True
2008-09-30,CHF,1.102846,83.75,2.75,2,DM,True
2008-10-31,CHF,1.151211,87.09,2.5,1,DM,True
2008-11-30,CHF,1.214347,86.41,1,1,DM,True
2008-12-31,CHF,1.06704,86.96,0.5,0.125,DM,True
2009-01-31,CHF,1.160346,89.1,0.5,0.125,DM,True
2009-02-28,CHF,1.173758,88.64,0.5,0.125,DM,True
2009-03-31,CHF,1.138563,88.1,0.375,0.125,DM,True
2009-04-30,CHF,1.134915,87.89,0.375,0.125,DM,True
2009-05-31,CHF,1.07306,88.46,0.375,0.125,DM,True
2009-06-30,CHF,1.08002,88.82,0.375,0.125,DM,True
2009-07-31,CHF,1.083392,88.16,0.375,0.125,DM,True
2009-08-31,CHF,1.06278,87.95,0.375,0.125,DM,True
2009-09-30,CHF,1.029707,88.86,0.375,0.125,DM,True
2009-10-31,CHF,1.021824,89.69,0.375,0.125,DM,True
2009-11-30,CHF,1.003195,89.94,0.375,0.125,DM,True
2009-12-31,CHF,1.029849,89.44,0.375,0.125,DM,True
2010-01-31,CHF,1.049835,90.11,0.375,0.125,DM,True
2010-02-28,CHF,1.078703,89.17,0.375,0.125,DM,True
2010-03-31,CHF,1.059129,89.42,0.375,0.125,DM,True
2010-04-30,CHF,1.077056,90.11,0.375,0.125,DM,True
2010-05-31,CHF,1.156253,89.12,0.375,0.125,DM,True
2010-06-30,CHF,1.082471,90.45,0.375,0.125,DM,True
2010-07-31,CHF,1.039377,93.23,0.375,0.125,DM,True
2010-08-31,CHF,1.02011,93.28,0.375,0.125,DM,True
2010-09-30,CHF,0.973549,95.52,0.375,0.125,DM,True
2010-10-31,CHF,0.989247,94.86,0.375,0.125,DM,True
2010-11-30,CHF,0.999385,94.37,0.375,0.125,DM,True
2010-12-31,CHF,0.935788,97.44,0.375,0.125,DM,True
2011-01-31,CHF,0.941499,97.49,0.375,0.125,DM,True
2011-02-28,CHF,0.928148,96.62,0.375,0.125,DM,True
2011-03-31,CHF,0.915394,98.17,0.375,0.125,DM,True
2011-04-30,CHF,0.865882,97.9,0.375,0.125,DM,True
2011-05-31,CHF,0.853319,100.79,0.375,0.125,DM,True
2011-06-30,CHF,0.83519,104.43,0.375,0.125,DM,True
2011-07-31,CHF,0.800701,106.1,0.375,0.125,DM,True
2011-08-31,CHF,0.807612,111.23,0.125,0.125,DM,True
2011-09-30,CHF,0.901281,102.49,0.125,0.125,DM,True
2011-10-31,CHF,0.870724,99.86,0.125,0.125,DM,True
2011-11-30,CHF,0.914071,99.18,0.125,0.125,DM,True
2011-12-31,CHF,0.939485,98.01,0.125,0.125,DM,True
2012-01-31,CHF,0.91439,97.87,0.125,0.125,DM,True
2012-02-29,CHF,0.896452,98.53,0.125,0.125,DM,True
2012-03-31,CHF,0.901842,98.55,0.125,0.125,DM,True
2012-04-30,CHF,0.90949,98.44,0.125,0.125,DM,True
2012-05-31,CHF,0.968314,97.77,0.125,0.125,DM,True
2012-06-30,CHF,0.95552,97.17,0.125,0.125,DM,True
2012-07-31,CHF,0.97802,95.86,0.125,0.125,DM,True
2012-08-31,CHF,0.952264,95.55,0.125,0.125,DM,True
2012-09-30,CHF,0.935731,95.97,0.125,0.125,DM,True
2012-10-31,CHF,0.929424,96.11,0.125,0.125,DM,True
2012-11-30,CHF,0.92823,95.97,0.125,0.125,DM,True
2012-12-31,CHF,0.914961,96.07,0.125,0.125,DM,True
2013-01-31,CHF,0.910849,95.42,0.125,0.125,DM,True
2013-02-28,CHF,0.929926,95.72,0.125,0.125,DM,True
2013-03-31,CHF,0.952362,94.66,0.125,0.125,DM,True
2013-04-30,CHF,0.9362,95.36,0.125,0.125,DM,True
2013-05-31,CHF,0.953867,93.76,0.125,0.125,DM,True
2013-06-30,CHF,0.943272,95.44,0.125,0.125,DM,True
2013-07-31,CHF,0.927834,94.87,0.125,0.125,DM,True
2013-08-31,CHF,0.93011,95.63,0.125,0.125,DM,True
2013-09-30,CHF,0.90522,95.49,0.125,0.125,DM,True
2013-10-31,CHF,0.904113,96.11,0.125,0.125,DM,True
2013-11-30,CHF,0.903534,96.02,0.125,0.125,DM,True
2013-12-31,CHF,0.890146,96.97,0.125,0.125,DM,True
2014-01-31,CHF,0.904114,96.46,0.125,0.125,DM,True
2014-02-28,CHF,0.879823,97.2,0.125,0.125,DM,True
2014-03-31,CHF,0.884392,97.95,0.125,0.125,DM,True
2014-04-30,CHF,0.880866,97.5,0.125,0.125,DM,True
2014-05-31,CHF,0.896891,97.21,0.125,0.125,DM,True
2014-06-30,CHF,0.890028,96.73,0.125,0.125,DM,True
2014-07-31,CHF,0.90956,96.56,0.125,0.125,DM,True
2014-08-31,CHF,0.914544,96.24,0.125,0.125,DM,True
2014-09-30,CHF,0.958674,95.38,0.125,0.125,DM,True
2014-10-31,CHF,0.96351,94.9,0.125,0.125,DM,True
2014-11-30,CHF,0.962749,95.36,0.125,0.125,DM,True
2014-12-31,CHF,0.990363,95.15,-0.25,0.125,DM,True
2015-01-31,CHF,0.925962,102.37,-0.75,0.125,DM,True
2015-02-28,CHF,0.946263,103.82,-0.75,0.125,DM,True
2015-03-31,CHF,0.972488,101.65,-0.75,0.125,DM,True
2015-04-30,CHF,0.934998,102.8,-0.75,0.125,DM,True
2015-05-31,CHF,0.942662,104.12,-0.75,0.125,DM,True
2015-06-30,CHF,0.930646,104.15,-0.75,0.125,DM,True
2015-07-31,CHF,0.963345,102.69,-0.75,0.125,DM,True
2015-08-31,CHF,0.965225,101.17,-0.75,0.125,DM,True
2015-09-30,CHF,0.974293,100.62,-0.75,0.125,DM,True
2015-10-31,CHF,0.98938,100.65,-0.75,0.125,DM,True
2015-11-30,CHF,1.030627,99.37,-0.75,0.125,DM,True
2015-12-31,CHF,0.995224,100.06,-0.75,0.375,DM,True
2016-01-31,CHF,1.020513,100.01,-0.75,0.375,DM,True
2016-02-29,CHF,1.002388,99.88,-0.75,0.375,DM,True
2016-03-31,CHF,0.960123,99.93,-0.75,0.375,DM,True
2016-04-30,CHF,0.963255,100.45,-0.75,0.375,DM,True
2016-05-31,CHF,0.990138,99.3,-0.75,0.375,DM,True
2016-06-30,CHF,0.978833,100.49,-0.75,0.375,DM,True
2016-07-31,CHF,0.973904,100.18,-0.75,0.375,DM,True
2016-08-31,CHF,0.98428,100.19,-0.75,0.375,DM,True
2016-09-30,CHF,0.974465,99.73,-0.75,0.375,DM,True
2016-10-31,CHF,0.988489,99.6,-0.75,0.375,DM,True
2016-11-30,CHF,1.015797,100.41,-0.75,0.375,DM,True
2016-12-31,CHF,1.018784,99.42,-0.75,0.625,DM,True
2017-01-31,CHF,0.991911,100.14,-0.75,0.625,DM,True
2017-02-28,CHF,1.004813,100.44,-0.75,0.625,DM,True
2017-03-31,CHF,1.000468,100.04,-0.75,0.875,DM,True
2017-04-30,CHF,0.990942,99.56,-0.75,0.875,DM,True
2017-05-31,CHF,0.971036,99.45,-0.75,0.875,DM,True
2017-06-30,CHF,0.957764,100.06,-0.75,1.125,DM,True
2017-07-31,CHF,0.968619,99.27,-0.75,1.125,DM,True
2017-08-31,CHF,0.967949,96.96,-0.75,1.125,DM,True
2017-09-30,CHF,0.970439,96.3,-0.75,1.125,DM,True
2017-10-31,CHF,0.998625,95.36,-0.75,1.125,DM,True
2017-11-30,CHF,0.987341,94.49,-0.75,1.125,DM,True
2017-12-31,CHF,0.975736,93.98,-0.75,1.375,DM,True
2018-01-31,CHF,0.933692,94.41,-0.75,1.375,DM,True
2018-02-28,CHF,0.94318,96.14,-0.75,1.375,DM,True
2018-03-31,CHF,0.95601,94.96,-0.75,1.625,DM,True
2018-04-30,CHF,0.99081,93.22,-0.75,1.625,DM,True
2018-05-31,CHF,0.985212,93.06,-0.75,1.625,DM,True
2018-06-30,CHF,0.992366,94.66,-0.75,1.875,DM,True
2018-07-31,CHF,0.98773,94.62,-0.75,1.875,DM,True
2018-08-31,CHF,0.968243,96.15,-0.75,1.875,DM,True
2018-09-30,CHF,0.97754,97.59,-0.75,2.125,DM,True
2018-10-31,CHF,1.007157,95.8,-0.75,2.125,DM,True
2018-11-30,CHF,0.998327,95.73,-0.75,2.125,DM,True
2018-12-31,CHF,0.984192,96.31,-0.75,2.375,DM,True
2019-01-31,CHF,0.993123,96.13,-0.75,2.375,DM,True
2019-02-28,CHF,0.992905,95.05,-0.75,2.375,DM,True
2019-03-31,CHF,0.995194,95.35,-0.75,2.375,DM,True
2019-04-30,CHF,1.019522,94.73,-0.75,2.375,DM,True
2019-05-31,CHF,1.00565,95.27,-0.75,2.375,DM,True
2019-06-30,CHF,0.975835,96.7,-0.75,2.375,DM,True
2019-07-31,CHF,0.990135,96.68,-0.75,2.375,DM,True
2019-08-31,CHF,0.988492,98.47,-0.75,2.125,DM,True
2019-09-30,CHF,0.996143,97.58,-0.75,1.875,DM,True
2019-10-31,CHF,0.986821,96.43,-0.75,1.625,DM,True
2019-11-30,CHF,1.001457,96.12,-0.75,1.625,DM,True
2019-12-31,CHF,0.966174,96.53,-0.75,1.625,DM,True
2020-01-31,CHF,0.967608,97.54,-0.75,1.625,DM,True
2020-02-29,CHF,0.966931,98.09,-0.75,1.625,DM,True
2020-03-31,CHF,0.966137,100.76,-0.75,0.125,DM,True
2020-04-30,CHF,0.970761,100.9,-0.75,0.125,DM,True
2020-05-31,CHF,0.962644,100.85,-0.75,0.125,DM,True
2020-06-30,CHF,0.951152,100,-0.75,0.125,DM,True
2020-07-31,CHF,0.90893,100.3,-0.75,0.125,DM,True
2020-08-31,CHF,0.902345,100.9,-0.75,0.125,DM,True
2020-09-30,CHF,0.922788,100.5,-0.75,0.125,DM,True
2020-10-31,CHF,0.914515,100.73,-0.75,0.125,DM,True
2020-11-30,CHF,0.904758,99.72,-0.75,0.125,DM,True
2020-12-31,CHF,0.880287,99.71,-0.75,0.125,DM,True
2021-01-31,CHF,0.88975,99.26,-0.75,0.125,DM,True
2021-02-28,CHF,0.906361,97.93,-0.75,0.125,DM,True
2021-03-31,CHF,0.944136,95.9,-0.75,0.125,DM,True
2021-04-30,CHF,0.91028,96.25,-0.75,0.125,DM,True
2021-05-31,CHF,0.90009,97.03,-0.75,0.125,DM,True
2021-06-30,CHF,0.923931,96.69,-0.75,0.125,DM,True
2021-07-31,CHF,0.905811,96.82,-0.75,0.125,DM,True
2021-08-31,CHF,0.91254,97.36,-0.75,0.125,DM,True
2021-09-30,CHF,0.935314,96.08,-0.75,0.125,DM,True
2021-10-31,CHF,0.911207,96.56,-0.75,0.125,DM,True
2021-11-30,CHF,0.917891,97.49,-0.75,0.125,DM,True
2021-12-31,CHF,0.912149,98.02,-0.75,0.125,DM,True
2022-01-31,CHF,0.932592,97.24,-0.75,0.125,DM,True
2022-02-28,CHF,0.92294,96.51,-0.75,0.125,DM,True
2022-03-31,CHF,0.924872,97.21,-0.75,0.375,DM,True
2022-04-30,CHF,0.970493,96.24,-0.75,0.375,DM,True
2022-05-31,CHF,0.959675,94.92,-0.75,0.875,DM,True
2022-06-30,CHF,0.958891,95.88,-0.25,1.625,DM,True
2022-07-31,CHF,0.955481,98.01,-0.25,2.375,DM,True
2022-08-31,CHF,0.9796,99.55,-0.25,2.375,DM,True
2022-09-30,CHF,0.980817,99.24,0.5,3.125,DM,True
2022-10-31,CHF,1.00111,97.36,0.5,3.125,DM,True
2022-11-30,CHF,0.949692,97.57,0.5,3.875,DM,True
2022-12-31,CHF,0.923214,97.91,1,4.375,DM,True
2023-01-31,CHF,0.926059,97.12,1,4.375,DM,True
2023-02-28,CHF,0.936717,97.76,1,4.625,DM,True
2023-03-31,CHF,0.916598,97.55,1.5,4.875,DM,True
2023-04-30,CHF,0.896002,98.51,1.5,4.875,DM,True
2023-05-31,CHF,0.910231,99.56,1.5,5.125,DM,True
2023-06-30,CHF,0.900791,99.79,1.75,5.125,DM,True
2023-07-31,CHF,0.87263,101.48,1.75,5.375,DM,True
2023-08-31,CHF,0.881855,101.93,1.75,5.375,DM,True
2023-09-30,CHF,0.912686,101.03,1.75,5.375,DM,True
2023-10-31,CHF,0.904699,101.29,1.75,5.375,DM,True
2023-11-30,CHF,0.87476,100.77,1.75,5.375,DM,True
2023-12-31,CHF,0.838009,102.6,1.75,5.375,DM,True
2024-01-31,CHF,0.8626,103.73,1.75,5.375,DM,True
2024-02-29,CHF,0.880658,102.39,1.75,5.375,DM,True
2024-03-31,CHF,0.903339,100.37,1.5,5.375,DM,True
2024-04-30,CHF,0.913137,99.07,1.5,5.375,DM,True
2024-05-31,CHF,0.904718,98.55,1.5,5.375,DM,True
2024-06-30,CHF,0.899953,100.54,1.25,5.375,DM,True
2024-07-31,CHF,0.880403,99.78,1.25,5.375,DM,True
2024-08-31,CHF,0.849283,102.08,1.25,5.375,DM,True
2024-09-30,CHF,0.843069,102.06,1,4.875,DM,True
2024-10-31,CHF,0.864915,101.57,1,4.875,DM,True
2024-11-30,CHF,0.881367,101.45,1,4.625,DM,True
2024-12-31,CHF,0.905958,100.86,0.5,4.375,DM,True
2025-01-31,CHF,0.90917,99.6,0.5,4.375,DM,True
2025-02-28,CHF,0.902315,99.51,0.5,4.375,DM,True
2025-03-31,CHF,0.881276,99.22,0.25,4.375,DM,True
2025-04-30,CHF,0.825552,102.58,0.25,4.375,DM,True
2025-05-31,CHF,0.823794,102.34,0.25,4.375,DM,True
2025-06-30,CHF,0.797526,102.72,0,4.375,DM,True
2025-07-31,CHF,0.812249,103.68,0,4.375,DM,True
2025-08-31,CHF,0.803225,102.7,0,4.375,DM,True
2025-09-30,CHF,0.797547,102.97,0,4.125,DM,True
2025-10-31,CHF,0.803791,102.88,0,3.875,DM,True
2025-11-30,CHF,0.805637,102.65,0,3.875,DM,True
2025-12-31,CHF,0.792681,102.36,0,3.625,DM,True
2026-01-31,CHF,0.768269,102.79,0,3.625,DM,True
2026-02-28,CHF,0.771199,104.27,0,3.625,DM,True
2026-03-31,CHF,0.799617,103.8,0,3.625,DM,True
2026-04-30,CHF,0.785336,102.21,0,3.625,DM,True
2026-05-31,CHF,0.782463,102.67,0,3.625,DM,True
2026-06-30,CHF,0.809549,101.69,0,3.625,DM,True
2026-07-31,CHF,0.8101,,0,3.625,DM,True
1995-01-31,CLP,409.87,115.56,,5.5,EM,True
1995-02-28,CLP,410.73,113.16,,6,EM,True
1995-03-31,CLP,405.22,112.38,,6,EM,True
1995-04-30,CLP,388.2,114.91,,6,EM,True
1995-05-31,CLP,376.34,120.52,,6,EM,True
1995-06-30,CLP,374.48,122.05,,6,EM,True
1995-07-31,CLP,383.93,121.56,,5.75,EM,True
1995-08-31,CLP,395.53,122.7,,5.75,EM,True
1995-09-30,CLP,396.74,121.97,,5.75,EM,True
1995-10-31,CLP,416.08,118.33,,5.75,EM,True
1995-11-30,CLP,414.23,117.18,,5.75,EM,True
1995-12-31,CLP,407.13,118.68,,5.5,EM,True
1996-01-31,CLP,412.76,119.13,,5.25,EM,True
1996-02-29,CLP,412.53,118.59,,5.25,EM,True
1996-03-31,CLP,411.64,118.97,,5.25,EM,True
1996-04-30,CLP,406.81,120.77,,5.25,EM,True
1996-05-31,CLP,407.72,122.44,,5.25,EM,True
1996-06-30,CLP,409.68,122,,5.25,EM,True
1996-07-31,CLP,410.73,121.66,,5.25,EM,True
1996-08-31,CLP,410.79,121.23,,5.25,EM,True
1996-09-30,CLP,412.98,121.71,,5.25,EM,True
1996-10-31,CLP,420.64,121.85,,5.25,EM,True
1996-11-30,CLP,420.63,120.45,,5.25,EM,True
1996-12-31,CLP,424.97,120.82,,5.25,EM,True
1997-01-31,CLP,419.5,121.81,,5.25,EM,True
1997-02-28,CLP,412.51,126.66,7.25,5.25,EM,True
1997-03-31,CLP,414.79,128.33,7.25,5.5,EM,True
1997-04-30,CLP,418.88,127.56,7,5.5,EM,True
1997-05-31,CLP,419.03,126.65,7,5.5,EM,True
1997-06-30,CLP,416.06,127.1,6.75,5.5,EM,True
1997-07-31,CLP,416.78,129.2,6.75,5.5,EM,True
1997-08-31,CLP,414.73,131.75,6.75,5.5,EM,True
1997-09-30,CLP,415.2,132.38,6.5,5.5,EM,True
1997-10-31,CLP,420.87,134.04,6.5,5.5,EM,True
1997-11-30,CLP,435.41,132.08,6.5,5.5,EM,True
1997-12-31,CLP,439.81,132.28,6.5,5.5,EM,True
1998-01-31,CLP,451.8,130.99,7,5.5,EM,True
1998-02-28,CLP,452.67,130.81,8.5,5.5,EM,True
1998-03-31,CLP,454.18,129.54,8.5,5.5,EM,True
1998-04-30,CLP,452.81,128.82,8.5,5.5,EM,True
1998-05-31,CLP,454.58,129.17,8.5,5.5,EM,True
1998-06-30,CLP,465.22,130.29,8.5,5.5,EM,True
1998-07-31,CLP,465.21,128.32,8.5,5.5,EM,True
1998-08-31,CLP,474.38,127.71,8.5,5.5,EM,True
1998-09-30,CLP,466.38,126.77,14,5.25,EM,True
1998-10-31,CLP,462.49,126.68,12,5,EM,True
1998-11-30,CLP,466.22,127.09,8.5,4.75,EM,True
1998-12-31,CLP,473.77,124.36,7.8,4.75,EM,True
1999-01-31,CLP,483.25,125.13,7.25,4.75,EM,True
1999-02-28,CLP,498.74,124.14,7.25,4.75,EM,True
1999-03-31,CLP,483.83,126.11,7,4.75,EM,True
1999-04-30,CLP,486.3,127.77,6.5,4.75,EM,True
1999-05-31,CLP,493.26,127.33,6,4.75,EM,True
1999-06-30,CLP,518.9,124.3,5,5,EM,True
1999-07-31,CLP,515.97,121.03,5,5,EM,True
1999-08-31,CLP,516.98,121.19,5,5.25,EM,True
1999-09-30,CLP,531.11,118.33,5,5.25,EM,True
1999-10-31,CLP,547.57,115.23,5,5.25,EM,True
1999-11-30,CLP,545.51,114.69,5,5.5,EM,True
1999-12-31,CLP,527.7,115.86,5,5.5,EM,True
2000-01-31,CLP,517.89,119.37,5.25,5.5,EM,True
2000-02-29,CLP,503.98,122.5,5.25,5.75,EM,True
2000-03-31,CLP,501.41,125.2,5.5,6,EM,True
2000-04-30,CLP,515.61,125.46,5.5,6,EM,True
2000-05-31,CLP,524.77,124.92,5.5,6.5,EM,True
2000-06-30,CLP,538.61,121.49,5.5,6.5,EM,True
2000-07-31,CLP,556.38,118.72,5.5,6.5,EM,True
2000-08-31,CLP,562.44,118.17,5,6.5,EM,True
2000-09-30,CLP,565.37,116.54,5,6.5,EM,True
2000-10-31,CLP,571.94,117.93,5,6.5,EM,True
2000-11-30,CLP,580.37,117.39,5,6.5,EM,True
2000-12-31,CLP,572.68,116.35,5,6.5,EM,True
2001-01-31,CLP,563.62,116.47,4.75,5.5,EM,True
2001-02-28,CLP,567.21,118.27,4.5,5.5,EM,True
2001-03-31,CLP,592.91,115,4,5,EM,True
2001-04-30,CLP,599.89,114.26,3.75,4.5,EM,True
2001-05-31,CLP,610.53,113.93,3.75,4,EM,True
2001-06-30,CLP,626.65,112.91,3.5,3.75,EM,True
2001-07-31,CLP,664.38,106.18,3.5,3.75,EM,True
2001-08-31,CLP,660.57,102.73,6.5,3.5,EM,True
2001-09-30,CLP,696.23,102.32,6.5,3,EM,True
2001-10-31,CLP,716.62,99.1,6.5,2.5,EM,True
2001-11-30,CLP,681.9,101.7,6.5,2,EM,True
2001-12-31,CLP,656.2,103.91,6.5,1.75,EM,True
2002-01-31,CLP,678.19,104.41,6,1.75,EM,True
2002-02-28,CLP,675.3,106.67,5.5,1.75,EM,True
2002-03-31,CLP,664.44,109.57,4.75,1.75,EM,True
2002-04-30,CLP,649.09,111.44,4.75,1.75,EM,True
2002-05-31,CLP,654.44,110.61,4,1.75,EM,True
2002-06-30,CLP,697.62,106.95,4,1.75,EM,True
2002-07-31,CLP,700.98,102.96,3.25,1.75,EM,True
2002-08-31,CLP,715.16,103.44,3,1.75,EM,True
2002-09-30,CLP,747.62,101.21,3,1.75,EM,True
2002-10-31,CLP,733.24,101.28,3,1.75,EM,True
2002-11-30,CLP,705.1,103.77,3,1.25,EM,True
2002-12-31,CLP,712.38,103.69,3,1.25,EM,True
2003-01-31,CLP,734.34,98.07,2.75,1.25,EM,True
2003-02-28,CLP,753.54,95.32,2.75,1.25,EM,True
2003-03-31,CLP,727.36,95.84,2.75,1.25,EM,True
2003-04-30,CLP,705.32,97.54,2.75,1.25,EM,True
2003-05-31,CLP,710.12,96.28,2.75,1.25,EM,True
2003-06-30,CLP,697.23,95.22,2.75,1,EM,True
2003-07-31,CLP,705.64,96.88,2.75,1,EM,True
2003-08-31,CLP,699.39,97.72,2.75,1,EM,True
2003-09-30,CLP,665.13,100.74,2.75,1,EM,True
2003-10-31,CLP,628.1,103.1,2.75,1,EM,True
2003-11-30,CLP,624.51,106.17,2.75,1,EM,True
2003-12-31,CLP,599.42,108.15,2.25,1,EM,True
2004-01-31,CLP,596.78,111.46,1.75,1,EM,True
2004-02-29,CLP,594.32,109.28,1.75,1,EM,True
2004-03-31,CLP,623.21,106.55,1.75,1,EM,True
2004-04-30,CLP,624.84,106.21,1.75,1,EM,True
2004-05-31,CLP,632.32,103.18,1.75,1,EM,True
2004-06-30,CLP,636.59,101.82,1.75,1.25,EM,True
2004-07-31,CLP,638.37,103.08,1.75,1.25,EM,True
2004-08-31,CLP,628.95,102.88,1.75,1.5,EM,True
2004-09-30,CLP,606.96,105.24,2,1.75,EM,True
2004-10-31,CLP,615.2,105.72,2,1.75,EM,True
2004-11-30,CLP,588.18,105.51,2.25,2,EM,True
2004-12-31,CLP,559.83,107.03,2.25,2.25,EM,True
2005-01-31,CLP,586.18,107.35,2.5,2.25,EM,True
2005-02-28,CLP,577.52,106.4,2.75,2.5,EM,True
2005-03-31,CLP,586.45,104.11,2.75,2.75,EM,True
2005-04-30,CLP,582.87,106.12,3,2.75,EM,True
2005-05-31,CLP,580.2,106.68,3.25,3,EM,True
2005-06-30,CLP,578.92,107.07,3.25,3.25,EM,True
2005-07-31,CLP,563.44,109.72,3.5,3.25,EM,True
2005-08-31,CLP,545.02,114.37,3.75,3.5,EM,True
2005-09-30,CLP,533.69,116.87,4,3.75,EM,True
2005-10-31,CLP,543.72,118.47,4.25,3.75,EM,True
2005-11-30,CLP,518.96,120.26,4.5,4,EM,True
2005-12-31,CLP,514.21,123.18,4.5,4.25,EM,True
2006-01-31,CLP,524.78,119.06,4.5,4.5,EM,True
2006-02-28,CLP,517.76,118.15,4.75,4.5,EM,True
2006-03-31,CLP,527.7,117.77,4.75,4.75,EM,True
2006-04-30,CLP,518.62,119.52,5,4.75,EM,True
2006-05-31,CLP,531.11,117.07,5,5,EM,True
2006-06-30,CLP,547.31,114.41,5,5.25,EM,True
2006-07-31,CLP,539.41,114.81,5.25,5.25,EM,True
2006-08-31,CLP,537.77,114.64,5.25,5.25,EM,True
2006-09-30,CLP,538.22,114.81,5.25,5.25,EM,True
2006-10-31,CLP,525.99,116.44,5.25,5.25,EM,True
2006-11-30,CLP,529.29,115.73,5.25,5.25,EM,True
2006-12-31,CLP,534.43,114.16,5.25,5.25,EM,True
2007-01-31,CLP,545.18,112.4,5,5.25,EM,True
2007-02-28,CLP,538.42,110.86,5,5.25,EM,True
2007-03-31,CLP,539.37,111.09,5,5.25,EM,True
2007-04-30,CLP,527.08,111.31,5,5.25,EM,True
2007-05-31,CLP,527.52,113.35,5,5.25,EM,True
2007-06-30,CLP,527.46,113.05,5,5.25,EM,True
2007-07-31,CLP,523.08,114.31,5.25,5.25,EM,True
2007-08-31,CLP,524.63,115.38,5.5,5.25,EM,True
2007-09-30,CLP,511.72,116.31,5.75,4.75,EM,True
2007-10-31,CLP,494.64,117.86,5.75,4.5,EM,True
2007-11-30,CLP,508.47,115.12,5.75,4.5,EM,True
2007-12-31,CLP,495.82,117.57,6,4.25,EM,True
2008-01-31,CLP,465.3,120.44,6.25,3,EM,True
2008-02-29,CLP,458.02,122.47,6.25,3,EM,True
2008-03-31,CLP,439.09,127.43,6.25,2.25,EM,True
2008-04-30,CLP,459.16,125.67,6.25,2,EM,True
2008-05-31,CLP,479.66,120.7,6.25,2,EM,True
2008-06-30,CLP,520.14,115.64,6.75,2,EM,True
2008-07-31,CLP,502.78,113.64,7.25,2,EM,True
2008-08-31,CLP,516.47,113.66,7.75,2,EM,True
2008-09-30,CLP,552.47,114.8,8.25,2,EM,True
2008-10-31,CLP,664.96,104.78,8.25,1,EM,True
2008-11-30,CLP,659.43,101.98,8.25,1,EM,True
2008-12-31,CLP,629.11,100.69,8.25,0.125,EM,True
2009-01-31,CLP,612.43,104.08,7.25,0.125,EM,True
2009-02-28,CLP,595.76,108.31,4.75,0.125,EM,True
2009-03-31,CLP,582.1,111.17,2.25,0.125,EM,True
2009-04-30,CLP,588.62,110.71,1.75,0.125,EM,True
2009-05-31,CLP,564.64,111.14,1.25,0.125,EM,True
2009-06-30,CLP,529.07,112.7,0.75,0.125,EM,True
2009-07-31,CLP,541.9,114.54,0.5,0.125,EM,True
2009-08-31,CLP,550.64,111.29,0.5,0.125,EM,True
2009-09-30,CLP,546.07,110.72,0.5,0.125,EM,True
2009-10-31,CLP,531.74,109.86,0.5,0.125,EM,True
2009-11-30,CLP,495.84,116.82,0.5,0.125,EM,True
2009-12-31,CLP,506.43,118.24,0.5,0.125,EM,True
2010-01-31,CLP,531.75,119.17,0.5,0.125,EM,True
2010-02-28,CLP,529.69,113.2,0.5,0.125,EM,True
2010-03-31,CLP,526.29,114.59,0.5,0.125,EM,True
2010-04-30,CLP,520.99,115.24,0.5,0.125,EM,True
2010-05-31,CLP,529.23,115.4,0.5,0.125,EM,True
2010-06-30,CLP,543.09,115.66,1,0.125,EM,True
2010-07-31,CLP,522.36,115.47,1.5,0.125,EM,True
2010-08-31,CLP,499.26,119.25,2,0.125,EM,True
2010-09-30,CLP,485.23,121.88,2.5,0.125,EM,True
2010-10-31,CLP,491.76,121,2.75,0.125,EM,True
2010-11-30,CLP,486.39,121.66,3,0.125,EM,True
2010-12-31,CLP,468.37,124.16,3.25,0.125,EM,True
2011-01-31,CLP,483.32,119.28,3.25,0.125,EM,True
2011-02-28,CLP,475.63,121.43,3.5,0.125,EM,True
2011-03-31,CLP,482.08,119.96,4,0.125,EM,True
2011-04-30,CLP,460.04,120.33,4.5,0.125,EM,True
2011-05-31,CLP,467.31,121.37,5,0.125,EM,True
2011-06-30,CLP,471.13,120.79,5.25,0.125,EM,True
2011-07-31,CLP,455.91,122.1,5.25,0.125,EM,True
2011-08-31,CLP,465.66,120.89,5.25,0.125,EM,True
2011-09-30,CLP,515.14,119.31,5.25,0.125,EM,True
2011-10-31,CLP,492.04,113.78,5.25,0.125,EM,True
2011-11-30,CLP,524.25,115.14,5.25,0.125,EM,True
2011-12-31,CLP,521.46,114.59,5.25,0.125,EM,True
2012-01-31,CLP,488.99,117.6,5,0.125,EM,True
2012-02-29,CLP,477.41,121.03,5,0.125,EM,True
2012-03-31,CLP,489.76,120.43,5,0.125,EM,True
2012-04-30,CLP,483.41,120.43,5,0.125,EM,True
2012-05-31,CLP,517.91,119.58,5,0.125,EM,True
2012-06-30,CLP,509.73,118.66,5,0.125,EM,True
2012-07-31,CLP,482.83,121.97,5,0.125,EM,True
2012-08-31,CLP,481.17,123.92,5,0.125,EM,True
2012-09-30,CLP,470.48,124.51,5,0.125,EM,True
2012-10-31,CLP,480.03,124.41,5,0.125,EM,True
2012-11-30,CLP,479.42,122.97,5,0.125,EM,True
2012-12-31,CLP,478.6,122.88,5,0.125,EM,True
2013-01-31,CLP,471.4,123.78,5,0.125,EM,True
2013-02-28,CLP,473.3,123.43,5,0.125,EM,True
2013-03-31,CLP,472.54,124.78,5,0.125,EM,True
2013-04-30,CLP,471.54,124.06,5,0.125,EM,True
2013-05-31,CLP,492.8,122.55,5,0.125,EM,True
2013-06-30,CLP,503.86,118.09,5,0.125,EM,True
2013-07-31,CLP,514.34,118.59,5,0.125,EM,True
2013-08-31,CLP,511.65,116.72,5,0.125,EM,True
2013-09-30,CLP,502.97,118.31,5,0.125,EM,True
2013-10-31,CLP,508.58,118.13,4.75,0.125,EM,True
2013-11-30,CLP,528.19,115.2,4.5,0.125,EM,True
2013-12-31,CLP,523.76,113.48,4.5,0.125,EM,True
2014-01-31,CLP,547.22,112.47,4.5,0.125,EM,True
2014-02-28,CLP,563.32,109.24,4.25,0.125,EM,True
2014-03-31,CLP,550.53,108.12,4,0.125,EM,True
2014-04-30,CLP,560.56,110.19,4,0.125,EM,True
2014-05-31,CLP,548.04,110.1,4,0.125,EM,True
2014-06-30,CLP,550.6,110.8,4,0.125,EM,True
2014-07-31,CLP,570.51,109.82,3.75,0.125,EM,True
2014-08-31,CLP,593.28,106.58,3.5,0.125,EM,True
2014-09-30,CLP,601.66,105.69,3.25,0.125,EM,True
2014-10-31,CLP,576.65,108.42,3,0.125,EM,True
2014-11-30,CLP,598.94,109.44,3,0.125,EM,True
2014-12-31,CLP,607.38,106.81,3,0.125,EM,True
2015-01-31,CLP,626.48,107.18,3,0.125,EM,True
2015-02-28,CLP,617.67,107.59,3,0.125,EM,True
2015-03-31,CLP,626.87,109.02,3,0.125,EM,True
2015-04-30,CLP,606.82,111.35,3,0.125,EM,True
2015-05-31,CLP,617.45,112.06,3,0.125,EM,True
2015-06-30,CLP,634.58,108.93,3,0.125,EM,True
2015-07-31,CLP,672.19,106.99,3,0.125,EM,True
2015-08-31,CLP,690.12,103.19,3,0.125,EM,True
2015-09-30,CLP,704.68,103.87,3,0.125,EM,True
2015-10-31,CLP,690.34,104.69,3.25,0.125,EM,True
2015-11-30,CLP,712.63,103.04,3.25,0.125,EM,True
2015-12-31,CLP,707.34,103.74,3.5,0.375,EM,True
2016-01-31,CLP,711.72,103.47,3.5,0.375,EM,True
2016-02-29,CLP,689.18,104.98,3.5,0.375,EM,True
2016-03-31,CLP,675.1,107.23,3.5,0.375,EM,True
2016-04-30,CLP,663.4,107.82,3.5,0.375,EM,True
2016-05-31,CLP,690.27,106.64,3.5,0.375,EM,True
2016-06-30,CLP,661.49,107.27,3.5,0.375,EM,True
2016-07-31,CLP,664.94,111.79,3.5,0.375,EM,True
2016-08-31,CLP,673.17,110.61,3.5,0.375,EM,True
2016-09-30,CLP,659.08,109.25,3.5,0.375,EM,True
2016-10-31,CLP,651.65,110.82,3.5,0.375,EM,True
2016-11-30,CLP,675.48,112.62,3.5,0.375,EM,True
2016-12-31,CLP,667.29,113.54,3.5,0.625,EM,True
2017-01-31,CLP,648.87,114.16,3.25,0.625,EM,True
2017-02-28,CLP,645.19,116.11,3.25,0.625,EM,True
2017-03-31,CLP,662.66,113.2,3,0.875,EM,True
2017-04-30,CLP,664.28,113.66,2.75,0.875,EM,True
2017-05-31,CLP,675.31,110.69,2.5,0.875,EM,True
2017-06-30,CLP,663.21,110.6,2.5,1.125,EM,True
2017-07-31,CLP,651.58,111.18,2.5,1.125,EM,True
2017-08-31,CLP,628.36,112.03,2.5,1.125,EM,True
2017-09-30,CLP,636.85,113.79,2.5,1.125,EM,True
2017-10-31,CLP,636.49,114.76,2.5,1.125,EM,True
2017-11-30,CLP,642.41,114.13,2.5,1.125,EM,True
2017-12-31,CLP,615.22,112.96,2.5,1.375,EM,True
2018-01-31,CLP,604.42,117.03,2.5,1.375,EM,True
2018-02-28,CLP,589.15,116.96,2.5,1.375,EM,True
2018-03-31,CLP,605.26,116.22,2.5,1.625,EM,True
2018-04-30,CLP,605.74,117.27,2.5,1.625,EM,True
2018-05-31,CLP,628.33,115.25,2.5,1.625,EM,True
2018-06-30,CLP,647.95,115.02,2.5,1.875,EM,True
2018-07-31,CLP,638.79,114.09,2.5,1.875,EM,True
2018-08-31,CLP,675.38,114.68,2.5,1.875,EM,True
2018-09-30,CLP,661.5,111.17,2.5,2.125,EM,True
2018-10-31,CLP,693.31,112.01,2.75,2.125,EM,True
2018-11-30,CLP,669.43,112.55,2.75,2.125,EM,True
2018-12-31,CLP,695.69,111.57,2.75,2.375,EM,True
2019-01-31,CLP,666.76,111.24,3,2.375,EM,True
2019-02-28,CLP,649.92,113.74,3,2.375,EM,True
2019-03-31,CLP,681.09,112.44,3,2.375,EM,True
2019-04-30,CLP,677.67,112.79,3,2.375,EM,True
2019-05-31,CLP,707.86,110.65,3,2.375,EM,True
2019-06-30,CLP,679.86,110.13,2.5,2.375,EM,True
2019-07-31,CLP,699.98,110.82,2.5,2.375,EM,True
2019-08-31,CLP,720.65,108.76,2.5,2.125,EM,True
2019-09-30,CLP,725.68,108.29,2,1.875,EM,True
2019-10-31,CLP,726.34,107.93,1.75,1.625,EM,True
2019-11-30,CLP,828.25,99.76,1.75,1.625,EM,True
2019-12-31,CLP,744.62,100.08,1.75,1.625,EM,True
2020-01-31,CLP,797.96,99.48,1.75,1.625,EM,True
2020-02-29,CLP,816.26,97.72,1.75,1.625,EM,True
2020-03-31,CLP,846.3,95.13,1,0.125,EM,True
2020-04-30,CLP,836.62,95.61,0.5,0.125,EM,True
2020-05-31,CLP,812.74,99.85,0.5,0.125,EM,True
2020-06-30,CLP,816.36,101.31,0.5,0.125,EM,True
2020-07-31,CLP,754.45,101.54,0.5,0.125,EM,True
2020-08-31,CLP,779.92,100.59,0.5,0.125,EM,True
2020-09-30,CLP,784.46,101.83,0.5,0.125,EM,True
2020-10-31,CLP,770.45,100.31,0.5,0.125,EM,True
2020-11-30,CLP,766.69,102.27,0.5,0.125,EM,True
2020-12-31,CLP,711.24,104.36,0.5,0.125,EM,True
2021-01-31,CLP,741.4,106.03,0.5,0.125,EM,True
2021-02-28,CLP,708.04,105.81,0.5,0.125,EM,True
2021-03-31,CLP,732.11,106.92,0.5,0.125,EM,True
2021-04-30,CLP,705.09,109.76,0.5,0.125,EM,True
2021-05-31,CLP,724.92,107.86,0.5,0.125,EM,True
2021-06-30,CLP,735.28,105.4,0.5,0.125,EM,True
2021-07-31,CLP,758.53,103.5,0.75,0.125,EM,True
2021-08-31,CLP,779.97,99.95,0.75,0.125,EM,True
2021-09-30,CLP,803.59,100.15,1.5,0.125,EM,True
2021-10-31,CLP,805.47,97.57,2.75,0.125,EM,True
2021-11-30,CLP,836.73,98.21,2.75,0.125,EM,True
2021-12-31,CLP,850.25,94.85,4,0.125,EM,True
2022-01-31,CLP,810.12,98.33,5.5,0.125,EM,True
2022-02-28,CLP,805.25,98.83,5.5,0.125,EM,True
2022-03-31,CLP,787.16,101.34,7,0.375,EM,True
2022-04-30,CLP,856.58,100.74,7,0.375,EM,True
2022-05-31,CLP,826.26,100.09,8.25,0.875,EM,True
2022-06-30,CLP,919.97,99.71,9,1.625,EM,True
2022-07-31,CLP,911.42,92.25,9.75,2.375,EM,True
2022-08-31,CLP,882.11,98.32,9.75,2.375,EM,True
2022-09-30,CLP,966,99.15,10.75,3.125,EM,True
2022-10-31,CLP,945.31,97.06,11.25,3.125,EM,True
2022-11-30,CLP,905.7,100.84,11.25,3.875,EM,True
2022-12-31,CLP,859.51,103.51,11.25,4.375,EM,True
2023-01-31,CLP,810.37,108.26,11.25,4.375,EM,True
2023-02-28,CLP,831.24,111.91,11.25,4.625,EM,True
2023-03-31,CLP,789.32,111.83,11.25,4.875,EM,True
2023-04-30,CLP,801.61,111.78,11.25,4.875,EM,True
2023-05-31,CLP,803.94,113.38,11.25,5.125,EM,True
2023-06-30,CLP,802.68,113.86,11.25,5.125,EM,True
2023-07-31,CLP,827.84,111.5,10.25,5.375,EM,True
2023-08-31,CLP,854.22,106.95,10.25,5.375,EM,True
2023-09-30,CLP,906.84,104.81,9.5,5.375,EM,True
2023-10-31,CLP,910.28,101.13,9,5.375,EM,True
2023-11-30,CLP,867.86,104.91,9,5.375,EM,True
2023-12-31,CLP,884.59,105.41,8.25,5.375,EM,True
2024-01-31,CLP,932.66,102.61,8.25,5.375,EM,True
2024-02-29,CLP,980.19,96.6,7.25,5.375,EM,True
2024-03-31,CLP,982.38,96.3,7.25,5.375,EM,True
2024-04-30,CLP,943.62,98.18,6.5,5.375,EM,True
2024-05-31,CLP,917.98,102.7,6,5.375,EM,True
2024-06-30,CLP,951.02,102.38,5.75,5.375,EM,True
2024-07-31,CLP,956.58,101.46,5.75,5.375,EM,True
2024-08-31,CLP,917.38,101.17,5.75,5.375,EM,True
2024-09-30,CLP,896.25,100.81,5.5,4.875,EM,True
2024-10-31,CLP,950.89,101.67,5.25,4.875,EM,True
2024-11-30,CLP,977.32,99.93,5.25,4.625,EM,True
2024-12-31,CLP,992.12,99.47,5,4.375,EM,True
2025-01-31,CLP,988.1,98.91,5,4.375,EM,True
2025-02-28,CLP,951.21,102.58,5,4.375,EM,True
2025-03-31,CLP,946.1,104.6,5,4.375,EM,True
2025-04-30,CLP,945.42,100.85,5,4.375,EM,True
2025-05-31,CLP,937.37,102.29,5,4.375,EM,True
2025-06-30,CLP,935.74,101.07,5,4.375,EM,True
2025-07-31,CLP,978.07,99.93,4.75,4.375,EM,True
2025-08-31,CLP,967.48,98.52,4.75,4.375,EM,True
2025-09-30,CLP,961.24,98.83,4.75,4.125,EM,True
2025-10-31,CLP,940.57,99.67,4.75,3.875,EM,True
2025-11-30,CLP,929.14,102.03,4.75,3.875,EM,True
2025-12-31,CLP,911.18,103.17,4.5,3.625,EM,True
2026-01-31,CLP,858.45,106.67,4.5,3.625,EM,True
2026-02-28,CLP,861.19,107.36,4.5,3.625,EM,True
2026-03-31,CLP,931.57,103.21,4.5,3.625,EM,True
2026-04-30,CLP,901.76,104.48,4.5,3.625,EM,True
2026-05-31,CLP,892.89,104.27,4.5,3.625,EM,True
2026-06-30,CLP,922.34,104.2,4.5,3.625,EM,True
2026-07-31,CLP,924.78,,4.5,3.625,EM,True
1995-01-31,CNY,8.4584,62.17,,5.5,EM,True
1995-02-28,CNY,8.4511,62.19,,6,EM,True
1995-03-31,CNY,8.4464,60.38,,6,EM,True
1995-04-30,CNY,8.4274,59.59,,6,EM,True
1995-05-31,CNY,8.3255,60.82,,6,EM,True
1995-06-30,CNY,8.3211,60.18,,6,EM,True
1995-07-31,CNY,8.3203,60.1,,5.75,EM,True
1995-08-31,CNY,8.3298,62.59,,5.75,EM,True
1995-09-30,CNY,8.3385,64.98,,5.75,EM,True
1995-10-31,CNY,8.3349,64.35,,5.75,EM,True
1995-11-30,CNY,8.3316,64.73,,5.75,EM,True
1995-12-31,CNY,8.3374,65.09,,5.5,EM,True
1996-01-31,CNY,8.3338,67.03,12.06,5.25,EM,True
1996-02-29,CNY,8.3411,67.61,12.06,5.25,EM,True
1996-03-31,CNY,8.3538,67.87,12.06,5.25,EM,True
1996-04-30,CNY,8.3501,69.08,12.06,5.25,EM,True
1996-05-31,CNY,8.3455,68.94,10.98,5.25,EM,True
1996-06-30,CNY,8.3421,68.8,10.98,5.25,EM,True
1996-07-31,CNY,8.3407,68.1,10.98,5.25,EM,True
1996-08-31,CNY,8.3363,68.5,10.08,5.25,EM,True
1996-09-30,CNY,8.3317,70.07,10.08,5.25,EM,True
1996-10-31,CNY,8.33,70.04,10.08,5.25,EM,True
1996-11-30,CNY,8.3312,69.8,10.08,5.25,EM,True
1996-12-31,CNY,8.3284,70.61,10.08,5.25,EM,True
1997-01-31,CNY,8.3234,72.31,10.08,5.25,EM,True
1997-02-28,CNY,8.3254,74.29,10.08,5.25,EM,True
1997-03-31,CNY,8.3255,73.98,10.08,5.5,EM,True
1997-04-30,CNY,8.3245,74.87,10.08,5.5,EM,True
1997-05-31,CNY,8.3221,73.33,10.08,5.5,EM,True
1997-06-30,CNY,8.3207,72.08,10.08,5.5,EM,True
1997-07-31,CNY,8.2913,72.14,10.08,5.5,EM,True
1997-08-31,CNY,8.3184,73.57,10.08,5.5,EM,True
1997-09-30,CNY,8.3149,74.98,10.08,5.5,EM,True
1997-10-31,CNY,8.3134,74.43,8.64,5.5,EM,True
1997-11-30,CNY,8.3096,75.56,8.64,5.5,EM,True
1997-12-31,CNY,8.31,78.98,8.64,5.5,EM,True
1998-01-31,CNY,8.31,81.62,8.64,5.5,EM,True
1998-02-28,CNY,8.31,80.35,8.64,5.5,EM,True
1998-03-31,CNY,8.28,80.01,7.92,5.5,EM,True
1998-04-30,CNY,8.31,79.71,7.92,5.5,EM,True
1998-05-31,CNY,8.31,79.05,7.92,5.5,EM,True
1998-06-30,CNY,8.31,79.49,7.92,5.5,EM,True
1998-07-31,CNY,8.31,78.41,6.93,5.5,EM,True
1998-08-31,CNY,8.31,79.59,6.93,5.5,EM,True
1998-09-30,CNY,8.278,79.14,6.93,5.25,EM,True
1998-10-31,CNY,8.2778,75.75,6.93,5,EM,True
1998-11-30,CNY,8.2782,75.35,6.93,4.75,EM,True
1998-12-31,CNY,8.2789,74.61,6.39,4.75,EM,True
1999-01-31,CNY,8.2778,74.74,6.39,4.75,EM,True
1999-02-28,CNY,8.279,76.17,6.39,4.75,EM,True
1999-03-31,CNY,8.28,76.96,6.39,4.75,EM,True
1999-04-30,CNY,8.279,76.37,6.39,4.75,EM,True
1999-05-31,CNY,8.2786,75.58,6.39,4.75,EM,True
1999-06-30,CNY,8.2787,74.88,5.85,5,EM,True
1999-07-31,CNY,8.2774,74.52,5.85,5,EM,True
1999-08-31,CNY,8.277,73.58,5.85,5.25,EM,True
1999-09-30,CNY,8.2778,74.29,5.85,5.25,EM,True
1999-10-31,CNY,8.2778,73.39,5.85,5.25,EM,True
1999-11-30,CNY,8.2789,73.11,5.85,5.5,EM,True
1999-12-31,CNY,8.2795,72.74,5.85,5.5,EM,True
2000-01-31,CNY,8.276989,73.94,5.85,5.5,EM,True
2000-02-29,CNY,8.277023,75.9,5.85,5.75,EM,True
2000-03-31,CNY,8.276981,74.49,5.85,6,EM,True
2000-04-30,CNY,8.27705,74.21,5.85,6,EM,True
2000-05-31,CNY,8.277007,74.98,5.85,6.5,EM,True
2000-06-30,CNY,8.276999,73.29,5.85,6.5,EM,True
2000-07-31,CNY,8.276966,73.35,5.85,6.5,EM,True
2000-08-31,CNY,8.277004,74.1,5.85,6.5,EM,True
2000-09-30,CNY,8.277011,75.74,5.85,6.5,EM,True
2000-10-31,CNY,8.277058,76.3,5.85,6.5,EM,True
2000-11-30,CNY,8.276946,77.09,5.85,6.5,EM,True
2000-12-31,CNY,8.276948,76.94,5.85,6.5,EM,True
2001-01-31,CNY,8.276983,77.95,5.85,5.5,EM,True
2001-02-28,CNY,8.277033,78.12,5.85,5.5,EM,True
2001-03-31,CNY,8.276947,78.93,5.85,5,EM,True
2001-04-30,CNY,8.277039,79.89,5.85,4.5,EM,True
2001-05-31,CNY,8.277005,78.95,5.85,4,EM,True
2001-06-30,CNY,8.277005,78.71,5.85,3.75,EM,True
2001-07-31,CNY,8.276985,78.91,5.85,3.75,EM,True
2001-08-31,CNY,8.277026,77.26,5.85,3.5,EM,True
2001-09-30,CNY,8.276969,77.29,5.85,3,EM,True
2001-10-31,CNY,8.27704,77.91,5.85,2.5,EM,True
2001-11-30,CNY,8.277029,78.51,5.85,2,EM,True
2001-12-31,CNY,8.276977,79.15,5.85,1.75,EM,True
2002-01-31,CNY,8.276948,80.49,5.85,1.75,EM,True
2002-02-28,CNY,8.276962,81.7,5.31,1.75,EM,True
2002-03-31,CNY,8.277052,79.84,5.31,1.75,EM,True
2002-04-30,CNY,8.276976,78.94,5.31,1.75,EM,True
2002-05-31,CNY,8.276979,76.86,5.31,1.75,EM,True
2002-06-30,CNY,8.276992,75.02,5.31,1.75,EM,True
2002-07-31,CNY,8.277011,73.17,5.31,1.75,EM,True
2002-08-31,CNY,8.277026,73.72,5.31,1.75,EM,True
2002-09-30,CNY,8.276978,74.49,5.31,1.75,EM,True
2002-10-31,CNY,8.276967,74.99,5.31,1.75,EM,True
2002-11-30,CNY,8.277022,74.11,5.31,1.25,EM,True
2002-12-31,CNY,8.27701,73.96,5.31,1.25,EM,True
2003-01-31,CNY,8.276997,73.43,5.31,1.25,EM,True
2003-02-28,CNY,8.277036,73.86,5.31,1.25,EM,True
2003-03-31,CNY,8.277008,73.1,5.31,1.25,EM,True
2003-04-30,CNY,8.276974,72.91,5.31,1.25,EM,True
2003-05-31,CNY,8.277026,70.4,5.31,1.25,EM,True
2003-06-30,CNY,8.276976,69.6,5.31,1,EM,True
2003-07-31,CNY,8.276992,69.9,5.31,1,EM,True
2003-08-31,CNY,8.27702,70.52,5.31,1,EM,True
2003-09-30,CNY,8.277034,70.15,5.31,1,EM,True
2003-10-31,CNY,8.276975,68.96,5.31,1,EM,True
2003-11-30,CNY,8.276972,70,5.31,1,EM,True
2003-12-31,CNY,8.277039,69.16,5.31,1,EM,True
2004-01-31,CNY,8.27697,69.05,5.31,1,EM,True
2004-02-29,CNY,8.277017,68.6,5.31,1,EM,True
2004-03-31,CNY,8.276996,69.29,5.31,1,EM,True
2004-04-30,CNY,8.193187,69.76,5.31,1,EM,True
2004-05-31,CNY,8.278324,70.43,5.31,1,EM,True
2004-06-30,CNY,8.277664,69.23,5.31,1.25,EM,True
2004-07-31,CNY,8.278345,68.92,5.31,1.25,EM,True
2004-08-31,CNY,8.277599,69.51,5.31,1.5,EM,True
2004-09-30,CNY,8.278346,69.77,5.31,1.75,EM,True
2004-10-31,CNY,8.278951,68.56,5.58,1.75,EM,True
2004-11-30,CNY,8.280105,66.83,5.58,2,EM,True
2004-12-31,CNY,8.276999,65.85,5.58,2.25,EM,True
2005-01-31,CNY,8.277023,66.66,5.58,2.25,EM,True
2005-02-28,CNY,8.276986,67.73,5.58,2.5,EM,True
2005-03-31,CNY,8.276998,66.3,5.58,2.75,EM,True
2005-04-30,CNY,8.27653,66.65,5.58,2.75,EM,True
2005-05-31,CNY,8.276539,66.6,5.58,3,EM,True
2005-06-30,CNY,8.276464,67.18,5.58,3.25,EM,True
2005-07-31,CNY,8.105598,68.41,5.58,3.25,EM,True
2005-08-31,CNY,8.09977,68.44,5.58,3.5,EM,True
2005-09-30,CNY,8.092011,68.63,5.58,3.75,EM,True
2005-10-31,CNY,8.084505,69.52,5.58,3.75,EM,True
2005-11-30,CNY,8.080381,70.63,5.58,4,EM,True
2005-12-31,CNY,8.070187,70.49,5.58,4.25,EM,True
2006-01-31,CNY,8.060819,69.93,5.58,4.5,EM,True
2006-02-28,CNY,8.041516,70.94,5.58,4.5,EM,True
2006-03-31,CNY,8.017019,69.95,5.58,4.75,EM,True
2006-04-30,CNY,8.016511,69.2,5.85,4.75,EM,True
2006-05-31,CNY,8.018806,67.41,5.85,5,EM,True
2006-06-30,CNY,7.995595,67.96,5.85,5.25,EM,True
2006-07-31,CNY,7.970001,67.79,5.85,5.25,EM,True
2006-08-31,CNY,7.952689,67.7,6.12,5.25,EM,True
2006-09-30,CNY,7.904107,68.77,6.12,5.25,EM,True
2006-10-31,CNY,7.879017,69.4,6.12,5.25,EM,True
2006-11-30,CNY,7.833409,69.39,6.12,5.25,EM,True
2006-12-31,CNY,7.805087,69.64,6.12,5.25,EM,True
2007-01-31,CNY,7.773892,71.14,6.12,5.25,EM,True
2007-02-28,CNY,7.740519,72.12,6.12,5.25,EM,True
2007-03-31,CNY,7.730215,70.97,6.39,5.25,EM,True
2007-04-30,CNY,7.703932,70.09,6.39,5.25,EM,True
2007-05-31,CNY,7.646622,70.57,6.57,5.25,EM,True
2007-06-30,CNY,7.61318,71.35,6.57,5.25,EM,True
2007-07-31,CNY,7.572408,71.6,6.84,5.25,EM,True
2007-08-31,CNY,7.544984,72.35,7.02,5.25,EM,True
2007-09-30,CNY,7.506101,72.16,7.29,4.75,EM,True
2007-10-31,CNY,7.463003,71.16,7.29,4.5,EM,True
2007-11-30,CNY,7.399973,71.22,7.29,4.5,EM,True
2007-12-31,CNY,7.304123,72.62,7.47,4.25,EM,True
2008-01-31,CNY,7.181775,74,7.47,3,EM,True
2008-02-29,CNY,7.111492,76.26,7.47,3,EM,True
2008-03-31,CNY,7.012016,74.3,7.47,2.25,EM,True
2008-04-30,CNY,6.987516,74.67,7.47,2,EM,True
2008-05-31,CNY,6.94203,74.95,7.47,2,EM,True
2008-06-30,CNY,6.854288,75.33,7.47,2,EM,True
2008-07-31,CNY,6.831785,75.29,7.47,2,EM,True
2008-08-31,CNY,6.835019,77.04,7.47,2,EM,True
2008-09-30,CNY,6.848493,79.17,7.2,2,EM,True
2008-10-31,CNY,6.839539,82.61,6.66,1,EM,True
2008-11-30,CNY,6.834918,84.79,5.58,1,EM,True
2008-12-31,CNY,6.823022,82.82,5.31,0.125,EM,True
2009-01-31,CNY,6.838015,84.42,5.31,0.125,EM,True
2009-02-28,CNY,6.839766,86.68,5.31,0.125,EM,True
2009-03-31,CNY,6.833634,86.5,5.31,0.125,EM,True
2009-04-30,CNY,6.822976,84.49,5.31,0.125,EM,True
2009-05-31,CNY,6.828132,81.76,5.31,0.125,EM,True
2009-06-30,CNY,6.830692,80.17,5.31,0.125,EM,True
2009-07-31,CNY,6.832084,79.84,5.31,0.125,EM,True
2009-08-31,CNY,6.830577,79.21,5.31,0.125,EM,True
2009-09-30,CNY,6.826333,78.45,5.31,0.125,EM,True
2009-10-31,CNY,6.8275,77.21,5.31,0.125,EM,True
2009-11-30,CNY,6.827132,77.04,5.31,0.125,EM,True
2009-12-31,CNY,6.827017,78.28,5.31,0.125,EM,True
2010-01-31,CNY,6.826794,78.87,5.31,0.125,EM,True
2010-02-28,CNY,6.826013,80.87,5.31,0.125,EM,True
2010-03-31,CNY,6.825877,79.7,5.31,0.125,EM,True
2010-04-30,CNY,6.825235,79.66,5.31,0.125,EM,True
2010-05-31,CNY,6.827903,81.68,5.31,0.125,EM,True
2010-06-30,CNY,6.781436,82.08,5.31,0.125,EM,True
2010-07-31,CNY,6.775023,81.18,5.31,0.125,EM,True
2010-08-31,CNY,6.807413,80.35,5.31,0.125,EM,True
2010-09-30,CNY,6.691164,80.33,5.31,0.125,EM,True
2010-10-31,CNY,6.67078,79.14,5.56,0.125,EM,True
2010-11-30,CNY,6.667026,80.68,5.56,0.125,EM,True
2010-12-31,CNY,6.602305,81.7,5.81,0.125,EM,True
2011-01-31,CNY,6.595019,81.99,5.81,0.125,EM,True
2011-02-28,CNY,6.571635,82.42,6.06,0.125,EM,True
2011-03-31,CNY,6.548603,81.14,6.06,0.125,EM,True
2011-04-30,CNY,6.490983,80.21,6.31,0.125,EM,True
2011-05-31,CNY,6.478902,80.35,6.31,0.125,EM,True
2011-06-30,CNY,6.463433,80.6,6.31,0.125,EM,True
2011-07-31,CNY,6.437097,80.86,6.56,0.125,EM,True
2011-08-31,CNY,6.375986,81.52,6.56,0.125,EM,True
2011-09-30,CNY,6.384285,84.12,6.56,0.125,EM,True
2011-10-31,CNY,6.356689,85.16,6.56,0.125,EM,True
2011-11-30,CNY,6.377031,85.72,6.56,0.125,EM,True
2011-12-31,CNY,6.305588,87.04,6.56,0.125,EM,True
2012-01-31,CNY,6.308515,88.27,6.56,0.125,EM,True
2012-02-29,CNY,6.293833,87.06,6.56,0.125,EM,True
2012-03-31,CNY,6.295972,87.26,6.56,0.125,EM,True
2012-04-30,CNY,6.279401,87.14,6.56,0.125,EM,True
2012-05-31,CNY,6.36854,87.87,6.56,0.125,EM,True
2012-06-30,CNY,6.355123,87.74,6.31,0.125,EM,True
2012-07-31,CNY,6.36169,87.67,6,0.125,EM,True
2012-08-31,CNY,6.348585,87.32,6,0.125,EM,True
2012-09-30,CNY,6.284687,86.63,6,0.125,EM,True
2012-10-31,CNY,6.237282,86.83,6,0.125,EM,True
2012-11-30,CNY,6.229709,88.35,6,0.125,EM,True
2012-12-31,CNY,6.230635,88.61,6,0.125,EM,True
2013-01-31,CNY,6.218967,89.85,6,0.125,EM,True
2013-02-28,CNY,6.224389,91.33,6,0.125,EM,True
2013-03-31,CNY,6.216322,91.61,6,0.125,EM,True
2013-04-30,CNY,6.165621,92.51,6,0.125,EM,True
2013-05-31,CNY,6.134784,93.3,6,0.125,EM,True
2013-06-30,CNY,6.137615,93.32,6,0.125,EM,True
2013-07-31,CNY,6.128889,94.11,6,0.125,EM,True
2013-08-31,CNY,6.118549,94.16,6,0.125,EM,True
2013-09-30,CNY,6.119585,94.43,6,0.125,EM,True
2013-10-31,CNY,6.092589,93.41,6,0.125,EM,True
2013-11-30,CNY,6.094776,94.56,6,0.125,EM,True
2013-12-31,CNY,6.054021,95.41,6,0.125,EM,True
2014-01-31,CNY,6.061187,97.23,6,0.125,EM,True
2014-02-28,CNY,6.145081,97.16,6,0.125,EM,True
2014-03-31,CNY,6.219466,94.28,6,0.125,EM,True
2014-04-30,CNY,6.261083,92.18,6,0.125,EM,True
2014-05-31,CNY,6.248622,91.67,6,0.125,EM,True
2014-06-30,CNY,6.203104,91.67,6,0.125,EM,True
2014-07-31,CNY,6.175424,92.19,6,0.125,EM,True
2014-08-31,CNY,6.143312,93.75,6,0.125,EM,True
2014-09-30,CNY,6.140189,96,6,0.125,EM,True
2014-10-31,CNY,6.112983,97.52,6,0.125,EM,True
2014-11-30,CNY,6.142193,99.67,5.6,0.125,EM,True
2014-12-31,CNY,6.206902,100.87,5.6,0.125,EM,True
2015-01-31,CNY,6.248474,102.57,5.6,0.125,EM,True
2015-02-28,CNY,6.270907,104.13,5.6,0.125,EM,True
2015-03-31,CNY,6.20039,104.98,5.35,0.125,EM,True
2015-04-30,CNY,6.203121,104.37,5.35,0.125,EM,True
2015-05-31,CNY,6.198177,103.01,5.1,0.125,EM,True
2015-06-30,CNY,6.199482,103.64,4.85,0.125,EM,True
2015-07-31,CNY,6.20972,105.26,4.85,0.125,EM,True
2015-08-31,CNY,6.382434,104.78,4.6,0.125,EM,True
2015-09-30,CNY,6.355976,104.72,4.6,0.125,EM,True
2015-10-31,CNY,6.326858,103.77,4.35,0.125,EM,True
2015-11-30,CNY,6.398431,105.4,4.35,0.125,EM,True
2015-12-31,CNY,6.485533,104.87,4.35,0.375,EM,True
2016-01-31,CNY,6.576007,104.47,4.35,0.375,EM,True
2016-02-29,CNY,6.553178,105.45,4.35,0.375,EM,True
2016-03-31,CNY,6.457093,103.66,4.35,0.375,EM,True
2016-04-30,CNY,6.484522,101.74,4.35,0.375,EM,True
2016-05-31,CNY,6.577282,100.94,4.35,0.375,EM,True
2016-06-30,CNY,6.643398,99.33,4.35,0.375,EM,True
2016-07-31,CNY,6.650589,98.34,4.35,0.375,EM,True
2016-08-31,CNY,6.67544,97.62,4.35,0.375,EM,True
2016-09-30,CNY,6.671714,97.96,4.35,0.375,EM,True
2016-10-31,CNY,6.774712,97.77,4.35,0.375,EM,True
2016-11-30,CNY,6.883404,98.32,4.35,0.375,EM,True
2016-12-31,CNY,6.944502,99.19,4.35,0.625,EM,True
2017-01-31,CNY,6.877731,99.59,4.35,0.625,EM,True
2017-02-28,CNY,6.867982,98.62,4.35,0.625,EM,True
2017-03-31,CNY,6.888224,97.28,4.35,0.875,EM,True
2017-04-30,CNY,6.895425,96.45,4.35,0.875,EM,True
2017-05-31,CNY,6.813029,95.7,4.35,0.875,EM,True
2017-06-30,CNY,6.78102,95.96,4.35,1.125,EM,True
2017-07-31,CNY,6.727722,96.06,4.35,1.125,EM,True
2017-08-31,CNY,6.601184,96.64,4.35,1.125,EM,True
2017-09-30,CNY,6.652041,97.94,4.35,1.125,EM,True
2017-10-31,CNY,6.631466,98.2,4.35,1.125,EM,True
2017-11-30,CNY,6.614651,98.1,4.35,1.125,EM,True
2017-12-31,CNY,6.507463,98.27,4.35,1.375,EM,True
2018-01-31,CNY,6.288834,99.17,4.35,1.375,EM,True
2018-02-28,CNY,6.327575,101.54,4.35,1.375,EM,True
2018-03-31,CNY,6.287477,100.03,4.35,1.625,EM,True
2018-04-30,CNY,6.339432,100.28,4.35,1.625,EM,True
2018-05-31,CNY,6.406616,100.91,4.35,1.625,EM,True
2018-06-30,CNY,6.619489,100.23,4.35,1.875,EM,True
2018-07-31,CNY,6.8318,97.34,4.35,1.875,EM,True
2018-08-31,CNY,6.837525,96.47,4.35,1.875,EM,True
2018-09-30,CNY,6.881652,97.02,4.35,2.125,EM,True
2018-10-31,CNY,6.974289,96.64,4.35,2.125,EM,True
2018-11-30,CNY,6.94577,96.6,4.35,2.125,EM,True
2018-12-31,CNY,6.877817,97.48,4.35,2.375,EM,True
2019-01-31,CNY,6.703517,98.3,4.35,2.375,EM,True
2019-02-28,CNY,6.68439,100.27,4.35,2.375,EM,True
2019-03-31,CNY,6.710903,100.14,4.35,2.375,EM,True
2019-04-30,CNY,6.73391,99.84,4.35,2.375,EM,True
2019-05-31,CNY,6.909246,98.37,4.35,2.375,EM,True
2019-06-30,CNY,6.870387,96.94,4.35,2.375,EM,True
2019-07-31,CNY,6.882163,97.57,4.35,2.375,EM,True
2019-08-31,CNY,7.150054,96.48,4.25,2.125,EM,True
2019-09-30,CNY,7.143356,96.62,4.2,1.875,EM,True
2019-10-31,CNY,7.04142,97.33,4.2,1.625,EM,True
2019-11-30,CNY,7.027135,98.72,4.15,1.625,EM,True
2019-12-31,CNY,6.961456,98.4,4.15,1.625,EM,True
2020-01-31,CNY,6.936663,100.32,4.15,1.625,EM,True
2020-02-29,CNY,6.983875,101.85,4.05,1.625,EM,True
2020-03-31,CNY,7.099671,101.37,4.05,0.125,EM,True
2020-04-30,CNY,7.049007,101.11,3.85,0.125,EM,True
2020-05-31,CNY,7.135057,99.36,3.85,0.125,EM,True
2020-06-30,CNY,7.074388,97.5,3.85,0.125,EM,True
2020-07-31,CNY,6.974764,98.1,3.85,0.125,EM,True
2020-08-31,CNY,6.843467,98.05,3.85,0.125,EM,True
2020-09-30,CNY,6.809019,99.98,3.85,0.125,EM,True
2020-10-31,CNY,6.681313,100.65,3.85,0.125,EM,True
2020-11-30,CNY,6.577462,100.91,3.85,0.125,EM,True
2020-12-31,CNY,6.537772,100.78,3.85,0.125,EM,True
2021-01-31,CNY,6.431032,101.71,3.85,0.125,EM,True
2021-02-28,CNY,6.466876,103.21,3.85,0.125,EM,True
2021-03-31,CNY,6.55113,103.06,3.85,0.125,EM,True
2021-04-30,CNY,6.466976,101.77,3.85,0.125,EM,True
2021-05-31,CNY,6.370134,101.54,3.85,0.125,EM,True
2021-06-30,CNY,6.45759,101.54,3.85,0.125,EM,True
2021-07-31,CNY,6.461862,102.48,3.85,0.125,EM,True
2021-08-31,CNY,6.461467,102.42,3.85,0.125,EM,True
2021-09-30,CNY,6.46403,102.49,3.85,0.125,EM,True
2021-10-31,CNY,6.396565,104.25,3.85,0.125,EM,True
2021-11-30,CNY,6.371117,105.47,3.85,0.125,EM,True
2021-12-31,CNY,6.352375,106.26,3.8,0.125,EM,True
2022-01-31,CNY,6.360972,105.31,3.7,0.125,EM,True
2022-02-28,CNY,6.310385,106.22,3.7,0.125,EM,True
2022-03-31,CNY,6.342041,107.3,3.7,0.375,EM,True
2022-04-30,CNY,6.58833,106.35,3.7,0.375,EM,True
2022-05-31,CNY,6.664986,102.84,3.7,0.875,EM,True
2022-06-30,CNY,6.702994,103.13,3.7,1.625,EM,True
2022-07-31,CNY,6.737105,105.23,3.7,2.375,EM,True
2022-08-31,CNY,6.8947,103.7,3.65,2.375,EM,True
2022-09-30,CNY,7.116126,103.34,3.65,3.125,EM,True
2022-10-31,CNY,7.300787,101.82,3.65,3.125,EM,True
2022-11-30,CNY,7.077583,98.6,3.65,3.875,EM,True
2022-12-31,CNY,6.898744,98.49,3.65,4.375,EM,True
2023-01-31,CNY,6.756946,98.78,3.65,4.375,EM,True
2023-02-28,CNY,6.936906,98.77,3.65,4.625,EM,True
2023-03-31,CNY,6.874759,97.65,3.65,4.875,EM,True
2023-04-30,CNY,6.919133,95.91,3.65,4.875,EM,True
2023-05-31,CNY,7.10718,94.71,3.65,5.125,EM,True
2023-06-30,CNY,7.26882,92.77,3.55,5.125,EM,True
2023-07-31,CNY,7.149415,91.96,3.55,5.375,EM,True
2023-08-31,CNY,7.287081,92.52,3.45,5.375,EM,True
2023-09-30,CNY,7.301491,93.31,3.45,5.375,EM,True
2023-10-31,CNY,7.315755,93.57,3.45,5.375,EM,True
2023-11-30,CNY,7.136401,92.58,3.45,5.375,EM,True
2023-12-31,CNY,7.104887,92.73,3.45,5.375,EM,True
2024-01-31,CNY,7.178094,92.32,3.45,5.375,EM,True
2024-02-29,CNY,7.194532,94.07,3.45,5.375,EM,True
2024-03-31,CNY,7.228194,92.65,3.45,5.375,EM,True
2024-04-30,CNY,7.240996,92.9,3.45,5.375,EM,True
2024-05-31,CNY,7.240785,92.13,3.45,5.375,EM,True
2024-06-30,CNY,7.262774,92.12,3.45,5.375,EM,True
2024-07-31,CNY,7.221463,92.23,3.35,5.375,EM,True
2024-08-31,CNY,7.088031,91.8,3.35,5.375,EM,True
2024-09-30,CNY,7.012415,91.67,3.35,4.875,EM,True
2024-10-31,CNY,7.115971,92.55,3.1,4.875,EM,True
2024-11-30,CNY,7.241432,92.16,3.1,4.625,EM,True
2024-12-31,CNY,7.299355,92.26,3.1,4.375,EM,True
2025-01-31,CNY,7.251323,92.64,3.1,4.375,EM,True
2025-02-28,CNY,7.279032,92.22,3.1,4.375,EM,True
2025-03-31,CNY,7.253074,90.55,3.1,4.375,EM,True
2025-04-30,CNY,7.265893,87.67,3.1,4.375,EM,True
2025-05-31,CNY,7.194285,86.85,3,4.375,EM,True
2025-06-30,CNY,7.164676,86.19,3,4.375,EM,True
2025-07-31,CNY,7.194653,86.38,3,4.375,EM,True
2025-08-31,CNY,7.13287,86.79,3,4.375,EM,True
2025-09-30,CNY,7.119581,87.22,3,4.125,EM,True
2025-10-31,CNY,7.11615,87.97,3,3.875,EM,True
2025-11-30,CNY,7.075566,88.81,3,3.875,EM,True
2025-12-31,CNY,7.001021,89.43,3,3.625,EM,True
2026-01-31,CNY,6.949744,89.52,3,3.625,EM,True
2026-02-28,CNY,6.858196,90.74,3,3.625,EM,True
2026-03-31,CNY,6.900417,91.49,3,3.625,EM,True
2026-04-30,CNY,6.828747,91.01,3,3.625,EM,True
2026-05-31,CNY,6.766833,90.84,3,3.625,EM,True
2026-06-30,CNY,6.785501,92.24,3,3.625,EM,True
2026-07-31,CNY,6.751328,,3,3.625,EM,True
1995-01-31,COP,856.41,116.79,,5.5,EM,True
1995-02-28,COP,856.99,119.1,,6,EM,True
1995-03-31,COP,880.23,118.22,,6,EM,True
1995-04-30,COP,876.21,116.92,45,6,EM,True
1995-05-31,COP,876.36,117.97,45,6,EM,True
1995-06-30,COP,881.23,119.19,45,6,EM,True
1995-07-31,COP,897.63,117.58,45,5.75,EM,True
1995-08-31,COP,960.19,114.47,45,5.75,EM,True
1995-09-30,COP,972.8,112.79,45,5.75,EM,True
1995-10-31,COP,994.5,110.54,45,5.75,EM,True
1995-11-30,COP,998.16,110.31,45,5.75,EM,True
1995-12-31,COP,987.65,113.04,41,5.5,EM,True
1996-01-31,COP,1028.14,113.16,41,5.25,EM,True
1996-02-29,COP,1039.81,115.2,38,5.25,EM,True
1996-03-31,COP,1048.42,115.4,35,5.25,EM,True
1996-04-30,COP,1058.9,116.78,35,5.25,EM,True
1996-05-31,COP,1073.06,116.95,35,5.25,EM,True
1996-06-30,COP,1069.73,117.73,35,5.25,EM,True
1996-07-31,COP,1056.74,119.88,35,5.25,EM,True
1996-08-31,COP,1045.02,122.65,35,5.25,EM,True
1996-09-30,COP,1025.06,124.85,35,5.25,EM,True
1996-10-31,COP,1005.83,129.72,35,5.25,EM,True
1996-11-30,COP,994.94,132.41,33,5.25,EM,True
1996-12-31,COP,1005.33,133.61,33,5.25,EM,True
1997-01-31,COP,1070.97,133.63,33,5.25,EM,True
1997-02-28,COP,1080.51,133.04,33,5.25,EM,True
1997-03-31,COP,1059.88,136.91,28.5,5.5,EM,True
1997-04-30,COP,1063.11,139.31,28.5,5.5,EM,True
1997-05-31,COP,1076.4,138.68,27.5,5.5,EM,True
1997-06-30,COP,1089.01,139.07,27.5,5.5,EM,True
1997-07-31,COP,1109.65,138.5,27.5,5.5,EM,True
1997-08-31,COP,1167.28,137.4,27,5.5,EM,True
1997-09-30,COP,1246.27,128.14,27,5.5,EM,True
1997-10-31,COP,1281.2,124.76,27,5.5,EM,True
1997-11-30,COP,1303.1,123.4,27,5.5,EM,True
1997-12-31,COP,1293.58,126.45,27,5.5,EM,True
1998-01-31,COP,1341.85,127.46,27,5.5,EM,True
1998-02-28,COP,1344.25,128.36,30,5.5,EM,True
1998-03-31,COP,1358.03,130.39,30,5.5,EM,True
1998-04-30,COP,1365.72,133.42,30,5.5,EM,True
1998-05-31,COP,1396.69,132.75,32,5.5,EM,True
1998-06-30,COP,1363.04,135.61,32,5.5,EM,True
1998-07-31,COP,1370.65,137.55,32,5.5,EM,True
1998-08-31,COP,1440.87,136.52,32,5.5,EM,True
1998-09-30,COP,1556.15,123.43,32,5.25,EM,True
1998-10-31,COP,1577.19,116.36,32,5,EM,True
1998-11-30,COP,1547.11,118.89,28,4.75,EM,True
1998-12-31,COP,1542.11,122.64,26,4.75,EM,True
1999-01-31,COP,1580.72,122.85,26,4.75,EM,True
1999-02-28,COP,1572.46,127.54,24,4.75,EM,True
1999-03-31,COP,1533.51,130.74,20,4.75,EM,True
1999-04-30,COP,1604.44,128.56,19,4.75,EM,True
1999-05-31,COP,1671.67,123.57,18,4.75,EM,True
1999-06-30,COP,1732.1,121.17,18,5,EM,True
1999-07-31,COP,1806.52,113.2,17,5,EM,True
1999-08-31,COP,1954.72,108.94,16,5.25,EM,True
1999-09-30,COP,2017.27,103.43,16,5.25,EM,True
1999-10-31,COP,1965.44,103.3,15,5.25,EM,True
1999-11-30,COP,1923.77,105.9,13,5.5,EM,True
1999-12-31,COP,1873.77,109.56,12,5.5,EM,True
2000-01-31,COP,1976.72,108.51,12,5.5,EM,True
2000-02-29,COP,1946.17,109.75,12,5.75,EM,True
2000-03-31,COP,1951.56,110.72,12,6,EM,True
2000-04-30,COP,2002.95,110.4,12,6,EM,True
2000-05-31,COP,2084.92,108.98,12,6.5,EM,True
2000-06-30,COP,2139.11,104.34,12,6.5,EM,True
2000-07-31,COP,2172.79,102.23,12,6.5,EM,True
2000-08-31,COP,2208.21,101.88,12,6.5,EM,True
2000-09-30,COP,2211.94,101.5,12,6.5,EM,True
2000-10-31,COP,2158.36,104.16,12,6.5,EM,True
2000-11-30,COP,2172.84,106.79,12,6.5,EM,True
2000-12-31,COP,2229.18,103.84,12,6.5,EM,True
2001-01-31,COP,2240.8,101.63,12,5.5,EM,True
2001-02-28,COP,2257.45,103.7,12,5.5,EM,True
2001-03-31,COP,2309.83,104.32,11.5,5,EM,True
2001-04-30,COP,2346.73,103.93,11.5,4.5,EM,True
2001-05-31,COP,2324.98,103.28,11.5,4,EM,True
2001-06-30,COP,2305.33,105.93,11.5,3.75,EM,True
2001-07-31,COP,2298.27,106.57,11,3.75,EM,True
2001-08-31,COP,2301.23,106.32,10,3.5,EM,True
2001-09-30,COP,2328.75,104.72,9.5,3,EM,True
2001-10-31,COP,2310.02,105.82,9.25,2.5,EM,True
2001-11-30,COP,2308.59,106.42,8.75,2,EM,True
2001-12-31,COP,2291.18,106.71,8.5,1.75,EM,True
2002-01-31,COP,2264.82,109.34,8,1.75,EM,True
2002-02-28,COP,2309.82,111.41,8,1.75,EM,True
2002-03-31,COP,2261.23,111.62,7.25,1.75,EM,True
2002-04-30,COP,2275.35,112.6,6.25,1.75,EM,True
2002-05-31,COP,2321.16,110.58,5.75,1.75,EM,True
2002-06-30,COP,2398.14,108.3,5.25,1.75,EM,True
2002-07-31,COP,2625.06,101.29,5.25,1.75,EM,True
2002-08-31,COP,2712.46,96.71,5.25,1.75,EM,True
2002-09-30,COP,2828.08,93.6,5.25,1.75,EM,True
2002-10-31,COP,2773.73,92.5,5.25,1.75,EM,True
2002-11-30,COP,2758.28,95.22,5.25,1.25,EM,True
2002-12-31,COP,2864.79,92.18,5.25,1.25,EM,True
2003-01-31,COP,2926.46,88.73,6.25,1.25,EM,True
2003-02-28,COP,2956.31,88.07,6.25,1.25,EM,True
2003-03-31,COP,2958.25,88.03,6.25,1.25,EM,True
2003-04-30,COP,2887.82,89.04,7.25,1.25,EM,True
2003-05-31,COP,2855.88,89.58,7.25,1.25,EM,True
2003-06-30,COP,2817.32,90.35,7.25,1,EM,True
2003-07-31,COP,2880.4,89.64,7.25,1,EM,True
2003-08-31,COP,2846.26,90.39,7.25,1,EM,True
2003-09-30,COP,2889.39,90.39,7.25,1,EM,True
2003-10-31,COP,2884.17,88.08,7.25,1,EM,True
2003-11-30,COP,2838.7,89.22,7.25,1,EM,True
2003-12-31,COP,2778.21,89.92,7.25,1,EM,True
2004-01-31,COP,2740.55,91.1,7.25,1,EM,True
2004-02-29,COP,2686.54,93.16,7,1,EM,True
2004-03-31,COP,2678.16,95.97,6.75,1,EM,True
2004-04-30,COP,2646.99,97.61,6.75,1,EM,True
2004-05-31,COP,2724.92,95.91,6.75,1,EM,True
2004-06-30,COP,2699.58,96.01,6.75,1.25,EM,True
2004-07-31,COP,2619.55,97.85,6.75,1.25,EM,True
2004-08-31,COP,2551.43,99.74,6.75,1.5,EM,True
2004-09-30,COP,2595.17,101.09,6.75,1.75,EM,True
2004-10-31,COP,2585.8,98.8,6.75,1.75,EM,True
2004-11-30,COP,2479.1,99.24,6.75,2,EM,True
2004-12-31,COP,2389.75,103.04,6.5,2.25,EM,True
2005-01-31,COP,2367.76,106.2,6.5,2.25,EM,True
2005-02-28,COP,2323.77,107.52,6.5,2.5,EM,True
2005-03-31,COP,2376.48,107.06,6.5,2.75,EM,True
2005-04-30,COP,2344.87,107.47,6.5,2.75,EM,True
2005-05-31,COP,2332.79,108.18,6.5,3,EM,True
2005-06-30,COP,2331.81,109.77,6.5,3.25,EM,True
2005-07-31,COP,2311.43,110.07,6.5,3.25,EM,True
2005-08-31,COP,2304.3,109.59,6.5,3.5,EM,True
2005-09-30,COP,2289.61,109.86,6,3.75,EM,True
2005-10-31,COP,2289.57,110.73,6,3.75,EM,True
2005-11-30,COP,2274.04,111.93,6,4,EM,True
2005-12-31,COP,2284.22,111.88,6,4.25,EM,True
2006-01-31,COP,2265.65,111.17,6,4.5,EM,True
2006-02-28,COP,2247.32,112.15,6,4.5,EM,True
2006-03-31,COP,2289.98,112.52,6,4.75,EM,True
2006-04-30,COP,2375.66,108.41,6,4.75,EM,True
2006-05-31,COP,2482.41,103.78,6.25,5,EM,True
2006-06-30,COP,2633.12,100.12,6.5,5.25,EM,True
2006-07-31,COP,2426,100.91,6.5,5.25,EM,True
2006-08-31,COP,2396.63,105.84,6.75,5.25,EM,True
2006-09-30,COP,2397.07,105.9,6.75,5.25,EM,True
2006-10-31,COP,2315.38,107.53,7.25,5.25,EM,True
2006-11-30,COP,2300.42,110.32,7.25,5.25,EM,True
2006-12-31,COP,2238.79,110.79,7.5,5.25,EM,True
2007-01-31,COP,2259.72,113.32,7.75,5.25,EM,True
2007-02-28,COP,2224.12,114.22,8,5.25,EM,True
2007-03-31,COP,2155.06,116.04,8.25,5.25,EM,True
2007-04-30,COP,2110.67,118.65,8.25,5.25,EM,True
2007-05-31,COP,1930.64,125.99,8.75,5.25,EM,True
2007-06-30,COP,1958.09,131.44,9,5.25,EM,True
2007-07-31,COP,1971.8,128.29,9.25,5.25,EM,True
2007-08-31,COP,2173.17,122.16,9.25,5.25,EM,True
2007-09-30,COP,2013.18,117.4,9.25,4.75,EM,True
2007-10-31,COP,1999.44,121.75,9.25,4.5,EM,True
2007-11-30,COP,2060.42,117.71,9.5,4.5,EM,True
2007-12-31,COP,2014.76,120.22,9.5,4.25,EM,True
2008-01-31,COP,1939.6,122.07,9.5,3,EM,True
2008-02-29,COP,1843.59,127.19,9.75,3,EM,True
2008-03-31,COP,1821.6,129.7,9.75,2.25,EM,True
2008-04-30,COP,1780.21,132.72,9.75,2,EM,True
2008-05-31,COP,1755.95,135.33,9.75,2,EM,True
2008-06-30,COP,1923.02,138.79,9.75,2,EM,True
2008-07-31,COP,1792.24,134.18,10,2,EM,True
2008-08-31,COP,1907.97,131.55,10,2,EM,True
2008-09-30,COP,2174.62,120.21,10,2,EM,True
2008-10-31,COP,2359.52,115.48,10,1,EM,True
2008-11-30,COP,2324.1,116.61,10,1,EM,True
2008-12-31,COP,2243.59,121.42,9.5,0.125,EM,True
2009-01-31,COP,2386.58,122.18,9.5,0.125,EM,True
2009-02-28,COP,2555.05,112.07,9,0.125,EM,True
2009-03-31,COP,2561.21,114.35,7,0.125,EM,True
2009-04-30,COP,2289.73,116.68,7,0.125,EM,True
2009-05-31,COP,2190.45,121.73,6,0.125,EM,True
2009-06-30,COP,2158.67,128.18,4.5,0.125,EM,True
2009-07-31,COP,2043.37,130.44,4.5,0.125,EM,True
2009-08-31,COP,2035,130.82,4.5,0.125,EM,True
2009-09-30,COP,1922,132.42,4,0.125,EM,True
2009-10-31,COP,2004.37,135.85,4,0.125,EM,True
2009-11-30,COP,1997.47,129.67,3.5,0.125,EM,True
2009-12-31,COP,2044.23,127.22,3.5,0.125,EM,True
2010-01-31,COP,1991.21,130.35,3.5,0.125,EM,True
2010-02-28,COP,1941.98,134.71,3.5,0.125,EM,True
2010-03-31,COP,1928.59,136.82,3.5,0.125,EM,True
2010-04-30,COP,1969.75,134.69,3.5,0.125,EM,True
2010-05-31,COP,1971.55,134.49,3,0.125,EM,True
2010-06-30,COP,1916.46,139.59,3,0.125,EM,True
2010-07-31,COP,1841.35,141.54,3,0.125,EM,True
2010-08-31,COP,1823.74,144.61,3,0.125,EM,True
2010-09-30,COP,1799.89,144.13,3,0.125,EM,True
2010-10-31,COP,1839.9,140.19,3,0.125,EM,True
2010-11-30,COP,1916.96,136.41,3,0.125,EM,True
2010-12-31,COP,1913.98,133.29,3,0.125,EM,True
2011-01-31,COP,1857.98,136.84,3,0.125,EM,True
2011-02-28,COP,1895.56,134.91,3.25,0.125,EM,True
2011-03-31,COP,1879.47,133.7,3.5,0.125,EM,True
2011-04-30,COP,1767.54,136.76,3.5,0.125,EM,True
2011-05-31,COP,1817.34,137.52,4,0.125,EM,True
2011-06-30,COP,1780.16,139.12,4.25,0.125,EM,True
2011-07-31,COP,1771.15,140.29,4.25,0.125,EM,True
2011-08-31,COP,1783.66,138.56,4.5,0.125,EM,True
2011-09-30,COP,1915.1,138.25,4.5,0.125,EM,True
2011-10-31,COP,1863.06,133.97,4.5,0.125,EM,True
2011-11-30,COP,1967.18,133.68,4.75,0.125,EM,True
2011-12-31,COP,1942.7,134.06,4.75,0.125,EM,True
2012-01-31,COP,1815.08,139.79,5,0.125,EM,True
2012-02-29,COP,1767.83,143.53,5.25,0.125,EM,True
2012-03-31,COP,1784.66,145.05,5.25,0.125,EM,True
2012-04-30,COP,1761.2,145.02,5.25,0.125,EM,True
2012-05-31,COP,1827.83,146.5,5.25,0.125,EM,True
2012-06-30,COP,1805.6,148.53,5.25,0.125,EM,True
2012-07-31,COP,1789.02,148.65,5,0.125,EM,True
2012-08-31,COP,1830.5,145.54,4.75,0.125,EM,True
2012-09-30,COP,1798.08,143.87,4.75,0.125,EM,True
2012-10-31,COP,1829.89,143.16,4.75,0.125,EM,True
2012-11-30,COP,1817.93,142.4,4.5,0.125,EM,True
2012-12-31,COP,1768.23,143.64,4.25,0.125,EM,True
2013-01-31,COP,1773.24,145.14,4,0.125,EM,True
2013-02-28,COP,1816.42,143.26,3.75,0.125,EM,True
2013-03-31,COP,1832.2,142.21,3.25,0.125,EM,True
2013-04-30,COP,1828.79,140.76,3.25,0.125,EM,True
2013-05-31,COP,1891.48,140.35,3.25,0.125,EM,True
2013-06-30,COP,1922.63,137.3,3.25,0.125,EM,True
2013-07-31,COP,1890.33,138.5,3.25,0.125,EM,True
2013-08-31,COP,1943.04,138.44,3.25,0.125,EM,True
2013-09-30,COP,1914.65,136.77,3.25,0.125,EM,True
2013-10-31,COP,1884.06,137.54,3.25,0.125,EM,True
2013-11-30,COP,1928.25,135.5,3.25,0.125,EM,True
2013-12-31,COP,1926.83,134.72,3.25,0.125,EM,True
2014-01-31,COP,2008.26,134.17,3.25,0.125,EM,True
2014-02-28,COP,2054.9,129.35,3.25,0.125,EM,True
2014-03-31,COP,1965.32,130.52,3.25,0.125,EM,True
2014-04-30,COP,1935.14,135.95,3.5,0.125,EM,True
2014-05-31,COP,1905.96,137.79,3.5,0.125,EM,True
2014-06-30,COP,1881.19,140.2,4,0.125,EM,True
2014-07-31,COP,1872.43,142.44,4,0.125,EM,True
2014-08-31,COP,1935.04,140.41,4.25,0.125,EM,True
2014-09-30,COP,2028.48,136.28,4.5,0.125,EM,True
2014-10-31,COP,2050.52,132.77,4.5,0.125,EM,True
2014-11-30,COP,2165.15,129.55,4.5,0.125,EM,True
2014-12-31,COP,2392.46,120.08,4.5,0.125,EM,True
2015-01-31,COP,2397.35,119.95,4.5,0.125,EM,True
2015-02-28,COP,2484.58,120.83,4.5,0.125,EM,True
2015-03-31,COP,2576.05,115.38,4.5,0.125,EM,True
2015-04-30,COP,2388.06,118.94,4.5,0.125,EM,True
2015-05-31,COP,2549.97,121.73,4.5,0.125,EM,True
2015-06-30,COP,2585.11,116.22,4.5,0.125,EM,True
2015-07-31,COP,2866.04,110.33,4.5,0.125,EM,True
2015-08-31,COP,3101.1,102.04,4.5,0.125,EM,True
2015-09-30,COP,3121.94,101.73,4.75,0.125,EM,True
2015-10-31,COP,2921.32,106.58,4.75,0.125,EM,True
2015-11-30,COP,3101.1,105.76,5.5,0.125,EM,True
2015-12-31,COP,3149.47,99.08,5.75,0.375,EM,True
2016-01-31,COP,3302.92,101.34,5.75,0.375,EM,True
2016-02-29,COP,3306,99.01,6.25,0.375,EM,True
2016-03-31,COP,3022.35,105.35,6.5,0.375,EM,True
2016-04-30,COP,2885.72,108.89,6.5,0.375,EM,True
2016-05-31,COP,3069.17,110.2,7.25,0.375,EM,True
2016-06-30,COP,2916.15,110.89,7.5,0.375,EM,True
2016-07-31,COP,3091.78,112.84,7.5,0.375,EM,True
2016-08-31,COP,2933.82,111.9,7.75,0.375,EM,True
2016-09-30,COP,2879.95,113.19,7.75,0.375,EM,True
2016-10-31,COP,2967.66,113.19,7.75,0.375,EM,True
2016-11-30,COP,3165.09,108.81,7.75,0.375,EM,True
2016-12-31,COP,3000.71,114.09,7.5,0.625,EM,True
2017-01-31,COP,2936.66,117.09,7.5,0.625,EM,True
2017-02-28,COP,2896.27,118.97,7.25,0.625,EM,True
2017-03-31,COP,2880.24,116.39,7,0.875,EM,True
2017-04-30,COP,2944.31,118.68,7,0.875,EM,True
2017-05-31,COP,2920.42,116.66,6.25,0.875,EM,True
2017-06-30,COP,3038.26,114.63,6.25,1.125,EM,True
2017-07-31,COP,2995.23,110.59,5.5,1.125,EM,True
2017-08-31,COP,2937.09,111.5,5.5,1.125,EM,True
2017-09-30,COP,2941.07,112.48,5.25,1.125,EM,True
2017-10-31,COP,3011.44,112.29,5,1.125,EM,True
2017-11-30,COP,3006.09,110.33,4.75,1.125,EM,True
2017-12-31,COP,2984,111.02,4.75,1.375,EM,True
2018-01-31,COP,2844.14,114.38,4.5,1.375,EM,True
2018-02-28,COP,2855.93,113.98,4.5,1.375,EM,True
2018-03-31,COP,2780.47,114.94,4.5,1.625,EM,True
2018-04-30,COP,2806.28,119.03,4.25,1.625,EM,True
2018-05-31,COP,2879.32,118.04,4.25,1.625,EM,True
2018-06-30,COP,2945.09,118.53,4.25,1.875,EM,True
2018-07-31,COP,2875.72,119.32,4.25,1.875,EM,True
2018-08-31,COP,3027.39,117.36,4.25,1.875,EM,True
2018-09-30,COP,2989.58,115.03,4.25,2.125,EM,True
2018-10-31,COP,3202.44,112.85,4.25,2.125,EM,True
2018-11-30,COP,3240.02,109.98,4.25,2.125,EM,True
2018-12-31,COP,3249.75,109.36,4.25,2.375,EM,True
2019-01-31,COP,3163.46,110.51,4.25,2.375,EM,True
2019-02-28,COP,3072.01,112.02,4.25,2.375,EM,True
2019-03-31,COP,3190.94,112.04,4.25,2.375,EM,True
2019-04-30,COP,3247.72,111.44,4.25,2.375,EM,True
2019-05-31,COP,3357.82,107.8,4.25,2.375,EM,True
2019-06-30,COP,3197.23,109.09,4.25,2.375,EM,True
2019-07-31,COP,3296.85,110.5,4.25,2.375,EM,True
2019-08-31,COP,3464.15,105.88,4.25,2.125,EM,True
2019-09-30,COP,3462.01,106.71,4.25,1.875,EM,True
2019-10-31,COP,3389.94,105.01,4.25,1.625,EM,True
2019-11-30,COP,3502.92,105.76,4.25,1.625,EM,True
2019-12-31,COP,3277.14,106.09,4.25,1.625,EM,True
2020-01-31,COP,3411.45,107.8,4.25,1.625,EM,True
2020-02-29,COP,3507.11,106.14,4.25,1.625,EM,True
2020-03-31,COP,4064.81,96.67,3.75,0.125,EM,True
2020-04-30,COP,3983.29,96.69,3.75,0.125,EM,True
2020-05-31,COP,3723.42,99.73,3.25,0.125,EM,True
2020-06-30,COP,3758.91,101.39,2.75,0.125,EM,True
2020-07-31,COP,3739.49,101.71,2.5,0.125,EM,True
2020-08-31,COP,3760.38,97.36,2.25,0.125,EM,True
2020-09-30,COP,3878.94,97.65,1.75,0.125,EM,True
2020-10-31,COP,3849.53,95.14,1.75,0.125,EM,True
2020-11-30,COP,3611.44,97.6,1.75,0.125,EM,True
2020-12-31,COP,3432.5,102.12,1.75,0.125,EM,True
2021-01-31,COP,3585.44,101.2,1.75,0.125,EM,True
2021-02-28,COP,3588.23,99.64,1.75,0.125,EM,True
2021-03-31,COP,3736.91,99.61,1.75,0.125,EM,True
2021-04-30,COP,3712.89,98.63,1.75,0.125,EM,True
2021-05-31,COP,3715.28,96,1.75,0.125,EM,True
2021-06-30,COP,3756.67,96.81,1.75,0.125,EM,True
2021-07-31,COP,3836.95,93.97,1.75,0.125,EM,True
2021-08-31,COP,3806.87,93.12,1.75,0.125,EM,True
2021-09-30,COP,3834.68,94.49,1.75,0.125,EM,True
2021-10-31,COP,3766.1,95.71,2,0.125,EM,True
2021-11-30,COP,4010.98,92.96,2.5,0.125,EM,True
2021-12-31,COP,3981.16,92.36,3,0.125,EM,True
2022-01-31,COP,3982.6,92.2,4,0.125,EM,True
2022-02-28,COP,3910.64,93.77,4,0.125,EM,True
2022-03-31,COP,3748.15,97.64,4,0.375,EM,True
2022-04-30,COP,3984.77,98.85,5,0.375,EM,True
2022-05-31,COP,3912.34,95.7,6,0.875,EM,True
2022-06-30,COP,4127.47,97.92,6,1.625,EM,True
2022-07-31,COP,4375.51,90.19,7.5,2.375,EM,True
2022-08-31,COP,4400.16,91.79,9,2.375,EM,True
2022-09-30,COP,4532.07,91.67,10,3.125,EM,True
2022-10-31,COP,4819.42,87.61,11,3.125,EM,True
2022-11-30,COP,4809.51,83.28,11,3.875,EM,True
2022-12-31,COP,4810.2,85.14,12,4.375,EM,True
2023-01-31,COP,4632.2,86.21,12.75,4.375,EM,True
2023-02-28,COP,4808.14,85.84,12.75,4.625,EM,True
2023-03-31,COP,4627.27,87.54,13,4.875,EM,True
2023-04-30,COP,4654.14,91.6,13,4.875,EM,True
2023-05-31,COP,4408.65,92.45,13.25,5.125,EM,True
2023-06-30,COP,4191.28,100.48,13.25,5.125,EM,True
2023-07-31,COP,3923.49,103.66,13.25,5.375,EM,True
2023-08-31,COP,4085.33,105.05,13.25,5.375,EM,True
2023-09-30,COP,4085.57,108.07,13.25,5.375,EM,True
2023-10-31,COP,4060.83,103.62,13.25,5.375,EM,True
2023-11-30,COP,3980.67,107.28,13.25,5.375,EM,True
2023-12-31,COP,3822.05,109.45,13,5.375,EM,True
2024-01-31,COP,3925.6,111.56,13,5.375,EM,True
2024-02-29,COP,3933.56,111.82,12.75,5.375,EM,True
2024-03-31,COP,3842.3,113.25,12.25,5.375,EM,True
2024-04-30,COP,3873.44,115.51,12.25,5.375,EM,True
2024-05-31,COP,3874.32,115.65,11.75,5.375,EM,True
2024-06-30,COP,4158.1,112.14,11.75,5.375,EM,True
2024-07-31,COP,4089.05,112.06,11.25,5.375,EM,True
2024-08-31,COP,4132.11,110.27,10.75,5.375,EM,True
2024-09-30,COP,4164.21,106.79,10.75,4.875,EM,True
2024-10-31,COP,4413.46,105.62,10.25,4.875,EM,True
2024-11-30,COP,4406.16,104.06,9.75,4.625,EM,True
2024-12-31,COP,4409.15,105.91,9.5,4.375,EM,True
2025-01-31,COP,4170.01,109.12,9.5,4.375,EM,True
2025-02-28,COP,4120.11,113.74,9.5,4.375,EM,True
2025-03-31,COP,4192.57,112.78,9.5,4.375,EM,True
2025-04-30,COP,4198.83,108.8,9.5,4.375,EM,True
2025-05-31,COP,4106.79,109.92,9.25,4.375,EM,True
2025-06-30,COP,4069.67,111.16,9.25,4.375,EM,True
2025-07-31,COP,4179.69,112.71,9.25,4.375,EM,True
2025-08-31,COP,4019.09,112.81,9.25,4.375,EM,True
2025-09-30,COP,3901.29,115.96,9.25,4.125,EM,True
2025-10-31,COP,3870.42,117.59,9.25,3.875,EM,True
2025-11-30,COP,3773.6,120.68,9.25,3.875,EM,True
2025-12-31,COP,3757.08,119.92,9.25,3.625,EM,True
2026-01-31,COP,3661.29,123.37,9.25,3.625,EM,True
2026-02-28,COP,3745.78,123.44,10.25,3.625,EM,True
2026-03-31,COP,3669.96,123.71,10.25,3.625,EM,True
2026-04-30,COP,3621.86,126.34,11.25,3.625,EM,True
2026-05-31,COP,3646.58,123.09,11.25,3.625,EM,True
2026-06-30,COP,3443.59,131.9,11.25,3.625,EM,True
2026-07-31,COP,3132.42,,12,3.625,EM,True
1995-01-31,CZK,27.525,56.01,,5.5,EM,True
1995-02-28,CZK,26.856,56.41,,6,EM,True
1995-03-31,CZK,25.817,56.56,,6,EM,True
1995-04-30,CZK,25.742,56.76,,6,EM,True
1995-05-31,CZK,25.958,56.66,,6,EM,True
1995-06-30,CZK,26.122,56.81,,6,EM,True
1995-07-31,CZK,25.963,56.65,,5.75,EM,True
1995-08-31,CZK,26.980107,56.6,,5.75,EM,True
1995-09-30,CZK,26.329989,56.92,,5.75,EM,True
1995-10-31,CZK,26.262039,57.3,,5.75,EM,True
1995-11-30,CZK,26.554103,57.57,,5.75,EM,True
1995-12-31,CZK,26.589055,57.69,11.3,5.5,EM,True
1996-01-31,CZK,27.366065,58.67,11.3,5.25,EM,True
1996-02-29,CZK,27.153962,58.75,11.3,5.25,EM,True
1996-03-31,CZK,27.238956,58.61,11.5,5.25,EM,True
1996-04-30,CZK,27.752969,58.83,11.6,5.25,EM,True
1996-05-31,CZK,27.860055,59.16,11.8,5.25,EM,True
1996-06-30,CZK,27.505866,59.28,12.4,5.25,EM,True
1996-07-31,CZK,26.367058,60.9,12.4,5.25,EM,True
1996-08-31,CZK,26.024886,61.85,12.4,5.25,EM,True
1996-09-30,CZK,26.970061,62.12,12.4,5.25,EM,True
1996-10-31,CZK,26.902943,61.57,12.4,5.25,EM,True
1996-11-30,CZK,27.048061,61.62,12.4,5.25,EM,True
1996-12-31,CZK,27.332142,61.8,12.4,5.25,EM,True
1997-01-31,CZK,27.735015,63.39,12.4,5.25,EM,True
1997-02-28,CZK,29.054935,64.03,12.4,5.25,EM,True
1997-03-31,CZK,29.202052,62.63,12.4,5.5,EM,True
1997-04-30,CZK,30.916028,61.6,12.4,5.5,EM,True
1997-05-31,CZK,32.34409,58.99,12.4,5.5,EM,True
1997-06-30,CZK,32.381108,57.62,18.2,5.5,EM,True
1997-07-31,CZK,34.353886,58.77,14.9,5.5,EM,True
1997-08-31,CZK,33.497138,59.52,14.5,5.5,EM,True
1997-09-30,CZK,32.90602,59.79,14.5,5.5,EM,True
1997-10-31,CZK,33.14709,60.45,14.8,5.5,EM,True
1997-11-30,CZK,34.445921,59.46,14.8,5.5,EM,True
1997-12-31,CZK,34.438105,58.54,14.75,5.5,EM,True
1998-01-31,CZK,34.977,60.91,14.75,5.5,EM,True
1998-02-28,CZK,34.15,62.32,14.75,5.5,EM,True
1998-03-31,CZK,33.761917,63.47,15,5.5,EM,True
1998-04-30,CZK,32.995002,63.71,15,5.5,EM,True
1998-05-31,CZK,33.043053,65.26,15,5.5,EM,True
1998-06-30,CZK,32.88384,64.61,15,5.5,EM,True
1998-07-31,CZK,30.804935,68.99,14.5,5.5,EM,True
1998-08-31,CZK,32.682929,68.06,14,5.5,EM,True
1998-09-30,CZK,30.284912,69.55,13.5,5.25,EM,True
1998-10-31,CZK,28.874052,70.67,12.5,5,EM,True
1998-11-30,CZK,30.74898,70.3,11.5,4.75,EM,True
1998-12-31,CZK,30.164045,69.34,9.5,4.75,EM,True
1999-01-31,CZK,32.349789,68.51,8,4.75,EM,True
1999-02-28,CZK,34.405518,64.25,8,4.75,EM,True
1999-03-31,CZK,35.741017,63.44,7.5,4.75,EM,True
1999-04-30,CZK,35.522318,63.05,7.2,4.75,EM,True
1999-05-31,CZK,35.915264,63.28,6.9,4.75,EM,True
1999-06-30,CZK,35.261425,63.82,6.5,5,EM,True
1999-07-31,CZK,34.284646,65.31,6.25,5,EM,True
1999-08-31,CZK,34.590939,65.81,6.25,5.25,EM,True
1999-09-30,CZK,33.544304,65.47,6,5.25,EM,True
1999-10-31,CZK,35.025352,65.2,5.5,5.25,EM,True
1999-11-30,CZK,35.730415,65.21,5.25,5.5,EM,True
1999-12-31,CZK,35.937687,65.2,5.25,5.5,EM,True
2000-01-31,CZK,36.553978,66.28,5.25,5.5,EM,True
2000-02-29,CZK,36.632695,66.42,5.25,5.75,EM,True
2000-03-31,CZK,37.917932,65.92,5.25,6,EM,True
2000-04-30,CZK,39.982389,64.17,5.25,6,EM,True
2000-05-31,CZK,38.842309,63.36,5.25,6.5,EM,True
2000-06-30,CZK,37.277103,65.41,5.25,6.5,EM,True
2000-07-31,CZK,38.325219,66.16,5.25,6.5,EM,True
2000-08-31,CZK,39.714799,66.02,5.25,6.5,EM,True
2000-09-30,CZK,40.559042,65.05,5.25,6.5,EM,True
2000-10-31,CZK,41.426874,65.26,5.25,6.5,EM,True
2000-11-30,CZK,39.875633,66.5,5.25,6.5,EM,True
2000-12-31,CZK,37.664696,66.83,5.25,6.5,EM,True
2001-01-31,CZK,37.329172,68.51,5.25,5.5,EM,True
2001-02-28,CZK,37.45891,69.06,5,5.5,EM,True
2001-03-31,CZK,39.121377,68.91,5,5,EM,True
2001-04-30,CZK,38.898152,68.54,5,4.5,EM,True
2001-05-31,CZK,40.324292,68.5,5,4,EM,True
2001-06-30,CZK,39.834906,69.6,5,3.75,EM,True
2001-07-31,CZK,38.812107,71.06,5.25,3.75,EM,True
2001-08-31,CZK,37.477615,71.43,5.25,3.5,EM,True
2001-09-30,CZK,37.139415,70.52,5.25,3,EM,True
2001-10-31,CZK,37.182039,71.68,5.25,2.5,EM,True
2001-11-30,CZK,37.195999,71.81,4.75,2,EM,True
2001-12-31,CZK,36.266878,73.35,4.75,1.75,EM,True
2002-01-31,CZK,36.936436,75.36,4.5,1.75,EM,True
2002-02-28,CZK,36.54144,75.63,4.25,1.75,EM,True
2002-03-31,CZK,35.54906,76.28,4.25,1.75,EM,True
2002-04-30,CZK,34.01421,78.74,3.75,1.75,EM,True
2002-05-31,CZK,32.404389,78.65,3.75,1.75,EM,True
2002-06-30,CZK,29.340351,79.92,3.75,1.75,EM,True
2002-07-31,CZK,31.00276,82.78,3,1.75,EM,True
2002-08-31,CZK,30.96105,79.52,3,1.75,EM,True
2002-09-30,CZK,30.71501,80.5,3,1.75,EM,True
2002-10-31,CZK,31.202352,78.82,3,1.75,EM,True
2002-11-30,CZK,31.083913,78.63,2.75,1.25,EM,True
2002-12-31,CZK,30.110613,77.64,2.75,1.25,EM,True
2003-01-31,CZK,29.190089,78.02,2.5,1.25,EM,True
2003-02-28,CZK,29.495455,77.95,2.5,1.25,EM,True
2003-03-31,CZK,29.322625,77.47,2.5,1.25,EM,True
2003-04-30,CZK,28.239152,77.94,2.5,1.25,EM,True
2003-05-31,CZK,26.503976,79.66,2.5,1.25,EM,True
2003-06-30,CZK,27.629299,79.78,2.25,1,EM,True
2003-07-31,CZK,28.467927,78.42,2.25,1,EM,True
2003-08-31,CZK,29.687929,76.7,2,1,EM,True
2003-09-30,CZK,27.329214,75.94,2,1,EM,True
2003-10-31,CZK,27.564103,77.3,2,1,EM,True
2003-11-30,CZK,26.759213,77.69,2,1,EM,True
2003-12-31,CZK,25.661124,77.56,2,1,EM,True
2004-01-31,CZK,26.908107,78.32,2,1,EM,True
2004-02-29,CZK,26.119343,78.03,2,1,EM,True
2004-03-31,CZK,26.859457,76.71,2,1,EM,True
2004-04-30,CZK,27.239474,76.97,2,1,EM,True
2004-05-31,CZK,25.926381,78.72,2,1,EM,True
2004-06-30,CZK,26.125051,79.63,2.25,1.25,EM,True
2004-07-31,CZK,26.325276,80.3,2.25,1.25,EM,True
2004-08-31,CZK,26.321526,79.86,2.5,1.5,EM,True
2004-09-30,CZK,25.51374,79.13,2.5,1.75,EM,True
2004-10-31,CZK,24.758577,79.81,2.5,1.75,EM,True
2004-11-30,CZK,23.308011,80.7,2.5,2,EM,True
2004-12-31,CZK,22.365465,82.5,2.5,2.25,EM,True
2005-01-31,CZK,23.122363,83.79,2.25,2.25,EM,True
2005-02-28,CZK,22.435694,84.21,2.25,2.5,EM,True
2005-03-31,CZK,23.106294,84.48,2.25,2.75,EM,True
2005-04-30,CZK,23.538628,83.07,1.75,2.75,EM,True
2005-05-31,CZK,24.630606,82.42,1.75,3,EM,True
2005-06-30,CZK,24.834601,82.5,1.75,3.25,EM,True
2005-07-31,CZK,24.931779,82.33,1.75,3.25,EM,True
2005-08-31,CZK,24.240039,83.91,1.75,3.5,EM,True
2005-09-30,CZK,24.541604,83.87,1.75,3.75,EM,True
2005-10-31,CZK,24.615321,83.24,2,3.75,EM,True
2005-11-30,CZK,24.584077,84.09,2,4,EM,True
2005-12-31,CZK,24.582521,84.58,2,4.25,EM,True
2006-01-31,CZK,23.442812,86.83,2,4.5,EM,True
2006-02-28,CZK,23.848421,87.2,2,4.5,EM,True
2006-03-31,CZK,23.624422,86.49,2,4.75,EM,True
2006-04-30,CZK,22.6689,86.81,2,4.75,EM,True
2006-05-31,CZK,21.921044,88.2,2,5,EM,True
2006-06-30,CZK,22.412491,88.33,2,5.25,EM,True
2006-07-31,CZK,22.345108,88.67,2.25,5.25,EM,True
2006-08-31,CZK,21.954712,89.48,2.25,5.25,EM,True
2006-09-30,CZK,22.374408,88.07,2.5,5.25,EM,True
2006-10-31,CZK,22.226686,87.48,2.5,5.25,EM,True
2006-11-30,CZK,21.190909,88.31,2.5,5.25,EM,True
2006-12-31,CZK,20.8694,89.23,2.5,5.25,EM,True
2007-01-31,CZK,21.740775,89.85,2.5,5.25,EM,True
2007-02-28,CZK,21.417758,88.56,2.5,5.25,EM,True
2007-03-31,CZK,21.031686,89.2,2.5,5.25,EM,True
2007-04-30,CZK,20.671077,89.71,2.5,5.25,EM,True
2007-05-31,CZK,21.05404,88.99,2.5,5.25,EM,True
2007-06-30,CZK,21.264717,87.96,2.75,5.25,EM,True
2007-07-31,CZK,20.454512,89.19,3,5.25,EM,True
2007-08-31,CZK,20.230573,90.99,3.25,5.25,EM,True
2007-09-30,CZK,19.417448,91.55,3.25,4.75,EM,True
2007-10-31,CZK,18.670312,92.65,3.25,4.5,EM,True
2007-11-30,CZK,17.7908,95.66,3.5,4.5,EM,True
2007-12-31,CZK,18.088445,97.14,3.5,4.25,EM,True
2008-01-31,CZK,17.531944,101.17,3.5,3,EM,True
2008-02-29,CZK,16.633481,103.41,3.75,3,EM,True
2008-03-31,CZK,16.022641,104.53,3.75,2.25,EM,True
2008-04-30,CZK,16.219434,105.33,3.75,2,EM,True
2008-05-31,CZK,16.177457,104.64,3.75,2,EM,True
2008-06-30,CZK,15.156686,107.67,3.75,2,EM,True
2008-07-31,CZK,15.339824,111.78,3.75,2,EM,True
2008-08-31,CZK,16.786563,107.08,3.5,2,EM,True
2008-09-30,CZK,17.241138,105.17,3.5,2,EM,True
2008-10-31,CZK,18.985655,102.99,3.5,1,EM,True
2008-11-30,CZK,19.807496,100.82,2.75,1,EM,True
2008-12-31,CZK,19.310915,99.56,2.25,0.125,EM,True
2009-01-31,CZK,21.755618,97.71,2.25,0.125,EM,True
2009-02-28,CZK,22.216071,92.97,1.75,0.125,EM,True
2009-03-31,CZK,20.580102,98.05,1.75,0.125,EM,True
2009-04-30,CZK,20.113748,98.79,1.75,0.125,EM,True
2009-05-31,CZK,19.027522,99.04,1.5,0.125,EM,True
2009-06-30,CZK,18.311872,100.24,1.5,0.125,EM,True
2009-07-31,CZK,18.088131,102.9,1.5,0.125,EM,True
2009-08-31,CZK,17.780269,102.93,1.25,0.125,EM,True
2009-09-30,CZK,17.185003,104.22,1.25,0.125,EM,True
2009-10-31,CZK,17.877027,102.24,1.25,0.125,EM,True
2009-11-30,CZK,17.396658,102.31,1.25,0.125,EM,True
2009-12-31,CZK,18.376371,100.64,1,0.125,EM,True
2010-01-31,CZK,18.776314,100.88,1,0.125,EM,True
2010-02-28,CZK,19.137804,99.84,1,0.125,EM,True
2010-03-31,CZK,18.873804,100.59,1,0.125,EM,True
2010-04-30,CZK,19.171611,100.93,1,0.125,EM,True
2010-05-31,CZK,20.723978,98.23,0.75,0.125,EM,True
2010-06-30,CZK,20.936354,97.06,0.75,0.125,EM,True
2010-07-31,CZK,19.018268,100.22,0.75,0.125,EM,True
2010-08-31,CZK,19.597792,101.64,0.75,0.125,EM,True
2010-09-30,CZK,18.024619,101.82,0.75,0.125,EM,True
2010-10-31,CZK,17.751317,103.2,0.75,0.125,EM,True
2010-11-30,CZK,19.168334,102.21,0.75,0.125,EM,True
2010-12-31,CZK,18.755426,99.11,0.75,0.125,EM,True
2011-01-31,CZK,17.691353,102.64,0.75,0.125,EM,True
2011-02-28,CZK,17.60373,103.55,0.75,0.125,EM,True
2011-03-31,CZK,17.275287,103.09,0.75,0.125,EM,True
2011-04-30,CZK,16.300808,103.85,0.75,0.125,EM,True
2011-05-31,CZK,17.064303,103.45,0.75,0.125,EM,True
2011-06-30,CZK,16.844254,103.94,0.75,0.125,EM,True
2011-07-31,CZK,16.962132,103.82,0.75,0.125,EM,True
2011-08-31,CZK,16.685121,103.99,0.75,0.125,EM,True
2011-09-30,CZK,18.332222,101.77,0.75,0.125,EM,True
2011-10-31,CZK,17.713735,100.7,0.75,0.125,EM,True
2011-11-30,CZK,18.87092,98.31,0.75,0.125,EM,True
2011-12-31,CZK,19.92967,97.48,0.75,0.125,EM,True
2012-01-31,CZK,19.116576,98.27,0.75,0.125,EM,True
2012-02-29,CZK,18.48025,100.09,0.75,0.125,EM,True
2012-03-31,CZK,18.516023,100.94,0.75,0.125,EM,True
2012-04-30,CZK,18.818677,99.94,0.75,0.125,EM,True
2012-05-31,CZK,20.71515,97.74,0.75,0.125,EM,True
2012-06-30,CZK,20.365369,96.52,0.5,0.125,EM,True
2012-07-31,CZK,20.559264,96.42,0.5,0.125,EM,True
2012-08-31,CZK,19.69709,97.52,0.5,0.125,EM,True
2012-09-30,CZK,19.443929,98.99,0.5,0.125,EM,True
2012-10-31,CZK,19.290387,98.48,0.25,0.125,EM,True
2012-11-30,CZK,19.453257,96.31,0.05,0.125,EM,True
2012-12-31,CZK,19.062453,97.33,0.05,0.125,EM,True
2013-01-31,CZK,18.907011,98.27,0.05,0.125,EM,True
2013-02-28,CZK,19.527001,98.72,0.05,0.125,EM,True
2013-03-31,CZK,20.101523,96.83,0.05,0.125,EM,True
2013-04-30,CZK,19.736077,96.16,0.05,0.125,EM,True
2013-05-31,CZK,19.768568,95.76,0.05,0.125,EM,True
2013-06-30,CZK,19.838685,97.48,0.05,0.125,EM,True
2013-07-31,CZK,19.477966,96.72,0.05,0.125,EM,True
2013-08-31,CZK,19.444654,97.4,0.05,0.125,EM,True
2013-09-30,CZK,19.052203,96.68,0.05,0.125,EM,True
2013-10-31,CZK,18.86152,97.7,0.05,0.125,EM,True
2013-11-30,CZK,20.124164,92.9,0.05,0.125,EM,True
2013-12-31,CZK,19.887608,91.58,0.05,0.125,EM,True
2014-01-31,CZK,20.346256,92.22,0.05,0.125,EM,True
2014-02-28,CZK,19.795844,92.3,0.05,0.125,EM,True
2014-03-31,CZK,19.902814,92.55,0.05,0.125,EM,True
2014-04-30,CZK,19.822383,92.04,0.05,0.125,EM,True
2014-05-31,CZK,20.188873,91.81,0.05,0.125,EM,True
2014-06-30,CZK,20.100308,91.29,0.05,0.125,EM,True
2014-07-31,CZK,20.606921,91.66,0.05,0.125,EM,True
2014-08-31,CZK,21.0229,90.04,0.05,0.125,EM,True
2014-09-30,CZK,21.854884,89.51,0.05,0.125,EM,True
2014-10-31,CZK,22.173427,89.45,0.05,0.125,EM,True
2014-11-30,CZK,22.151726,89.05,0.05,0.125,EM,True
2014-12-31,CZK,22.844082,89.53,0.05,0.125,EM,True
2015-01-31,CZK,24.588235,88.13,0.05,0.125,EM,True
2015-02-28,CZK,24.411032,87.61,0.05,0.125,EM,True
2015-03-31,CZK,25.590668,86.55,0.05,0.125,EM,True
2015-04-30,CZK,24.458315,85.91,0.05,0.125,EM,True
2015-05-31,CZK,24.978122,86.93,0.05,0.125,EM,True
2015-06-30,CZK,24.356958,87.91,0.05,0.125,EM,True
2015-07-31,CZK,24.647579,88.3,0.05,0.125,EM,True
2015-08-31,CZK,24.093625,89.52,0.05,0.125,EM,True
2015-09-30,CZK,24.267607,89.7,0.05,0.125,EM,True
2015-10-31,CZK,24.589271,89.34,0.05,0.125,EM,True
2015-11-30,CZK,25.550619,88.12,0.05,0.125,EM,True
2015-12-31,CZK,24.821347,89.01,0.05,0.375,EM,True
2016-01-31,CZK,24.749084,90.88,0.05,0.375,EM,True
2016-02-29,CZK,24.850294,91.17,0.05,0.375,EM,True
2016-03-31,CZK,23.760211,89.87,0.05,0.375,EM,True
2016-04-30,CZK,23.711304,90.62,0.05,0.375,EM,True
2016-05-31,CZK,24.226287,90.55,0.05,0.375,EM,True
2016-06-30,CZK,24.437939,90.13,0.05,0.375,EM,True
2016-07-31,CZK,24.323765,90.74,0.05,0.375,EM,True
2016-08-31,CZK,24.277758,90.57,0.05,0.375,EM,True
2016-09-30,CZK,24.210196,90.24,0.05,0.375,EM,True
2016-10-31,CZK,24.688471,90.2,0.05,0.375,EM,True
2016-11-30,CZK,25.444288,90.52,0.05,0.375,EM,True
2016-12-31,CZK,25.63419,90.08,0.05,0.625,EM,True
2017-01-31,CZK,25.124128,91.09,0.05,0.625,EM,True
2017-02-28,CZK,25.498726,90.82,0.05,0.625,EM,True
2017-03-31,CZK,25.282948,90.63,0.05,0.875,EM,True
2017-04-30,CZK,24.63129,90.82,0.05,0.875,EM,True
2017-05-31,CZK,23.546921,92.6,0.05,0.875,EM,True
2017-06-30,CZK,22.955661,94.09,0.05,1.125,EM,True
2017-07-31,CZK,22.238424,96.17,0.05,1.125,EM,True
2017-08-31,CZK,22.072727,96.51,0.25,1.125,EM,True
2017-09-30,CZK,22.006607,96.07,0.25,1.125,EM,True
2017-10-31,CZK,22.056195,97.56,0.25,1.125,EM,True
2017-11-30,CZK,21.513208,98.44,0.5,1.125,EM,True
2017-12-31,CZK,21.291587,97.79,0.5,1.375,EM,True
2018-01-31,CZK,20.287389,99.86,0.5,1.375,EM,True
2018-02-28,CZK,20.810545,99.96,0.75,1.375,EM,True
2018-03-31,CZK,20.6355,99.25,0.75,1.625,EM,True
2018-04-30,CZK,21.14579,99.48,0.75,1.625,EM,True
2018-05-31,CZK,22.050603,97.95,0.75,1.625,EM,True
2018-06-30,CZK,22.319437,97.79,1,1.875,EM,True
2018-07-31,CZK,21.81152,98.47,1,1.875,EM,True
2018-08-31,CZK,22.088233,99.17,1.25,1.875,EM,True
2018-09-30,CZK,22.227885,99.36,1.5,2.125,EM,True
2018-10-31,CZK,22.90334,98.09,1.5,2.125,EM,True
2018-11-30,CZK,22.851483,97.43,1.75,2.125,EM,True
2018-12-31,CZK,22.466376,97.94,1.75,2.375,EM,True
2019-01-31,CZK,22.423398,99.9,1.75,2.375,EM,True
2019-02-28,CZK,22.425543,99.08,1.75,2.375,EM,True
2019-03-31,CZK,22.965732,98.67,1.75,2.375,EM,True
2019-04-30,CZK,22.873061,98.05,1.75,2.375,EM,True
2019-05-31,CZK,23.151287,98.67,2,2.375,EM,True
2019-06-30,CZK,22.36116,99.53,2,2.375,EM,True
2019-07-31,CZK,23.009596,99.96,2,2.375,EM,True
2019-08-31,CZK,23.481334,99.32,2,2.125,EM,True
2019-09-30,CZK,23.70833,98.07,2,1.875,EM,True
2019-10-31,CZK,22.869822,98.84,2,1.625,EM,True
2019-11-30,CZK,23.233473,99.5,2,1.625,EM,True
2019-12-31,CZK,22.617055,99.53,2,1.625,EM,True
2020-01-31,CZK,22.810351,101.56,2,1.625,EM,True
2020-02-29,CZK,23.130181,101.81,2.25,1.625,EM,True
2020-03-31,CZK,24.928806,98.14,1,0.125,EM,True
2020-04-30,CZK,24.914491,95.77,1,0.125,EM,True
2020-05-31,CZK,24.174749,96.27,0.25,0.125,EM,True
2020-06-30,CZK,23.879264,99.53,0.25,0.125,EM,True
2020-07-31,CZK,22.092336,101.15,0.25,0.125,EM,True
2020-08-31,CZK,21.949749,103.52,0.25,0.125,EM,True
2020-09-30,CZK,23.260164,100.6,0.25,0.125,EM,True
2020-10-31,CZK,23.295435,98.72,0.25,0.125,EM,True
2020-11-30,CZK,21.863105,101.11,0.25,0.125,EM,True
2020-12-31,CZK,21.38538,101.82,0.25,0.125,EM,True
2021-01-31,CZK,21.440343,103.09,0.25,0.125,EM,True
2021-02-28,CZK,21.611253,103.23,0.25,0.125,EM,True
2021-03-31,CZK,22.296802,101.92,0.25,0.125,EM,True
2021-04-30,CZK,21.422778,103.42,0.25,0.125,EM,True
2021-05-31,CZK,20.862224,105.2,0.25,0.125,EM,True
2021-06-30,CZK,21.447324,105.46,0.5,0.125,EM,True
2021-07-31,CZK,21.445631,105.09,0.5,0.125,EM,True
2021-08-31,CZK,21.567517,105.89,0.75,0.125,EM,True
2021-09-30,CZK,22.018309,106.07,0.75,0.125,EM,True
2021-10-31,CZK,22.066982,105.42,1.5,0.125,EM,True
2021-11-30,CZK,22.464138,105.07,2.75,0.125,EM,True
2021-12-31,CZK,21.947731,105.58,3.75,0.125,EM,True
2022-01-31,CZK,21.84654,112.68,3.75,0.125,EM,True
2022-02-28,CZK,22.320743,113.36,4.5,0.125,EM,True
2022-03-31,CZK,21.957481,110.8,4.5,0.375,EM,True
2022-04-30,CZK,23.344402,113.19,5,0.375,EM,True
2022-05-31,CZK,23.069168,113.35,5.75,0.875,EM,True
2022-06-30,CZK,23.817272,114.73,7,1.625,EM,True
2022-07-31,CZK,24.132183,115.11,7,2.375,EM,True
2022-08-31,CZK,24.55,114.89,7,2.375,EM,True
2022-09-30,CZK,25.183627,115.29,7,3.125,EM,True
2022-10-31,CZK,24.700424,113.76,7,3.125,EM,True
2022-11-30,CZK,23.456052,116.66,7,3.875,EM,True
2022-12-31,CZK,22.610163,118,7,4.375,EM,True
2023-01-31,CZK,21.962522,126.09,7,4.375,EM,True
2023-02-28,CZK,22.127319,127.35,7,4.625,EM,True
2023-03-31,CZK,21.601839,127.49,7,4.875,EM,True
2023-04-30,CZK,21.402422,129.29,7,4.875,EM,True
2023-05-31,CZK,22.223158,128.51,7,5.125,EM,True
2023-06-30,CZK,21.849807,128.95,7,5.125,EM,True
2023-07-31,CZK,21.681938,129.51,7,5.375,EM,True
2023-08-31,CZK,22.14943,127.91,7,5.375,EM,True
2023-09-30,CZK,22.974325,124.76,7,5.375,EM,True
2023-10-31,CZK,23.126471,123.17,7,5.375,EM,True
2023-11-30,CZK,22.223035,124.27,7,5.375,EM,True
2023-12-31,CZK,22.374661,123.22,6.75,5.375,EM,True
2024-01-31,CZK,22.968534,123.98,6.75,5.375,EM,True
2024-02-29,CZK,23.427859,120.52,6.25,5.375,EM,True
2024-03-31,CZK,23.406715,120.87,5.75,5.375,EM,True
2024-04-30,CZK,23.455869,121.01,5.75,5.375,EM,True
2024-05-31,CZK,22.769075,123.23,5.25,5.375,EM,True
2024-06-30,CZK,23.376927,122.86,4.75,5.375,EM,True
2024-07-31,CZK,23.510344,121.08,4.75,5.375,EM,True
2024-08-31,CZK,22.576892,121.67,4.5,5.375,EM,True
2024-09-30,CZK,22.493748,121.45,4.25,4.875,EM,True
2024-10-31,CZK,23.274214,119.99,4.25,4.875,EM,True
2024-11-30,CZK,23.912138,119.76,4,4.625,EM,True
2024-12-31,CZK,24.241987,119.49,4,4.375,EM,True
2025-01-31,CZK,24.214375,120.24,4,4.375,EM,True
2025-02-28,CZK,24.040918,119.86,3.75,4.375,EM,True
2025-03-31,CZK,23.080906,122.01,3.75,4.375,EM,True
2025-04-30,CZK,21.911545,123.8,3.75,4.375,EM,True
2025-05-31,CZK,21.975483,124.38,3.5,4.375,EM,True
2025-06-30,CZK,21.114334,126.03,3.5,4.375,EM,True
2025-07-31,CZK,21.466888,127.93,3.5,4.375,EM,True
2025-08-31,CZK,20.979585,128.4,3.5,4.375,EM,True
2025-09-30,CZK,20.726514,128.61,3.5,4.125,EM,True
2025-10-31,CZK,21.055046,128.74,3.5,3.875,EM,True
2025-11-30,CZK,20.90351,128.67,3.5,3.875,EM,True
2025-12-31,CZK,20.627234,128.33,3.5,3.625,EM,True
2026-01-31,CZK,20.408591,129.06,3.5,3.625,EM,True
2026-02-28,CZK,20.537061,127.93,3.5,3.625,EM,True
2026-03-31,CZK,21.32023,126.43,3.5,3.625,EM,True
2026-04-30,CZK,20.822082,126.68,3.5,3.625,EM,True
2026-05-31,CZK,20.853659,126.65,3.5,3.625,EM,True
2026-06-30,CZK,21.288397,126.33,3.75,3.625,EM,True
2026-07-31,CZK,21.081411,,3.75,3.625,EM,True
1995-01-31,DKK,5.967987,101.42,5.5,5.5,DM,True
1995-02-28,DKK,5.817498,102.22,5.5,6,DM,True
1995-03-31,DKK,5.486985,103.87,7,6,DM,True
1995-04-30,DKK,5.440493,105.85,6.5,6,DM,True
1995-05-31,DKK,5.420485,105.64,6.35,6,DM,True
1995-06-30,DKK,5.409483,105.43,6.35,6,DM,True
1995-07-31,DKK,5.360495,105.55,6.05,5.75,DM,True
1995-08-31,DKK,5.692521,104.47,5.65,5.75,DM,True
1995-09-30,DKK,5.533492,104.34,5.4,5.75,DM,True
1995-10-31,DKK,5.476508,105.33,5.3,5.75,DM,True
1995-11-30,DKK,5.564515,105.38,5,5.75,DM,True
1995-12-31,DKK,5.55101,104.52,4.6,5.5,DM,True
1996-01-31,DKK,5.76952,103.98,4.35,5.25,DM,True
1996-02-29,DKK,5.689486,104.09,4.25,5.25,DM,True
1996-03-31,DKK,5.696486,103.75,4,5.25,DM,True
1996-04-30,DKK,5.894491,102.75,3.8,5.25,DM,True
1996-05-31,DKK,5.92551,101.92,3.8,5.25,DM,True
1996-06-30,DKK,5.870481,101.95,3.7,5.25,DM,True
1996-07-31,DKK,5.679008,102.56,3.7,5.25,DM,True
1996-08-31,DKK,5.73298,103.21,3.5,5.25,DM,True
1996-09-30,DKK,5.868517,102.92,3.5,5.25,DM,True
1996-10-31,DKK,5.808492,102.33,3.5,5.25,DM,True
1996-11-30,DKK,5.881511,102.13,3.5,5.25,DM,True
1996-12-31,DKK,5.943024,101.17,3.5,5.25,DM,True
1997-01-31,DKK,6.231509,100.35,3.5,5.25,DM,True
1997-02-28,DKK,6.45399,99.01,3.5,5.25,DM,True
1997-03-31,DKK,6.402305,98.91,3.5,5.5,DM,True
1997-04-30,DKK,6.574509,98.74,3.5,5.5,DM,True
1997-05-31,DKK,6.481011,99.34,3.5,5.5,DM,True
1997-06-30,DKK,6.638015,98.57,3.5,5.5,DM,True
1997-07-31,DKK,6.978481,96.69,3.5,5.5,DM,True
1997-08-31,DKK,6.843023,96.72,3.5,5.5,DM,True
1997-09-30,DKK,6.727502,97.94,3.5,5.5,DM,True
1997-10-31,DKK,6.55901,98.41,3.75,5.5,DM,True
1997-11-30,DKK,6.710983,99.08,3.75,5.5,DM,True
1997-12-31,DKK,6.817517,99,3.75,5.5,DM,True
1998-01-31,DKK,6.949985,99.06,3.75,5.5,DM,True
1998-02-28,DKK,6.909523,98.86,3.75,5.5,DM,True
1998-03-31,DKK,7.034985,98.18,3.75,5.5,DM,True
1998-04-30,DKK,6.847896,98.06,3.75,5.5,DM,True
1998-05-31,DKK,6.795001,100.01,4,5.5,DM,True
1998-06-30,DKK,6.875171,100.22,4,5.5,DM,True
1998-07-31,DKK,6.777884,99.92,4,5.5,DM,True
1998-08-31,DKK,6.738088,100.99,4,5.5,DM,True
1998-09-30,DKK,6.369575,102.94,5,5.25,DM,True
1998-10-31,DKK,6.280207,104.18,4.65,5,DM,True
1998-11-30,DKK,6.465295,103.25,4.25,4.75,DM,True
1998-12-31,DKK,6.384213,103.41,3.95,4.75,DM,True
1999-01-31,DKK,6.531887,102.61,3.75,4.75,DM,True
1999-02-28,DKK,6.747504,102.4,3.5,4.75,DM,True
1999-03-31,DKK,6.918358,101.86,3.4,4.75,DM,True
1999-04-30,DKK,7.013589,101.09,2.9,4.75,DM,True
1999-05-31,DKK,7.107689,100.96,2.9,4.75,DM,True
1999-06-30,DKK,7.198005,100.25,2.85,5,DM,True
1999-07-31,DKK,6.959604,99.78,2.85,5,DM,True
1999-08-31,DKK,7.031495,100.79,2.85,5.25,DM,True
1999-09-30,DKK,6.969714,100.35,2.85,5.25,DM,True
1999-10-31,DKK,7.111547,100.91,2.85,5.25,DM,True
1999-11-30,DKK,7.367832,99.71,3.3,5.5,DM,True
1999-12-31,DKK,7.409218,98.58,3.3,5.5,DM,True
2000-01-31,DKK,7.601266,98.33,3.3,5.5,DM,True
2000-02-29,DKK,7.66677,97.85,3.6,5.75,DM,True
2000-03-31,DKK,7.79441,97.39,3.85,6,DM,True
2000-04-30,DKK,8.205944,96.63,4.1,6,DM,True
2000-05-31,DKK,8.022251,96.03,4.1,6.5,DM,True
2000-06-30,DKK,7.80766,97.53,4.7,6.5,DM,True
2000-07-31,DKK,8.067619,96.93,4.7,6.5,DM,True
2000-08-31,DKK,8.372333,95.52,5.1,6.5,DM,True
2000-09-30,DKK,8.507701,94.83,5.6,6.5,DM,True
2000-10-31,DKK,8.843056,94.73,5.4,6.5,DM,True
2000-11-30,DKK,8.587057,94.83,5.4,6.5,DM,True
2000-12-31,DKK,8.020527,96,5.4,6.5,DM,True
2001-01-31,DKK,8.028731,97.8,5.4,5.5,DM,True
2001-02-28,DKK,8.069961,97.92,5.3,5.5,DM,True
2001-03-31,DKK,8.449615,98.14,5.3,5,DM,True
2001-04-30,DKK,8.409644,97.73,5.3,4.5,DM,True
2001-05-31,DKK,8.791981,96.8,5,4,DM,True
2001-06-30,DKK,8.778774,96.2,5,3.75,DM,True
2001-07-31,DKK,8.506568,96.85,4.95,3.75,DM,True
2001-08-31,DKK,8.131142,98.16,4.65,3.5,DM,True
2001-09-30,DKK,8.144453,98.91,4.15,3,DM,True
2001-10-31,DKK,8.232028,98.93,4.1,2.5,DM,True
2001-11-30,DKK,8.364239,97.81,3.6,2,DM,True
2001-12-31,DKK,8.438103,98.03,3.6,1.75,DM,True
2002-01-31,DKK,8.60044,97.71,3.6,1.75,DM,True
2002-02-28,DKK,8.590568,97.79,3.55,1.75,DM,True
2002-03-31,DKK,8.520862,97.92,3.55,1.75,DM,True
2002-04-30,DKK,8.252664,97.98,3.55,1.75,DM,True
2002-05-31,DKK,7.917652,98.86,3.55,1.75,DM,True
2002-06-30,DKK,7.44782,100.02,3.55,1.75,DM,True
2002-07-31,DKK,7.593887,100.98,3.55,1.75,DM,True
2002-08-31,DKK,7.551307,100.77,3.45,1.75,DM,True
2002-09-30,DKK,7.53286,100.91,3.45,1.75,DM,True
2002-10-31,DKK,7.534367,100.93,3.45,1.75,DM,True
2002-11-30,DKK,7.480709,101.17,3.45,1.25,DM,True
2002-12-31,DKK,7.083818,101.31,2.95,1.25,DM,True
2003-01-31,DKK,6.87574,102.44,2.95,1.25,DM,True
2003-02-28,DKK,6.889445,103.68,2.95,1.25,DM,True
2003-03-31,DKK,6.816338,104.53,2.7,1.25,DM,True
2003-04-30,DKK,6.669931,104.47,2.7,1.25,DM,True
2003-05-31,DKK,6.280156,106.05,2.65,1.25,DM,True
2003-06-30,DKK,6.502057,106.25,2.15,1,DM,True
2003-07-31,DKK,6.565736,105.18,2.15,1,DM,True
2003-08-31,DKK,6.796101,104.44,2.15,1,DM,True
2003-09-30,DKK,6.372812,104.6,2.15,1,DM,True
2003-10-31,DKK,6.396317,104.98,2.15,1,DM,True
2003-11-30,DKK,6.202768,104.93,2.15,1,DM,True
2003-12-31,DKK,5.894695,105.79,2.15,1,DM,True
2004-01-31,DKK,6.015423,106.32,2.15,1,DM,True
2004-02-29,DKK,6.000886,106.84,2.15,1,DM,True
2004-03-31,DKK,6.090314,105.91,2.15,1,DM,True
2004-04-30,DKK,6.228509,104.75,2.15,1,DM,True
2004-05-31,DKK,6.097475,105.25,2.15,1,DM,True
2004-06-30,DKK,6.11485,105.11,2.15,1.25,DM,True
2004-07-31,DKK,6.176344,105.17,2.15,1.25,DM,True
2004-08-31,DKK,6.141524,104.59,2.15,1.5,DM,True
2004-09-30,DKK,5.996938,105.04,2.15,1.75,DM,True
2004-10-31,DKK,5.83544,105.44,2.15,1.75,DM,True
2004-11-30,DKK,5.587589,105.8,2.15,2,DM,True
2004-12-31,DKK,5.461273,105.82,2.15,2.25,DM,True
2005-01-31,DKK,5.709014,105.18,2.15,2.25,DM,True
2005-02-28,DKK,5.614392,105.28,2.15,2.5,DM,True
2005-03-31,DKK,5.746297,105.72,2.15,2.75,DM,True
2005-04-30,DKK,5.746701,105.46,2.15,2.75,DM,True
2005-05-31,DKK,6.035439,104.77,2.15,3,DM,True
2005-06-30,DKK,6.162339,103.58,2.15,3.25,DM,True
2005-07-31,DKK,6.168114,103.49,2.15,3.25,DM,True
2005-08-31,DKK,6.114281,103.46,2.15,3.5,DM,True
2005-09-30,DKK,6.196977,103.4,2.15,3.75,DM,True
2005-10-31,DKK,6.206687,102.86,2.15,3.75,DM,True
2005-11-30,DKK,6.333333,102.5,2.15,4,DM,True
2005-12-31,DKK,6.324065,102.39,2.4,4.25,DM,True
2006-01-31,DKK,6.15935,102.22,2.4,4.5,DM,True
2006-02-28,DKK,6.282947,102.4,2.5,4.5,DM,True
2006-03-31,DKK,6.165235,102.83,2.75,4.75,DM,True
2006-04-30,DKK,5.951025,103.09,2.75,4.75,DM,True
2006-05-31,DKK,5.795617,103.69,2.75,5,DM,True
2006-06-30,DKK,5.86738,104.06,3,5.25,DM,True
2006-07-31,DKK,5.844599,103.86,3,5.25,DM,True
2006-08-31,DKK,5.804529,103.66,3.25,5.25,DM,True
2006-09-30,DKK,5.890679,103.88,3.25,5.25,DM,True
2006-10-31,DKK,5.870983,103.53,3.5,5.25,DM,True
2006-11-30,DKK,5.647424,103.44,3.5,5.25,DM,True
2006-12-31,DKK,5.661352,103.51,3.75,5.25,DM,True
2007-01-31,DKK,5.755211,103.24,3.75,5.25,DM,True
2007-02-28,DKK,5.641284,104.05,3.75,5.25,DM,True
2007-03-31,DKK,5.594534,104.5,4,5.25,DM,True
2007-04-30,DKK,5.476295,104.38,4,5.25,DM,True
2007-05-31,DKK,5.536906,104.19,4,5.25,DM,True
2007-06-30,DKK,5.5107,103.84,4.25,5.25,DM,True
2007-07-31,DKK,5.42854,103.63,4.25,5.25,DM,True
2007-08-31,DKK,5.435316,103.38,4.25,5.25,DM,True
2007-09-30,DKK,5.257352,103.76,4.25,4.75,DM,True
2007-10-31,DKK,5.160033,103.74,4.25,4.5,DM,True
2007-11-30,DKK,5.052164,104.71,4.25,4.5,DM,True
2007-12-31,DKK,5.066436,104.28,4.25,4.25,DM,True
2008-01-31,DKK,5.01197,104.93,4.25,3,DM,True
2008-02-29,DKK,4.912969,105.21,4.25,3,DM,True
2008-03-31,DKK,4.715912,106.45,4.25,2.25,DM,True
2008-04-30,DKK,4.801802,106.73,4.25,2,DM,True
2008-05-31,DKK,4.809647,106.02,4.35,2,DM,True
2008-06-30,DKK,4.730969,105.88,4.35,2,DM,True
2008-07-31,DKK,4.779514,105.68,4.6,2,DM,True
2008-08-31,DKK,5.061418,104.64,4.6,2,DM,True
2008-09-30,DKK,5.216458,104.34,4.6,2,DM,True
2008-10-31,DKK,5.837344,103.51,5.5,1,DM,True
2008-11-30,DKK,5.855033,103.83,5,1,DM,True
2008-12-31,DKK,5.353596,107,3.75,0.125,DM,True
2009-01-31,DKK,5.815465,106.92,3,0.125,DM,True
2009-02-28,DKK,5.892439,107.54,3,0.125,DM,True
2009-03-31,DKK,5.596784,108.87,2.25,0.125,DM,True
2009-04-30,DKK,5.610847,107.75,2,0.125,DM,True
2009-05-31,DKK,5.281104,108.08,1.65,0.125,DM,True
2009-06-30,DKK,5.268855,109.02,1.45,0.125,DM,True
2009-07-31,DKK,5.266728,108.69,1.45,0.125,DM,True
2009-08-31,DKK,5.215177,108.08,1.25,0.125,DM,True
2009-09-30,DKK,5.083863,108.68,1,0.125,DM,True
2009-10-31,DKK,5.029054,108.98,1,0.125,DM,True
2009-11-30,DKK,4.954004,108.84,1,0.125,DM,True
2009-12-31,DKK,5.165764,107.82,0.95,0.125,DM,True
2010-01-31,DKK,5.330302,106.93,0.8,0.125,DM,True
2010-02-28,DKK,5.484746,106.17,0.8,0.125,DM,True
2010-03-31,DKK,5.523184,105.51,0.7,0.125,DM,True
2010-04-30,DKK,5.589561,104.44,0.7,0.125,DM,True
2010-05-31,DKK,6.044934,102.76,0.5,0.125,DM,True
2010-06-30,DKK,6.070247,101.66,0.5,0.125,DM,True
2010-07-31,DKK,5.71922,102.69,0.5,0.125,DM,True
2010-08-31,DKK,5.871293,102.67,0.5,0.125,DM,True
2010-09-30,DKK,5.460067,102.68,0.5,0.125,DM,True
2010-10-31,DKK,5.380818,103.86,0.7,0.125,DM,True
2010-11-30,DKK,5.733882,103.14,0.7,0.125,DM,True
2010-12-31,DKK,5.578132,101.42,0.7,0.125,DM,True
2011-01-31,DKK,5.444347,101.38,0.7,0.125,DM,True
2011-02-28,DKK,5.389909,102.51,0.7,0.125,DM,True
2011-03-31,DKK,5.24861,103.18,0.7,0.125,DM,True
2011-04-30,DKK,5.018573,103.9,0.95,0.125,DM,True
2011-05-31,DKK,5.183246,103.51,0.95,0.125,DM,True
2011-06-30,DKK,5.160659,103.6,0.95,0.125,DM,True
2011-07-31,DKK,5.223983,103.35,1.2,0.125,DM,True
2011-08-31,DKK,5.15654,103.49,1.1,0.125,DM,True
2011-09-30,DKK,5.511146,102.8,1,0.125,DM,True
2011-10-31,DKK,5.315335,102.87,1,0.125,DM,True
2011-11-30,DKK,5.542555,102.48,0.65,0.125,DM,True
2011-12-31,DKK,5.745575,101.36,0.3,0.125,DM,True
2012-01-31,DKK,5.642532,100.66,0.3,0.125,DM,True
2012-02-29,DKK,5.531206,101.55,0.3,0.125,DM,True
2012-03-31,DKK,5.570455,101.46,0.3,0.125,DM,True
2012-04-30,DKK,5.629484,100.96,0.3,0.125,DM,True
2012-05-31,DKK,5.992018,100.7,0.2,0.125,DM,True
2012-06-30,DKK,5.90421,100.27,0.05,0.125,DM,True
2012-07-31,DKK,6.057229,99.1,-0.2,0.125,DM,True
2012-08-31,DKK,5.908572,98.67,-0.2,0.125,DM,True
2012-09-30,DKK,5.766048,99.53,-0.2,0.125,DM,True
2012-10-31,DKK,5.741399,99.54,-0.2,0.125,DM,True
2012-11-30,DKK,5.744648,99.2,-0.2,0.125,DM,True
2012-12-31,DKK,5.654843,99.32,-0.2,0.125,DM,True
2013-01-31,DKK,5.506494,99.9,-0.1,0.125,DM,True
2013-02-28,DKK,5.679031,101.05,-0.1,0.125,DM,True
2013-03-31,DKK,5.822179,99.86,-0.1,0.125,DM,True
2013-04-30,DKK,5.703794,99.84,-0.1,0.125,DM,True
2013-05-31,DKK,5.732508,100.1,-0.1,0.125,DM,True
2013-06-30,DKK,5.702446,100.91,-0.1,0.125,DM,True
2013-07-31,DKK,5.615443,100.85,-0.1,0.125,DM,True
2013-08-31,DKK,5.636116,101.41,-0.1,0.125,DM,True
2013-09-30,DKK,5.522399,101.24,-0.1,0.125,DM,True
2013-10-31,DKK,5.467854,101.85,-0.1,0.125,DM,True
2013-11-30,DKK,5.480053,101.76,-0.1,0.125,DM,True
2013-12-31,DKK,5.408817,102.21,-0.1,0.125,DM,True
2014-01-31,DKK,5.52079,102.35,-0.1,0.125,DM,True
2014-02-28,DKK,5.402519,102.86,-0.1,0.125,DM,True
2014-03-31,DKK,5.414781,103,-0.1,0.125,DM,True
2014-04-30,DKK,5.389097,102.83,0.05,0.125,DM,True
2014-05-31,DKK,5.485338,102.37,0.05,0.125,DM,True
2014-06-30,DKK,5.458852,101.93,0.05,0.125,DM,True
2014-07-31,DKK,5.573212,102.03,0.05,0.125,DM,True
2014-08-31,DKK,5.650591,101.44,0.05,0.125,DM,True
2014-09-30,DKK,5.915203,100.74,-0.05,0.125,DM,True
2014-10-31,DKK,5.944107,100.52,-0.05,0.125,DM,True
2014-11-30,DKK,5.960827,100.56,-0.05,0.125,DM,True
2014-12-31,DKK,6.132361,101,-0.05,0.125,DM,True
2015-01-31,DKK,6.584697,99.44,-0.5,0.125,DM,True
2015-02-28,DKK,6.642349,98.85,-0.75,0.125,DM,True
2015-03-31,DKK,6.942746,96.92,-0.75,0.125,DM,True
2015-04-30,DKK,6.65457,96.21,-0.75,0.125,DM,True
2015-05-31,DKK,6.800091,97.01,-0.75,0.125,DM,True
2015-06-30,DKK,6.66762,97.53,-0.75,0.125,DM,True
2015-07-31,DKK,6.803593,97.35,-0.75,0.125,DM,True
2015-08-31,DKK,6.654391,98.45,-0.75,0.125,DM,True
2015-09-30,DKK,6.658752,99.14,-0.75,0.125,DM,True
2015-10-31,DKK,6.769356,98.76,-0.75,0.125,DM,True
2015-11-30,DKK,7.052084,97.23,-0.75,0.125,DM,True
2015-12-31,DKK,6.854597,98.03,-0.75,0.375,DM,True
2016-01-31,DKK,6.834066,99.05,-0.65,0.375,DM,True
2016-02-29,DKK,6.851763,100.1,-0.65,0.375,DM,True
2016-03-31,DKK,6.544752,98.98,-0.65,0.375,DM,True
2016-04-30,DKK,6.528107,99.37,-0.65,0.375,DM,True
2016-05-31,DKK,6.668101,99.68,-0.65,0.375,DM,True
2016-06-30,DKK,6.700865,99.48,-0.65,0.375,DM,True
2016-07-31,DKK,6.692522,99.54,-0.65,0.375,DM,True
2016-08-31,DKK,6.68631,99.37,-0.65,0.375,DM,True
2016-09-30,DKK,6.676194,99.08,-0.65,0.375,DM,True
2016-10-31,DKK,6.796364,99.13,-0.65,0.375,DM,True
2016-11-30,DKK,6.996051,99.11,-0.65,0.375,DM,True
2016-12-31,DKK,7.052841,98.25,-0.65,0.625,DM,True
2017-01-31,DKK,6.915202,98.47,-0.65,0.625,DM,True
2017-02-28,DKK,7.014438,98.46,-0.65,0.625,DM,True
2017-03-31,DKK,6.95716,98.42,-0.65,0.875,DM,True
2017-04-30,DKK,6.805398,98.13,-0.65,0.875,DM,True
2017-05-31,DKK,6.630247,99.06,-0.65,0.875,DM,True
2017-06-30,DKK,6.516474,99.4,-0.65,1.125,DM,True
2017-07-31,DKK,6.341264,100.93,-0.65,1.125,DM,True
2017-08-31,DKK,6.290402,101.06,-0.65,1.125,DM,True
2017-09-30,DKK,6.303829,100.7,-0.65,1.125,DM,True
2017-10-31,DKK,6.393882,100.61,-0.65,1.125,DM,True
2017-11-30,DKK,6.280446,100.56,-0.65,1.125,DM,True
2017-12-31,DKK,6.207704,100.17,-0.65,1.375,DM,True
2018-01-31,DKK,5.974071,100.33,-0.65,1.375,DM,True
2018-02-28,DKK,6.096692,100.95,-0.65,1.375,DM,True
2018-03-31,DKK,6.049022,100.72,-0.65,1.625,DM,True
2018-04-30,DKK,6.167812,101.06,-0.65,1.625,DM,True
2018-05-31,DKK,6.362595,100.28,-0.65,1.625,DM,True
2018-06-30,DKK,6.392606,99.98,-0.65,1.875,DM,True
2018-07-31,DKK,6.347904,101.4,-0.65,1.875,DM,True
2018-08-31,DKK,6.399279,101.11,-0.65,1.875,DM,True
2018-09-30,DKK,6.441258,100.89,-0.65,2.125,DM,True
2018-10-31,DKK,6.592508,100.35,-0.65,2.125,DM,True
2018-11-30,DKK,6.569416,99.87,-0.65,2.125,DM,True
2018-12-31,DKK,6.521659,99.53,-0.65,2.375,DM,True
2019-01-31,DKK,6.498694,99.97,-0.65,2.375,DM,True
2019-02-28,DKK,6.535652,99.89,-0.65,2.375,DM,True
2019-03-31,DKK,6.644593,99.27,-0.65,2.375,DM,True
2019-04-30,DKK,6.654127,98.84,-0.65,2.375,DM,True
2019-05-31,DKK,6.697157,99.18,-0.65,2.375,DM,True
2019-06-30,DKK,6.558524,99,-0.65,2.375,DM,True
2019-07-31,DKK,6.696619,99.23,-0.65,2.375,DM,True
2019-08-31,DKK,6.756252,99.54,-0.65,2.125,DM,True
2019-09-30,DKK,6.856644,98.62,-0.75,1.875,DM,True
2019-10-31,DKK,6.697866,98.72,-0.75,1.625,DM,True
2019-11-30,DKK,6.803223,98.12,-0.75,1.625,DM,True
2019-12-31,DKK,6.650792,97.58,-0.75,1.625,DM,True
2020-01-31,DKK,6.761763,97.69,-0.75,1.625,DM,True
2020-02-29,DKK,6.807233,97.66,-0.75,1.625,DM,True
2020-03-31,DKK,6.815809,99.55,-0.6,0.125,DM,True
2020-04-30,DKK,6.857668,99.78,-0.6,0.125,DM,True
2020-05-31,DKK,6.693786,99.51,-0.6,0.125,DM,True
2020-06-30,DKK,6.655296,99.72,-0.6,0.125,DM,True
2020-07-31,DKK,6.283086,100.83,-0.6,0.125,DM,True
2020-08-31,DKK,6.234422,101.33,-0.6,0.125,DM,True
2020-09-30,DKK,6.359925,101.24,-0.6,0.125,DM,True
2020-10-31,DKK,6.365704,101.35,-0.6,0.125,DM,True
2020-11-30,DKK,6.211352,100.71,-0.6,0.125,DM,True
2020-12-31,DKK,6.063809,100.62,-0.6,0.125,DM,True
2021-01-31,DKK,6.128049,100.14,-0.6,0.125,DM,True
2021-02-28,DKK,6.13489,99.89,-0.6,0.125,DM,True
2021-03-31,DKK,6.343113,99.65,-0.5,0.125,DM,True
2021-04-30,DKK,6.15461,99.9,-0.5,0.125,DM,True
2021-05-31,DKK,6.094992,99.96,-0.5,0.125,DM,True
2021-06-30,DKK,6.257321,99.44,-0.5,0.125,DM,True
2021-07-31,DKK,6.255067,99.75,-0.5,0.125,DM,True
2021-08-31,DKK,6.28359,98.99,-0.5,0.125,DM,True
2021-09-30,DKK,6.421971,98.81,-0.5,0.125,DM,True
2021-10-31,DKK,6.388064,98.47,-0.6,0.125,DM,True
2021-11-30,DKK,6.544751,98.15,-0.6,0.125,DM,True
2021-12-31,DKK,6.565778,97.4,-0.6,0.125,DM,True
2022-01-31,DKK,6.67076,97.85,-0.6,0.125,DM,True
2022-02-28,DKK,6.643807,98.18,-0.6,0.125,DM,True
2022-03-31,DKK,6.700207,97.08,-0.6,0.375,DM,True
2022-04-30,DKK,7.060247,96.8,-0.6,0.375,DM,True
2022-05-31,DKK,6.944273,97.31,-0.6,0.875,DM,True
2022-06-30,DKK,7.162029,97.51,-0.6,1.625,DM,True
2022-07-31,DKK,7.299274,97.37,-0.1,2.375,DM,True
2022-08-31,DKK,7.4371,96.64,-0.1,2.375,DM,True
2022-09-30,DKK,7.628744,97.46,0.65,3.125,DM,True
2022-10-31,DKK,7.508977,98.3,1.25,3.125,DM,True
2022-11-30,DKK,7.167116,97.76,1.25,3.875,DM,True
2022-12-31,DKK,6.972155,97.7,1.75,4.375,DM,True
2023-01-31,DKK,6.866796,97.96,1.75,4.375,DM,True
2023-02-28,DKK,7.010359,98.07,2.1,4.625,DM,True
2023-03-31,DKK,6.849195,97.61,2.6,4.875,DM,True
2023-04-30,DKK,6.787906,98.02,2.6,4.875,DM,True
2023-05-31,DKK,6.971824,96.55,2.85,5.125,DM,True
2023-06-30,DKK,6.853856,97.27,3.1,5.125,DM,True
2023-07-31,DKK,6.761227,99.61,3.35,5.375,DM,True
2023-08-31,DKK,6.857103,98.52,3.35,5.375,DM,True
2023-09-30,DKK,7.038984,97.76,3.6,5.375,DM,True
2023-10-31,DKK,7.02957,97.43,3.6,5.375,DM,True
2023-11-30,DKK,6.81987,97.45,3.6,5.375,DM,True
2023-12-31,DKK,6.744706,96.34,3.6,5.375,DM,True
2024-01-31,DKK,6.87921,97.36,3.6,5.375,DM,True
2024-02-29,DKK,6.885276,97.09,3.6,5.375,DM,True
2024-03-31,DKK,6.898529,97.18,3.6,5.375,DM,True
2024-04-30,DKK,6.958668,96.85,3.6,5.375,DM,True
2024-05-31,DKK,6.873203,96.75,3.6,5.375,DM,True
2024-06-30,DKK,6.966371,96.3,3.35,5.375,DM,True
2024-07-31,DKK,6.891485,97.56,3.35,5.375,DM,True
2024-08-31,DKK,6.727609,97.02,3.35,5.375,DM,True
2024-09-30,DKK,6.659521,96.49,3.1,4.875,DM,True
2024-10-31,DKK,6.855449,96.56,2.85,4.875,DM,True
2024-11-30,DKK,7.061068,96.19,2.85,4.625,DM,True
2024-12-31,DKK,7.178554,95.35,2.6,4.375,DM,True
2025-01-31,DKK,7.17964,95.47,2.35,4.375,DM,True
2025-02-28,DKK,7.163865,95.69,2.35,4.375,DM,True
2025-03-31,DKK,6.899029,95.81,2.1,4.375,DM,True
2025-04-30,DKK,6.56256,96.83,1.85,4.375,DM,True
2025-05-31,DKK,6.577917,96.49,1.85,4.375,DM,True
2025-06-30,DKK,6.365956,97.08,1.6,4.375,DM,True
2025-07-31,DKK,6.519832,98.88,1.6,4.375,DM,True
2025-08-31,DKK,6.402642,98.09,1.6,4.375,DM,True
2025-09-30,DKK,6.357976,97.87,1.6,4.125,DM,True
2025-10-31,DKK,6.463303,97.81,1.6,3.875,DM,True
2025-11-30,DKK,6.457548,97.48,1.6,3.875,DM,True
2025-12-31,DKK,6.356511,97.07,1.6,3.625,DM,True
2026-01-31,DKK,6.265123,96.2,1.6,3.625,DM,True
2026-02-28,DKK,6.329352,96.41,1.6,3.625,DM,True
2026-03-31,DKK,6.499391,95.55,1.6,3.625,DM,True
2026-04-30,DKK,6.384891,95.36,1.6,3.625,DM,True
2026-05-31,DKK,6.417984,95.5,1.6,3.625,DM,True
2026-06-30,DKK,6.559944,95.52,1.85,3.625,DM,True
2026-07-31,DKK,6.508663,,1.85,3.625,DM,True
1995-01-31,EUR,0.796337,113.53,,5.5,DM,True
1995-02-28,EUR,0.78183,114.73,,6,DM,True
1995-03-31,EUR,0.746597,117.38,,6,DM,True
1995-04-30,EUR,0.746692,117.08,,6,DM,True
1995-05-31,EUR,0.744469,115.45,,6,DM,True
1995-06-30,EUR,0.744624,115.81,,6,DM,True
1995-07-31,EUR,0.736773,117.19,,5.75,DM,True
1995-08-31,EUR,0.777381,115.6,,5.75,DM,True
1995-09-30,EUR,0.758455,114.69,,5.75,DM,True
1995-10-31,EUR,0.753636,116.37,,5.75,DM,True
1995-11-30,EUR,0.765738,116.9,,5.75,DM,True
1995-12-31,EUR,0.760896,116.2,,5.5,DM,True
1996-01-31,EUR,0.789478,115.36,,5.25,DM,True
1996-02-29,EUR,0.778095,115.39,,5.25,DM,True
1996-03-31,EUR,0.77912,114.84,,5.25,DM,True
1996-04-30,EUR,0.800282,113.36,,5.25,DM,True
1996-05-31,EUR,0.801057,112.27,,5.25,DM,True
1996-06-30,EUR,0.795425,112.71,,5.25,DM,True
1996-07-31,EUR,0.772786,114.01,,5.25,DM,True
1996-08-31,EUR,0.779144,114.41,,5.25,DM,True
1996-09-30,EUR,0.796242,113.2,,5.25,DM,True
1996-10-31,EUR,0.785318,112.28,,5.25,DM,True
1996-11-30,EUR,0.792042,112.82,,5.25,DM,True
1996-12-31,EUR,0.798091,111.53,,5.25,DM,True
1997-01-31,EUR,0.840689,109.83,,5.25,DM,True
1997-02-28,EUR,0.866078,107.18,,5.25,DM,True
1997-03-31,EUR,0.860785,106.33,,5.5,DM,True
1997-04-30,EUR,0.881135,105.34,,5.5,DM,True
1997-05-31,EUR,0.870277,105.29,,5.5,DM,True
1997-06-30,EUR,0.88494,103.77,,5.5,DM,True
1997-07-31,EUR,0.925532,101.85,,5.5,DM,True
1997-08-31,EUR,0.911544,100.82,,5.5,DM,True
1997-09-30,EUR,0.898473,102.88,,5.5,DM,True
1997-10-31,EUR,0.875067,104.32,,5.5,DM,True
1997-11-30,EUR,0.891806,106.29,,5.5,DM,True
1997-12-31,EUR,0.905625,106.8,,5.5,DM,True
1998-01-31,EUR,0.922952,106.51,,5.5,DM,True
1998-02-28,EUR,0.917431,105.33,,5.5,DM,True
1998-03-31,EUR,0.929213,104.37,,5.5,DM,True
1998-04-30,EUR,0.908678,104.66,,5.5,DM,True
1998-05-31,EUR,0.905994,106.97,,5.5,DM,True
1998-06-30,EUR,0.912492,107.67,,5.5,DM,True
1998-07-31,EUR,0.903204,107.66,,5.5,DM,True
1998-08-31,EUR,0.897481,108.93,,5.5,DM,True
1998-09-30,EUR,0.853541,111.9,,5.25,DM,True
1998-10-31,EUR,0.844609,112.6,,5,DM,True
1998-11-30,EUR,0.868282,110.23,,4.75,DM,True
1998-12-31,EUR,0.857082,110.77,,4.75,DM,True
1999-01-31,EUR,0.878426,109.92,3,4.75,DM,True
1999-02-28,EUR,0.907606,108.2,3,4.75,DM,True
1999-03-31,EUR,0.930925,106.58,3,4.75,DM,True
1999-04-30,EUR,0.943663,104.94,2.5,4.75,DM,True
1999-05-31,EUR,0.956389,104.2,2.5,4.75,DM,True
1999-06-30,EUR,0.968242,102.12,2.5,5,DM,True
1999-07-31,EUR,0.935104,102.23,2.5,5,DM,True
1999-08-31,EUR,0.945805,103.46,2.5,5.25,DM,True
1999-09-30,EUR,0.937647,101.64,2.5,5.25,DM,True
1999-10-31,EUR,0.956663,102.57,2.5,5.25,DM,True
1999-11-30,EUR,0.990393,100.03,3,5.5,DM,True
1999-12-31,EUR,0.995421,98.14,3,5.5,DM,True
2000-01-31,EUR,1.021346,97.97,3,5.5,DM,True
2000-02-29,EUR,1.029442,96.32,3.25,5.75,DM,True
2000-03-31,EUR,1.046792,94.76,3.5,6,DM,True
2000-04-30,EUR,1.100715,93.23,3.75,6,DM,True
2000-05-31,EUR,1.074922,91.43,3.75,6.5,DM,True
2000-06-30,EUR,1.046463,94.76,4.25,6.5,DM,True
2000-07-31,EUR,1.0819,94.21,4.25,6.5,DM,True
2000-08-31,EUR,1.122839,91.56,4.25,6.5,DM,True
2000-09-30,EUR,1.140901,89.36,4.5,6.5,DM,True
2000-10-31,EUR,1.188072,88.06,4.75,6.5,DM,True
2000-11-30,EUR,1.151543,88.62,4.75,6.5,DM,True
2000-12-31,EUR,1.074691,92.2,4.75,6.5,DM,True
2001-01-31,EUR,1.076079,95.22,4.75,5.5,DM,True
2001-02-28,EUR,1.081315,94.49,4.75,5.5,DM,True
2001-03-31,EUR,1.132246,94.9,4.75,5,DM,True
2001-04-30,EUR,1.126634,94.34,4.75,4.5,DM,True
2001-05-31,EUR,1.179245,92.49,4.5,4,DM,True
2001-06-30,EUR,1.179245,91.1,4.5,3.75,DM,True
2001-07-31,EUR,1.142204,92.2,4.5,3.75,DM,True
2001-08-31,EUR,1.091941,94.92,4.25,3.5,DM,True
2001-09-30,EUR,1.09517,95.59,3.75,3,DM,True
2001-10-31,EUR,1.10595,95.61,3.75,2.5,DM,True
2001-11-30,EUR,1.123848,93.86,3.25,2,DM,True
2001-12-31,EUR,1.134687,94.73,3.25,1.75,DM,True
2002-01-31,EUR,1.157809,93.97,3.25,1.75,DM,True
2002-02-28,EUR,1.155936,93.03,3.25,1.75,DM,True
2002-03-31,EUR,1.146263,93.52,3.25,1.75,DM,True
2002-04-30,EUR,1.110124,93.78,3.25,1.75,DM,True
2002-05-31,EUR,1.065303,95.98,3.25,1.75,DM,True
2002-06-30,EUR,1.002506,98.77,3.25,1.75,DM,True
2002-07-31,EUR,1.022181,100.92,3.25,1.75,DM,True
2002-08-31,EUR,1.016984,100.26,3.25,1.75,DM,True
2002-09-30,EUR,1.014199,100.32,3.25,1.75,DM,True
2002-10-31,EUR,1.013788,100.67,3.25,1.75,DM,True
2002-11-30,EUR,1.007354,101.11,3.25,1.25,DM,True
2002-12-31,EUR,0.953562,102.57,2.75,1.25,DM,True
2003-01-31,EUR,0.924556,104.91,2.75,1.25,DM,True
2003-02-28,EUR,0.927472,106.26,2.75,1.25,DM,True
2003-03-31,EUR,0.917852,107.2,2.5,1.25,DM,True
2003-04-30,EUR,0.898392,107.39,2.5,1.25,DM,True
2003-05-31,EUR,0.845881,111.33,2.5,1.25,DM,True
2003-06-30,EUR,0.87512,112.06,2,1,DM,True
2003-07-31,EUR,0.883548,110.36,2,1,DM,True
2003-08-31,EUR,0.915164,108.98,2,1,DM,True
2003-09-30,EUR,0.858222,108.81,2,1,DM,True
2003-10-31,EUR,0.860437,110.94,2,1,DM,True
2003-11-30,EUR,0.83375,110.9,2,1,DM,True
2003-12-31,EUR,0.791766,114.32,2,1,DM,True
2004-01-31,EUR,0.807494,114.89,2,1,DM,True
2004-02-29,EUR,0.805283,114.75,2,1,DM,True
2004-03-31,EUR,0.818063,112.83,2,1,DM,True
2004-04-30,EUR,0.83703,111.08,2,1,DM,True
2004-05-31,EUR,0.819807,112.34,2,1,DM,True
2004-06-30,EUR,0.822707,112.31,2,1.25,DM,True
2004-07-31,EUR,0.830634,112.5,2,1.25,DM,True
2004-08-31,EUR,0.825696,112.37,2,1.5,DM,True
2004-09-30,EUR,0.805867,112.51,2,1.75,DM,True
2004-10-31,EUR,0.785114,113.7,2,1.75,DM,True
2004-11-30,EUR,0.752162,115.05,2,2,DM,True
2004-12-31,EUR,0.73416,116.79,2,2.25,DM,True
2005-01-31,EUR,0.767165,114.17,2,2.25,DM,True
2005-02-28,EUR,0.754318,112.91,2,2.5,DM,True
2005-03-31,EUR,0.771367,114.37,2,2.75,DM,True
2005-04-30,EUR,0.771784,113.47,2,2.75,DM,True
2005-05-31,EUR,0.810964,112.27,2,3,DM,True
2005-06-30,EUR,0.826993,109.4,2,3.25,DM,True
2005-07-31,EUR,0.826925,109.17,2,3.25,DM,True
2005-08-31,EUR,0.819807,109.79,2,3.5,DM,True
2005-09-30,EUR,0.830427,109.21,2,3.75,DM,True
2005-10-31,EUR,0.831739,108.58,2,3.75,DM,True
2005-11-30,EUR,0.84969,107.51,2,4,DM,True
2005-12-31,EUR,0.847673,107.79,2.25,4.25,DM,True
2006-01-31,EUR,0.825219,107.5,2.25,4.5,DM,True
2006-02-28,EUR,0.842105,106.41,2.25,4.5,DM,True
2006-03-31,EUR,0.826173,107.74,2.5,4.75,DM,True
2006-04-30,EUR,0.797639,109.04,2.5,4.75,DM,True
2006-05-31,EUR,0.777122,110.81,2.5,5,DM,True
2006-06-30,EUR,0.786596,111.5,2.75,5.25,DM,True
2006-07-31,EUR,0.783269,111.41,2.75,5.25,DM,True
2006-08-31,EUR,0.77815,111.17,3,5.25,DM,True
2006-09-30,EUR,0.789889,110.78,3,5.25,DM,True
2006-10-31,EUR,0.78765,110.1,3.25,5.25,DM,True
2006-11-30,EUR,0.757576,110.63,3.25,5.25,DM,True
2006-12-31,EUR,0.759301,111.78,3.5,5.25,DM,True
2007-01-31,EUR,0.771962,110.26,3.5,5.25,DM,True
2007-02-28,EUR,0.756945,110.4,3.5,5.25,DM,True
2007-03-31,EUR,0.750863,111.56,3.75,5.25,DM,True
2007-04-30,EUR,0.735024,112.55,3.75,5.25,DM,True
2007-05-31,EUR,0.743329,112.21,3.75,5.25,DM,True
2007-06-30,EUR,0.740466,111.59,4,5.25,DM,True
2007-07-31,EUR,0.729554,111.84,4,5.25,DM,True
2007-08-31,EUR,0.729661,111.53,4,5.25,DM,True
2007-09-30,EUR,0.705268,112.48,4,4.75,DM,True
2007-10-31,EUR,0.692185,113.25,4,4.5,DM,True
2007-11-30,EUR,0.677461,114.92,4,4.5,DM,True
2007-12-31,EUR,0.679302,114.8,4,4.25,DM,True
2008-01-31,EUR,0.672495,114.19,4,3,DM,True
2008-02-29,EUR,0.659326,113.31,4,3,DM,True
2008-03-31,EUR,0.632431,117.21,4,2.25,DM,True
2008-04-30,EUR,0.643501,118.04,4,2,DM,True
2008-05-31,EUR,0.644828,117.29,4,2,DM,True
2008-06-30,EUR,0.634357,116.83,4,2,DM,True
2008-07-31,EUR,0.640574,116.44,4.25,2,DM,True
2008-08-31,EUR,0.678656,113.44,4.25,2,DM,True
2008-09-30,EUR,0.699154,112.03,4.25,2,DM,True
2008-10-31,EUR,0.783883,109.48,3.75,1,DM,True
2008-11-30,EUR,0.785731,108.65,3.25,1,DM,True
2008-12-31,EUR,0.718546,114.4,2.5,0.125,DM,True
2009-01-31,EUR,0.780275,113.39,2,0.125,DM,True
2009-02-28,EUR,0.790889,112.8,2,0.125,DM,True
2009-03-31,EUR,0.751428,115.36,1.5,0.125,DM,True
2009-04-30,EUR,0.753296,114.3,1.25,0.125,DM,True
2009-05-31,EUR,0.70932,114.74,1,0.125,DM,True
2009-06-30,EUR,0.707514,116.13,1,0.125,DM,True
2009-07-31,EUR,0.707314,115.09,1,0.125,DM,True
2009-08-31,EUR,0.700673,115.29,1,0.125,DM,True
2009-09-30,EUR,0.68292,116.35,1,0.125,DM,True
2009-10-31,EUR,0.675676,117.38,1,0.125,DM,True
2009-11-30,EUR,0.665646,117.2,1,0.125,DM,True
2009-12-31,EUR,0.694155,116.08,1,0.125,DM,True
2010-01-31,EUR,0.716025,112.13,1,0.125,DM,True
2010-02-28,EUR,0.73692,109.06,1,0.125,DM,True
2010-03-31,EUR,0.741895,108.94,1,0.125,DM,True
2010-04-30,EUR,0.751033,107.42,1,0.125,DM,True
2010-05-31,EUR,0.812546,104.01,1,0.125,DM,True
2010-06-30,EUR,0.81493,102.13,1,0.125,DM,True
2010-07-31,EUR,0.767578,103.74,1,0.125,DM,True
2010-08-31,EUR,0.788644,103.36,1,0.125,DM,True
2010-09-30,EUR,0.732708,103.65,1,0.125,DM,True
2010-10-31,EUR,0.721657,107.12,1,0.125,DM,True
2010-11-30,EUR,0.769349,105.64,1,0.125,DM,True
2010-12-31,EUR,0.748391,103.6,1,0.125,DM,True
2011-01-31,EUR,0.730353,102.22,1,0.125,DM,True
2011-02-28,EUR,0.722857,103.32,1,0.125,DM,True
2011-03-31,EUR,0.703878,105.98,1,0.125,DM,True
2011-04-30,EUR,0.672948,107.69,1.25,0.125,DM,True
2011-05-31,EUR,0.695169,106.52,1.25,0.125,DM,True
2011-06-30,EUR,0.691898,106.74,1.25,0.125,DM,True
2011-07-31,EUR,0.701262,105.09,1.5,0.125,DM,True
2011-08-31,EUR,0.692042,105.52,1.5,0.125,DM,True
2011-09-30,EUR,0.740576,105.1,1.5,0.125,DM,True
2011-10-31,EUR,0.714235,105.65,1.5,0.125,DM,True
2011-11-30,EUR,0.745268,105.12,1.25,0.125,DM,True
2011-12-31,EUR,0.772857,103.56,1,0.125,DM,True
2012-01-31,EUR,0.758956,100.04,1,0.125,DM,True
2012-02-29,EUR,0.743882,100.6,1,0.125,DM,True
2012-03-31,EUR,0.748727,101.76,1,0.125,DM,True
2012-04-30,EUR,0.756773,101.75,1,0.125,DM,True
2012-05-31,EUR,0.806257,100.49,1,0.125,DM,True
2012-06-30,EUR,0.794281,99.95,1,0.125,DM,True
2012-07-31,EUR,0.814067,97.45,0.75,0.125,DM,True
2012-08-31,EUR,0.792959,97.43,0.75,0.125,DM,True
2012-09-30,EUR,0.773395,99.91,0.75,0.125,DM,True
2012-10-31,EUR,0.769645,100.46,0.75,0.125,DM,True
2012-11-30,EUR,0.77006,99.73,0.75,0.125,DM,True
2012-12-31,EUR,0.75792,101.33,0.75,0.125,DM,True
2013-01-31,EUR,0.738007,101.37,0.75,0.125,DM,True
2013-02-28,EUR,0.761673,102.17,0.75,0.125,DM,True
2013-03-31,EUR,0.780945,101.72,0.75,0.125,DM,True
2013-04-30,EUR,0.764994,101.74,0.75,0.125,DM,True
2013-05-31,EUR,0.768876,101.98,0.5,0.125,DM,True
2013-06-30,EUR,0.764526,103.86,0.5,0.125,DM,True
2013-07-31,EUR,0.753296,103.15,0.5,0.125,DM,True
2013-08-31,EUR,0.755572,104.43,0.5,0.125,DM,True
2013-09-30,EUR,0.740466,104.52,0.5,0.125,DM,True
2013-10-31,EUR,0.733084,105.13,0.5,0.125,DM,True
2013-11-30,EUR,0.7347,104.95,0.25,0.125,DM,True
2013-12-31,EUR,0.725111,106.68,0.25,0.125,DM,True
2014-01-31,EUR,0.739864,105.25,0.25,0.125,DM,True
2014-02-28,EUR,0.723956,105.51,0.25,0.125,DM,True
2014-03-31,EUR,0.725268,107.44,0.25,0.125,DM,True
2014-04-30,EUR,0.722022,106.96,0.25,0.125,DM,True
2014-05-31,EUR,0.734916,105.84,0.25,0.125,DM,True
2014-06-30,EUR,0.732172,104.99,0.15,0.125,DM,True
2014-07-31,EUR,0.74744,103.78,0.15,0.125,DM,True
2014-08-31,EUR,0.758265,103.18,0.15,0.125,DM,True
2014-09-30,EUR,0.794723,101.81,0.05,0.125,DM,True
2014-10-31,EUR,0.798467,101.05,0.05,0.125,DM,True
2014-11-30,EUR,0.801089,100.98,0.05,0.125,DM,True
2014-12-31,EUR,0.823655,101.6,0.05,0.125,DM,True
2015-01-31,EUR,0.884564,96.5,0.05,0.125,DM,True
2015-02-28,EUR,0.88968,94.82,0.05,0.125,DM,True
2015-03-31,EUR,0.929454,92.85,0.05,0.125,DM,True
2015-04-30,EUR,0.891663,92.07,0.05,0.125,DM,True
2015-05-31,EUR,0.911577,94.07,0.05,0.125,DM,True
2015-06-30,EUR,0.893735,95.11,0.05,0.125,DM,True
2015-07-31,EUR,0.911826,93.58,0.05,0.125,DM,True
2015-08-31,EUR,0.891663,96,0.05,0.125,DM,True
2015-09-30,EUR,0.892618,97.53,0.05,0.125,DM,True
2015-10-31,EUR,0.907688,97.08,0.05,0.125,DM,True
2015-11-30,EUR,0.945269,93.86,0.05,0.125,DM,True
2015-12-31,EUR,0.918527,95.66,0.05,0.375,DM,True
2016-01-31,EUR,0.915751,95.66,0.05,0.375,DM,True
2016-02-29,EUR,0.918442,96.58,0.05,0.375,DM,True
2016-03-31,EUR,0.878349,96.69,0,0.375,DM,True
2016-04-30,EUR,0.876962,97.33,0,0.375,DM,True
2016-05-31,EUR,0.896539,98.01,0,0.375,DM,True
2016-06-30,EUR,0.900739,97.61,0,0.375,DM,True
2016-07-31,EUR,0.899847,96.82,0,0.375,DM,True
2016-08-31,EUR,0.898311,97.26,0,0.375,DM,True
2016-09-30,EUR,0.895977,97.61,0,0.375,DM,True
2016-10-31,EUR,0.913576,97.39,0,0.375,DM,True
2016-11-30,EUR,0.940291,96.63,0,0.375,DM,True
2016-12-31,EUR,0.948677,95.98,0,0.625,DM,True
2017-01-31,EUR,0.9298,95.13,0,0.625,DM,True
2017-02-28,EUR,0.943663,94.49,0,0.625,DM,True
2017-03-31,EUR,0.935366,95.6,0,0.875,DM,True
2017-04-30,EUR,0.914913,95.55,0,0.875,DM,True
2017-05-31,EUR,0.891186,97.35,0,0.875,DM,True
2017-06-30,EUR,0.876271,98.26,0,1.125,DM,True
2017-07-31,EUR,0.852733,99.38,0,1.125,DM,True
2017-08-31,EUR,0.845666,100.89,0,1.125,DM,True
2017-09-30,EUR,0.847027,101,0,1.125,DM,True
2017-10-31,EUR,0.859254,100.57,0,1.125,DM,True
2017-11-30,EUR,0.843953,100.28,0,1.125,DM,True
2017-12-31,EUR,0.83382,100.71,0,1.375,DM,True
2018-01-31,EUR,0.802761,100.19,0,1.375,DM,True
2018-02-28,EUR,0.818733,100.24,0,1.375,DM,True
2018-03-31,EUR,0.811622,101.7,0,1.625,DM,True
2018-04-30,EUR,0.827883,101.9,0,1.625,DM,True
2018-05-31,EUR,0.854774,101.15,0,1.625,DM,True
2018-06-30,EUR,0.85778,101.05,0,1.875,DM,True
2018-07-31,EUR,0.852079,101.92,0,1.875,DM,True
2018-08-31,EUR,0.858295,102.23,0,1.875,DM,True
2018-09-30,EUR,0.863856,103.28,0,2.125,DM,True
2018-10-31,EUR,0.883548,102.16,0,2.125,DM,True
2018-11-30,EUR,0.880359,100.87,0,2.125,DM,True
2018-12-31,EUR,0.873362,100.93,0,2.375,DM,True
2019-01-31,EUR,0.870474,99.28,0,2.375,DM,True
2019-02-28,EUR,0.875964,98.39,0,2.375,DM,True
2019-03-31,EUR,0.890076,98.87,0,2.375,DM,True
2019-04-30,EUR,0.891424,99.09,0,2.375,DM,True
2019-05-31,EUR,0.896781,99.64,0,2.375,DM,True
2019-06-30,EUR,0.878735,100.16,0,2.375,DM,True
2019-07-31,EUR,0.896781,98.77,0,2.375,DM,True
2019-08-31,EUR,0.906125,99.49,0,2.125,DM,True
2019-09-30,EUR,0.918358,98.74,0,1.875,DM,True
2019-10-31,EUR,0.896539,98.49,0,1.625,DM,True
2019-11-30,EUR,0.910581,97.49,0,1.625,DM,True
2019-12-31,EUR,0.890155,97.67,0,1.625,DM,True
2020-01-31,EUR,0.904814,95.74,0,1.625,DM,True
2020-02-29,EUR,0.910996,94.99,0,1.625,DM,True
2020-03-31,EUR,0.912742,99,0,0.125,DM,True
2020-04-30,EUR,0.919456,99.78,0,0.125,DM,True
2020-05-31,EUR,0.897989,99.84,0,0.125,DM,True
2020-06-30,EUR,0.893017,100.96,0,0.125,DM,True
2020-07-31,EUR,0.844024,101.02,0,0.125,DM,True
2020-08-31,EUR,0.837521,101.98,0,0.125,DM,True
2020-09-30,EUR,0.854117,101.96,0,0.125,DM,True
2020-10-31,EUR,0.854847,101.97,0,0.125,DM,True
2020-11-30,EUR,0.834725,100.89,0,0.125,DM,True
2020-12-31,EUR,0.81493,101.88,0,0.125,DM,True
2021-01-31,EUR,0.823995,100.97,0,0.125,DM,True
2021-02-28,EUR,0.825014,99.84,0,0.125,DM,True
2021-03-31,EUR,0.852878,100.78,0,0.125,DM,True
2021-04-30,EUR,0.827678,101.46,0,0.125,DM,True
2021-05-31,EUR,0.819605,101.67,0,0.125,DM,True
2021-06-30,EUR,0.841468,101.04,0,0.125,DM,True
2021-07-31,EUR,0.840972,100.07,0,0.125,DM,True
2021-08-31,EUR,0.845023,99.68,0,0.125,DM,True
2021-09-30,EUR,0.863632,99.78,0,0.125,DM,True
2021-10-31,EUR,0.858738,99.27,0,0.125,DM,True
2021-11-30,EUR,0.880049,98.78,0,0.125,DM,True
2021-12-31,EUR,0.882924,98.78,0,0.125,DM,True
2022-01-31,EUR,0.896379,97.48,0,0.125,DM,True
2022-02-28,EUR,0.892937,97.71,0,0.125,DM,True
2022-03-31,EUR,0.90082,98.62,0,0.375,DM,True
2022-04-30,EUR,0.948767,96.7,0,0.375,DM,True
2022-05-31,EUR,0.933445,97.17,0,0.875,DM,True
2022-06-30,EUR,0.962742,97.45,0,1.625,DM,True
2022-07-31,EUR,0.980584,95.43,0.5,2.375,DM,True
2022-08-31,EUR,1,95.33,0.5,2.375,DM,True
2022-09-30,EUR,1.025851,96.15,1.25,3.125,DM,True
2022-10-31,EUR,1.008675,97.97,1.25,3.125,DM,True
2022-11-30,EUR,0.963763,98.8,2,3.875,DM,True
2022-12-31,EUR,0.937559,99.43,2.5,4.375,DM,True
2023-01-31,EUR,0.923105,98.19,2.5,4.375,DM,True
2023-02-28,EUR,0.941708,98.36,3,4.625,DM,True
2023-03-31,EUR,0.91954,99.24,3.5,4.875,DM,True
2023-04-30,EUR,0.910664,100.71,3.5,4.875,DM,True
2023-05-31,EUR,0.936067,100.45,3.75,5.125,DM,True
2023-06-30,EUR,0.920302,101.39,4,5.125,DM,True
2023-07-31,EUR,0.907194,102.39,4,5.375,DM,True
2023-08-31,EUR,0.920132,102.37,4.25,5.375,DM,True
2023-09-30,EUR,0.943931,101.94,4.5,5.375,DM,True
2023-10-31,EUR,0.941708,101.43,4.5,5.375,DM,True
2023-11-30,EUR,0.914829,101.41,4.5,5.375,DM,True
2023-12-31,EUR,0.904977,101.09,4.5,5.375,DM,True
2024-01-31,EUR,0.922765,100.63,4.5,5.375,DM,True
2024-02-29,EUR,0.923702,100.26,4.5,5.375,DM,True
2024-03-31,EUR,0.924984,101.68,4.5,5.375,DM,True
2024-04-30,EUR,0.93301,101.7,4.5,5.375,DM,True
2024-05-31,EUR,0.921489,101.89,4.5,5.375,DM,True
2024-06-30,EUR,0.934143,101.79,4.25,5.375,DM,True
2024-07-31,EUR,0.923532,101.83,4.25,5.375,DM,True
2024-08-31,EUR,0.901957,101.78,4.25,5.375,DM,True
2024-09-30,EUR,0.893176,101.43,3.5,4.875,DM,True
2024-10-31,EUR,0.918949,101.04,3.25,4.875,DM,True
2024-11-30,EUR,0.94679,100.09,3.25,4.625,DM,True
2024-12-31,EUR,0.962557,99.65,3,4.375,DM,True
2025-01-31,EUR,0.962186,98.52,3,4.375,DM,True
2025-02-28,EUR,0.960523,98.12,2.75,4.375,DM,True
2025-03-31,EUR,0.924642,100.68,2.5,4.375,DM,True
2025-04-30,EUR,0.879275,103.57,2.25,4.375,DM,True
2025-05-31,EUR,0.881912,102.77,2.25,4.375,DM,True
2025-06-30,EUR,0.853242,103.89,2,4.375,DM,True
2025-07-31,EUR,0.873668,104.42,2,4.375,DM,True
2025-08-31,EUR,0.85778,104.35,2,4.375,DM,True
2025-09-30,EUR,0.851716,104.6,2,4.125,DM,True
2025-10-31,EUR,0.865501,104.16,2,3.875,DM,True
2025-11-30,EUR,0.864603,103.68,2,3.875,DM,True
2025-12-31,EUR,0.851064,104.17,2,3.625,DM,True
2026-01-31,EUR,0.838997,102.97,2,3.625,DM,True
2026-02-28,EUR,0.847099,102.8,2,3.625,DM,True
2026-03-31,EUR,0.869716,103.1,2,3.625,DM,True
2026-04-30,EUR,0.854555,103.93,2,3.625,DM,True
2026-05-31,EUR,0.858811,103.39,2,3.625,DM,True
2026-06-30,EUR,0.877655,102.69,2.25,3.625,DM,True
2026-07-31,EUR,0.870701,,2.25,3.625,DM,True
1995-01-31,GBP,0.628258,110.97,6.125,5.5,DM,True
1995-02-28,GBP,0.633512,109.76,6.625,6,DM,True
1995-03-31,GBP,0.619385,108.41,6.625,6,DM,True
1995-04-30,GBP,0.620154,106.99,6.625,6,DM,True
1995-05-31,GBP,0.62247,106.98,6.625,6,DM,True
1995-06-30,GBP,0.626958,106.59,6.625,6,DM,True
1995-07-31,GBP,0.623829,105.7,6.625,5.75,DM,True
1995-08-31,GBP,0.64371,106.88,6.625,5.75,DM,True
1995-09-30,GBP,0.63291,107.45,6.625,5.75,DM,True
1995-10-31,GBP,0.633915,106.77,6.625,5.75,DM,True
1995-11-30,GBP,0.652403,105.67,6.625,5.75,DM,True
1995-12-31,GBP,0.644663,105.61,6.375,5.5,DM,True
1996-01-31,GBP,0.664012,105.3,6.125,5.25,DM,True
1996-02-29,GBP,0.653935,106.02,6.125,5.25,DM,True
1996-03-31,GBP,0.655521,105.74,5.9375,5.25,DM,True
1996-04-30,GBP,0.662777,105.95,5.9375,5.25,DM,True
1996-05-31,GBP,0.649352,106.96,5.9375,5.25,DM,True
1996-06-30,GBP,0.645867,108.84,5.6875,5.25,DM,True
1996-07-31,GBP,0.641603,108.23,5.6875,5.25,DM,True
1996-08-31,GBP,0.642547,107.59,5.6875,5.25,DM,True
1996-09-30,GBP,0.640166,109.41,5.6875,5.25,DM,True
1996-10-31,GBP,0.61425,111.8,5.9375,5.25,DM,True
1996-11-30,GBP,0.594532,116.29,5.9375,5.25,DM,True
1996-12-31,GBP,0.588411,118.26,5.9375,5.25,DM,True
1997-01-31,GBP,0.623403,119.5,5.9375,5.25,DM,True
1997-02-28,GBP,0.614099,120.49,5.9375,5.25,DM,True
1997-03-31,GBP,0.614515,120.15,5.9375,5.5,DM,True
1997-04-30,GBP,0.613949,122.71,5.9375,5.5,DM,True
1997-05-31,GBP,0.610539,122.45,6.25,5.5,DM,True
1997-06-30,GBP,0.600494,124.06,6.5,5.5,DM,True
1997-07-31,GBP,0.610947,128.09,6.75,5.5,DM,True
1997-08-31,GBP,0.616715,126.07,7,5.5,DM,True
1997-09-30,GBP,0.619579,124.65,7,5.5,DM,True
1997-10-31,GBP,0.597194,125.96,7,5.5,DM,True
1997-11-30,GBP,0.595946,129.85,7.25,5.5,DM,True
1997-12-31,GBP,0.60383,131.63,7.25,5.5,DM,True
1998-01-31,GBP,0.610871,131.81,7.25,5.5,DM,True
1998-02-28,GBP,0.607425,131.15,7.25,5.5,DM,True
1998-03-31,GBP,0.593965,133.19,7.25,5.5,DM,True
1998-04-30,GBP,0.599592,133.97,7.25,5.5,DM,True
1998-05-31,GBP,0.613422,130.69,7.25,5.5,DM,True
1998-06-30,GBP,0.599626,133.25,7.5,5.5,DM,True
1998-07-31,GBP,0.610798,132.48,7.5,5.5,DM,True
1998-08-31,GBP,0.599952,132.28,7.5,5.5,DM,True
1998-09-30,GBP,0.588891,132.32,7.5,5.25,DM,True
1998-10-31,GBP,0.595948,129.12,7.25,5,DM,True
1998-11-30,GBP,0.60687,128.34,6.75,4.75,DM,True
1998-12-31,GBP,0.604633,128.77,6.25,4.75,DM,True
1999-01-31,GBP,0.606992,127.05,6,4.75,DM,True
1999-02-28,GBP,0.623797,128.23,5.5,4.75,DM,True
1999-03-31,GBP,0.620276,130.89,5.5,4.75,DM,True
1999-04-30,GBP,0.620081,131.03,5.25,4.75,DM,True
1999-05-31,GBP,0.623948,132.23,5.25,4.75,DM,True
1999-06-30,GBP,0.635457,132.11,5,5,DM,True
1999-07-31,GBP,0.616981,129.52,5,5,DM,True
1999-08-31,GBP,0.622813,130.26,5,5.25,DM,True
1999-09-30,GBP,0.607126,132.22,5.25,5.25,DM,True
1999-10-31,GBP,0.611595,132.99,5.25,5.25,DM,True
1999-11-30,GBP,0.626424,132.79,5.5,5.5,DM,True
1999-12-31,GBP,0.618853,133.56,5.5,5.5,DM,True
2000-01-31,GBP,0.617608,133.96,5.75,5.5,DM,True
2000-02-29,GBP,0.63146,133.49,6,5.75,DM,True
2000-03-31,GBP,0.626505,132.8,6,6,DM,True
2000-04-30,GBP,0.637755,134.97,6,6,DM,True
2000-05-31,GBP,0.669139,132.53,6,6.5,DM,True
2000-06-30,GBP,0.661679,128.76,6,6.5,DM,True
2000-07-31,GBP,0.668506,128.8,6,6.5,DM,True
2000-08-31,GBP,0.688525,129.93,6,6.5,DM,True
2000-09-30,GBP,0.680776,128.34,6,6.5,DM,True
2000-10-31,GBP,0.690151,131.6,6,6.5,DM,True
2000-11-30,GBP,0.705666,129.45,6,6.5,DM,True
2000-12-31,GBP,0.670715,129.18,6,6.5,DM,True
2001-01-31,GBP,0.685139,126.58,6,5.5,DM,True
2001-02-28,GBP,0.690636,125.82,5.75,5.5,DM,True
2001-03-31,GBP,0.701087,127.01,5.75,5,DM,True
2001-04-30,GBP,0.69795,128.08,5.5,4.5,DM,True
2001-05-31,GBP,0.704363,128.93,5.25,4,DM,True
2001-06-30,GBP,0.711203,128.7,5.25,3.75,DM,True
2001-07-31,GBP,0.701656,129.04,5.25,3.75,DM,True
2001-08-31,GBP,0.686285,127.92,5,3.5,DM,True
2001-09-30,GBP,0.681196,129.43,4.75,3,DM,True
2001-10-31,GBP,0.687127,128.79,4.5,2.5,DM,True
2001-11-30,GBP,0.701056,128.65,4,2,DM,True
2001-12-31,GBP,0.690457,128.98,4,1.75,DM,True
2002-01-31,GBP,0.707537,128.49,4,1.75,DM,True
2002-02-28,GBP,0.70645,128.71,4,1.75,DM,True
2002-03-31,GBP,0.702659,127.96,4,1.75,DM,True
2002-04-30,GBP,0.686945,128.61,4,1.75,DM,True
2002-05-31,GBP,0.682327,127.28,4,1.75,DM,True
2002-06-30,GBP,0.651429,126.07,4,1.75,DM,True
2002-07-31,GBP,0.639988,128.66,4,1.75,DM,True
2002-08-31,GBP,0.645988,128.89,4,1.75,DM,True
2002-09-30,GBP,0.638438,130.29,4,1.75,DM,True
2002-10-31,GBP,0.641322,130.57,4,1.75,DM,True
2002-11-30,GBP,0.644203,129.54,4,1.25,DM,True
2002-12-31,GBP,0.620292,129.43,4,1.25,DM,True
2003-01-31,GBP,0.606232,127.2,4,1.25,DM,True
2003-02-28,GBP,0.634576,125.5,3.75,1.25,DM,True
2003-03-31,GBP,0.632951,123.27,3.75,1.25,DM,True
2003-04-30,GBP,0.626179,122.32,3.75,1.25,DM,True
2003-05-31,GBP,0.608696,120.71,3.75,1.25,DM,True
2003-06-30,GBP,0.606633,122.85,3.75,1,DM,True
2003-07-31,GBP,0.620163,121.93,3.5,1,DM,True
2003-08-31,GBP,0.633843,121.48,3.5,1,DM,True
2003-09-30,GBP,0.599554,121.81,3.5,1,DM,True
2003-10-31,GBP,0.590518,123.22,3.5,1,DM,True
2003-11-30,GBP,0.581207,123.88,3.75,1,DM,True
2003-12-31,GBP,0.558036,124.6,3.75,1,DM,True
2004-01-31,GBP,0.55281,126.7,3.75,1,DM,True
2004-02-29,GBP,0.539539,129.73,4,1,DM,True
2004-03-31,GBP,0.544748,128.82,4,1,DM,True
2004-04-30,GBP,0.563907,128.64,4,1,DM,True
2004-05-31,GBP,0.544966,128.19,4.25,1,DM,True
2004-06-30,GBP,0.551831,129.76,4.5,1.25,DM,True
2004-07-31,GBP,0.550336,129.59,4.5,1.25,DM,True
2004-08-31,GBP,0.557757,128.79,4.75,1.5,DM,True
2004-09-30,GBP,0.553469,126.47,4.75,1.75,DM,True
2004-10-31,GBP,0.546165,125.17,4.75,1.75,DM,True
2004-11-30,GBP,0.523956,125.12,4.75,2,DM,True
2004-12-31,GBP,0.51762,127.36,4.75,2.25,DM,True
2005-01-31,GBP,0.530265,125.1,4.75,2.25,DM,True
2005-02-28,GBP,0.520291,125.91,4.75,2.5,DM,True
2005-03-31,GBP,0.531086,125.95,4.75,2.75,DM,True
2005-04-30,GBP,0.522883,127.02,4.75,2.75,DM,True
2005-05-31,GBP,0.549104,126.19,4.75,3,DM,True
2005-06-30,GBP,0.557559,127,4.75,3.25,DM,True
2005-07-31,GBP,0.569999,123.33,4.75,3.25,DM,True
2005-08-31,GBP,0.559846,124.31,4.5,3.5,DM,True
2005-09-30,GBP,0.56631,125.09,4.5,3.75,DM,True
2005-10-31,GBP,0.562796,123.71,4.5,3.75,DM,True
2005-11-30,GBP,0.579616,123.62,4.5,4,DM,True
2005-12-31,GBP,0.58091,123.78,4.5,4.25,DM,True
2006-01-31,GBP,0.564697,122.29,4.5,4.5,DM,True
2006-02-28,GBP,0.572295,122.25,4.5,4.5,DM,True
2006-03-31,GBP,0.575347,121.32,4.5,4.75,DM,True
2006-04-30,GBP,0.553721,121.19,4.5,4.75,DM,True
2006-05-31,GBP,0.533028,125.27,4.5,5,DM,True
2006-06-30,GBP,0.544403,125.21,4.5,5.25,DM,True
2006-07-31,GBP,0.535991,124.94,4.5,5.25,DM,True
2006-08-31,GBP,0.524551,127.68,4.75,5.25,DM,True
2006-09-30,GBP,0.535308,127.89,4.75,5.25,DM,True
2006-10-31,GBP,0.526544,128.05,4.75,5.25,DM,True
2006-11-30,GBP,0.510795,128.57,5,5.25,DM,True
2006-12-31,GBP,0.509871,130.1,5,5.25,DM,True
2007-01-31,GBP,0.512004,130.44,5.25,5.25,DM,True
2007-02-28,GBP,0.509916,129.87,5.25,5.25,DM,True
2007-03-31,GBP,0.510437,127.98,5.25,5.25,DM,True
2007-04-30,GBP,0.501801,128.4,5.25,5.25,DM,True
2007-05-31,GBP,0.505501,127.73,5.5,5.25,DM,True
2007-06-30,GBP,0.499074,128.63,5.5,5.25,DM,True
2007-07-31,GBP,0.49172,128.66,5.75,5.25,DM,True
2007-08-31,GBP,0.494673,128.12,5.75,5.25,DM,True
2007-09-30,GBP,0.491431,126.31,5.75,4.75,DM,True
2007-10-31,GBP,0.482661,125.5,5.75,4.5,DM,True
2007-11-30,GBP,0.48408,123.95,5.75,4.5,DM,True
2007-12-31,GBP,0.498166,122,5.5,4.25,DM,True
2008-01-31,GBP,0.502824,116.65,5.5,3,DM,True
2008-02-29,GBP,0.504516,115.98,5.25,3,DM,True
2008-03-31,GBP,0.503289,114.24,5.25,2.25,DM,True
2008-04-30,GBP,0.508462,112.22,5,2,DM,True
2008-05-31,GBP,0.506835,112.25,5,2,DM,True
2008-06-30,GBP,0.502569,112.52,5,2,DM,True
2008-07-31,GBP,0.505381,112.26,5,2,DM,True
2008-08-31,GBP,0.546318,111.27,5,2,DM,True
2008-09-30,GBP,0.552541,109.56,5,2,DM,True
2008-10-31,GBP,0.616838,109.19,4.5,1,DM,True
2008-11-30,GBP,0.652078,102.73,3,1,DM,True
2008-12-31,GBP,0.684415,96.86,2,0.125,DM,True
2009-01-31,GBP,0.70057,94.45,1.5,0.125,DM,True
2009-02-28,GBP,0.706343,97.73,1,0.125,DM,True
2009-03-31,GBP,0.699429,95.38,0.5,0.125,DM,True
2009-04-30,GBP,0.672957,97.32,0.5,0.125,DM,True
2009-05-31,GBP,0.619166,99.66,0.5,0.125,DM,True
2009-06-30,GBP,0.602873,104.12,0.5,0.125,DM,True
2009-07-31,GBP,0.605178,103.84,0.5,0.125,DM,True
2009-08-31,GBP,0.617538,103.81,0.5,0.125,DM,True
2009-09-30,GBP,0.620979,100.99,0.5,0.125,DM,True
2009-10-31,GBP,0.603885,98.59,0.5,0.125,DM,True
2009-11-30,GBP,0.60677,100.76,0.5,0.125,DM,True
2009-12-31,GBP,0.616479,100.23,0.5,0.125,DM,True
2010-01-31,GBP,0.620471,100.75,0.5,0.125,DM,True
2010-02-28,GBP,0.657848,99.89,0.5,0.125,DM,True
2010-03-31,GBP,0.660138,96.3,0.5,0.125,DM,True
2010-04-30,GBP,0.653624,98.74,0.5,0.125,DM,True
2010-05-31,GBP,0.689551,98.69,0.5,0.125,DM,True
2010-06-30,GBP,0.666164,101.28,0.5,0.125,DM,True
2010-07-31,GBP,0.64085,101.69,0.5,0.125,DM,True
2010-08-31,GBP,0.650473,103.54,0.5,0.125,DM,True
2010-09-30,GBP,0.630092,101.34,0.5,0.125,DM,True
2010-10-31,GBP,0.626831,98.92,0.5,0.125,DM,True
2010-11-30,GBP,0.644445,100.85,0.5,0.125,DM,True
2010-12-31,GBP,0.644178,100.79,0.5,0.125,DM,True
2011-01-31,GBP,0.628761,101.13,0.5,0.125,DM,True
2011-02-28,GBP,0.616452,102.38,0.5,0.125,DM,True
2011-03-31,GBP,0.622017,100.37,0.5,0.125,DM,True
2011-04-30,GBP,0.600067,100.08,0.5,0.125,DM,True
2011-05-31,GBP,0.606222,100.22,0.5,0.125,DM,True
2011-06-30,GBP,0.624472,99.1,0.5,0.125,DM,True
2011-07-31,GBP,0.613499,98.97,0.5,0.125,DM,True
2011-08-31,GBP,0.612872,100.55,0.5,0.125,DM,True
2011-09-30,GBP,0.64182,100.43,0.5,0.125,DM,True
2011-10-31,GBP,0.623598,100.61,0.5,0.125,DM,True
2011-11-30,GBP,0.6378,101.87,0.5,0.125,DM,True
2011-12-31,GBP,0.645568,102.7,0.5,0.125,DM,True
2012-01-31,GBP,0.633804,102.27,0.5,0.125,DM,True
2012-02-29,GBP,0.627762,102.27,0.5,0.125,DM,True
2012-03-31,GBP,0.624364,102.3,0.5,0.125,DM,True
2012-04-30,GBP,0.615219,104.1,0.5,0.125,DM,True
2012-05-31,GBP,0.644925,105.63,0.5,0.125,DM,True
2012-06-30,GBP,0.640826,104.47,0.5,0.125,DM,True
2012-07-31,GBP,0.638188,105.93,0.5,0.125,DM,True
2012-08-31,GBP,0.6306,106.06,0.5,0.125,DM,True
2012-09-30,GBP,0.617208,106.2,0.5,0.125,DM,True
2012-10-31,GBP,0.62068,105.75,0.5,0.125,DM,True
2012-11-30,GBP,0.624365,106.06,0.5,0.125,DM,True
2012-12-31,GBP,0.618539,106.13,0.5,0.125,DM,True
2013-01-31,GBP,0.632472,104.1,0.5,0.125,DM,True
2013-02-28,GBP,0.657323,101.16,0.5,0.125,DM,True
2013-03-31,GBP,0.660367,100.13,0.5,0.125,DM,True
2013-04-30,GBP,0.645884,101.61,0.5,0.125,DM,True
2013-05-31,GBP,0.656351,102.06,0.5,0.125,DM,True
2013-06-30,GBP,0.655352,102.54,0.5,0.125,DM,True
2013-07-31,GBP,0.658004,101.39,0.5,0.125,DM,True
2013-08-31,GBP,0.645221,102.9,0.5,0.125,DM,True
2013-09-30,GBP,0.619067,105.12,0.5,0.125,DM,True
2013-10-31,GBP,0.623268,105.02,0.5,0.125,DM,True
2013-11-30,GBP,0.611821,106.26,0.5,0.125,DM,True
2013-12-31,GBP,0.604525,107.69,0.5,0.125,DM,True
2014-01-31,GBP,0.607687,108.62,0.5,0.125,DM,True
2014-02-28,GBP,0.598168,109.23,0.5,0.125,DM,True
2014-03-31,GBP,0.600667,108.73,0.5,0.125,DM,True
2014-04-30,GBP,0.594224,109.67,0.5,0.125,DM,True
2014-05-31,GBP,0.59756,110.29,0.5,0.125,DM,True
2014-06-30,GBP,0.586836,111.49,0.5,0.125,DM,True
2014-07-31,GBP,0.59257,112.69,0.5,0.125,DM,True
2014-08-31,GBP,0.603048,111.7,0.5,0.125,DM,True
2014-09-30,GBP,0.617738,111.12,0.5,0.125,DM,True
2014-10-31,GBP,0.626198,111.02,0.5,0.125,DM,True
2014-11-30,GBP,0.637106,110.39,0.5,0.125,DM,True
2014-12-31,GBP,0.641545,111.1,0.5,0.125,DM,True
2015-01-31,GBP,0.664396,111.35,0.5,0.125,DM,True
2015-02-28,GBP,0.647509,113.79,0.5,0.125,DM,True
2015-03-31,GBP,0.675992,113.81,0.5,0.125,DM,True
2015-04-30,GBP,0.647971,113.27,0.5,0.125,DM,True
2015-05-31,GBP,0.655424,114.94,0.5,0.125,DM,True
2015-06-30,GBP,0.635803,115.95,0.5,0.125,DM,True
2015-07-31,GBP,0.642017,117.56,0.5,0.125,DM,True
2015-08-31,GBP,0.648712,118.42,0.5,0.125,DM,True
2015-09-30,GBP,0.659198,116.23,0.5,0.125,DM,True
2015-10-31,GBP,0.651902,115.67,0.5,0.125,DM,True
2015-11-30,GBP,0.666226,118.08,0.5,0.125,DM,True
2015-12-31,GBP,0.674153,116,0.5,0.375,DM,True
2016-01-31,GBP,0.699725,112.23,0.5,0.375,DM,True
2016-02-29,GBP,0.721712,109.72,0.5,0.375,DM,True
2016-03-31,GBP,0.695257,108.12,0.5,0.375,DM,True
2016-04-30,GBP,0.68425,106.8,0.5,0.375,DM,True
2016-05-31,GBP,0.683029,109.13,0.5,0.375,DM,True
2016-06-30,GBP,0.74446,106.96,0.5,0.375,DM,True
2016-07-31,GBP,0.759471,100.14,0.5,0.375,DM,True
2016-08-31,GBP,0.761822,98.97,0.25,0.375,DM,True
2016-09-30,GBP,0.771463,99.35,0.25,0.375,DM,True
2016-10-31,GBP,0.822675,94.14,0.25,0.375,DM,True
2016-11-30,GBP,0.801598,97.05,0.25,0.375,DM,True
2016-12-31,GBP,0.812238,99.47,0.25,0.625,DM,True
2017-01-31,GBP,0.800604,97.42,0.25,0.625,DM,True
2017-02-28,GBP,0.804992,98.34,0.25,0.625,DM,True
2017-03-31,GBP,0.800234,97.08,0.25,0.875,DM,True
2017-04-30,GBP,0.772855,99.02,0.25,0.875,DM,True
2017-05-31,GBP,0.778585,99.99,0.25,0.875,DM,True
2017-06-30,GBP,0.770531,97.81,0.25,1.125,DM,True
2017-07-31,GBP,0.762514,97.88,0.25,1.125,DM,True
2017-08-31,GBP,0.777784,96.3,0.25,1.125,DM,True
2017-09-30,GBP,0.746891,98.14,0.25,1.125,DM,True
2017-10-31,GBP,0.754881,98.38,0.25,1.125,DM,True
2017-11-30,GBP,0.742552,99.13,0.5,1.125,DM,True
2017-12-31,GBP,0.73979,99.92,0.5,1.375,DM,True
2018-01-31,GBP,0.705708,100.12,0.5,1.375,DM,True
2018-02-28,GBP,0.723882,100.39,0.5,1.375,DM,True
2018-03-31,GBP,0.710088,100.37,0.5,1.625,DM,True
2018-04-30,GBP,0.728206,101.65,0.5,1.625,DM,True
2018-05-31,GBP,0.749466,100.09,0.5,1.625,DM,True
2018-06-30,GBP,0.760036,99.69,0.5,1.875,DM,True
2018-07-31,GBP,0.760225,99.53,0.5,1.875,DM,True
2018-08-31,GBP,0.770234,99.11,0.75,1.875,DM,True
2018-09-30,GBP,0.7665,99.95,0.75,2.125,DM,True
2018-10-31,GBP,0.785236,100.26,0.75,2.125,DM,True
2018-11-30,GBP,0.784118,100.49,0.75,2.125,DM,True
2018-12-31,GBP,0.781249,98.7,0.75,2.375,DM,True
2019-01-31,GBP,0.762343,99.35,0.75,2.375,DM,True
2019-02-28,GBP,0.751883,100.56,0.75,2.375,DM,True
2019-03-31,GBP,0.763952,101.78,0.75,2.375,DM,True
2019-04-30,GBP,0.768836,101.22,0.75,2.375,DM,True
2019-05-31,GBP,0.795382,100.59,0.75,2.375,DM,True
2019-06-30,GBP,0.78783,98.48,0.75,2.375,DM,True
2019-07-31,GBP,0.821657,97.09,0.75,2.375,DM,True
2019-08-31,GBP,0.820632,95.99,0.75,2.125,DM,True
2019-09-30,GBP,0.813417,98.12,0.75,1.875,DM,True
2019-10-31,GBP,0.772216,99.49,0.75,1.625,DM,True
2019-11-30,GBP,0.776043,101.56,0.75,1.625,DM,True
2019-12-31,GBP,0.757344,102.62,0.75,1.625,DM,True
2020-01-31,GBP,0.761627,101.84,0.75,1.625,DM,True
2020-02-29,GBP,0.777216,102.46,0.75,1.625,DM,True
2020-03-31,GBP,0.809082,98.27,0.1,0.125,DM,True
2020-04-30,GBP,0.799053,100.63,0.1,0.125,DM,True
2020-05-31,GBP,0.80898,99.56,0.1,0.125,DM,True
2020-06-30,GBP,0.814815,98.84,0.1,0.125,DM,True
2020-07-31,GBP,0.760069,99.07,0.1,0.125,DM,True
2020-08-31,GBP,0.750461,100.34,0.1,0.125,DM,True
2020-09-30,GBP,0.779254,99.5,0.1,0.125,DM,True
2020-10-31,GBP,0.77114,99.48,0.1,0.125,DM,True
2020-11-30,GBP,0.749958,100.22,0.1,0.125,DM,True
2020-12-31,GBP,0.732646,99.79,0.1,0.125,DM,True
2021-01-31,GBP,0.728271,100.33,0.1,0.125,DM,True
2021-02-28,GBP,0.7182,101.71,0.1,0.125,DM,True
2021-03-31,GBP,0.726729,103.3,0.1,0.125,DM,True
2021-04-30,GBP,0.718946,103.34,0.1,0.125,DM,True
2021-05-31,GBP,0.704967,104.19,0.1,0.125,DM,True
2021-06-30,GBP,0.722021,104.41,0.1,0.125,DM,True
2021-07-31,GBP,0.716004,104.01,0.1,0.125,DM,True
2021-08-31,GBP,0.725663,104.57,0.1,0.125,DM,True
2021-09-30,GBP,0.743182,103.89,0.1,0.125,DM,True
2021-10-31,GBP,0.725547,104.96,0.1,0.125,DM,True
2021-11-30,GBP,0.749564,104.81,0.1,0.125,DM,True
2021-12-31,GBP,0.741904,104.85,0.25,0.125,DM,True
2022-01-31,GBP,0.745366,105.29,0.25,0.125,DM,True
2022-02-28,GBP,0.746049,104.86,0.5,0.125,DM,True
2022-03-31,GBP,0.762048,104.05,0.75,0.375,DM,True
2022-04-30,GBP,0.796091,104.9,0.75,0.375,DM,True
2022-05-31,GBP,0.794717,103.38,1,0.875,DM,True
2022-06-30,GBP,0.826225,102.67,1.25,1.625,DM,True
2022-07-31,GBP,0.823593,102.52,1.25,2.375,DM,True
2022-08-31,GBP,0.86035,103.01,1.75,2.375,DM,True
2022-09-30,GBP,0.905827,99.32,2.25,3.125,DM,True
2022-10-31,GBP,0.86862,101.62,2.25,3.125,DM,True
2022-11-30,GBP,0.833539,103.25,3,3.875,DM,True
2022-12-31,GBP,0.831549,104.55,3.5,4.375,DM,True
2023-01-31,GBP,0.813007,101.87,3.5,4.375,DM,True
2023-02-28,GBP,0.825888,102.07,4,4.625,DM,True
2023-03-31,GBP,0.80846,103.09,4.25,4.875,DM,True
2023-04-30,GBP,0.80184,105.12,4.25,4.875,DM,True
2023-05-31,GBP,0.808808,107.03,4.5,5.125,DM,True
2023-06-30,GBP,0.789877,109.34,5,5.125,DM,True
2023-07-31,GBP,0.778055,109.76,5,5.375,DM,True
2023-08-31,GBP,0.788719,109.3,5.25,5.375,DM,True
2023-09-30,GBP,0.816103,108.65,5.25,5.375,DM,True
2023-10-31,GBP,0.822733,107.3,5.25,5.375,DM,True
2023-11-30,GBP,0.79012,107.56,5.25,5.375,DM,True
2023-12-31,GBP,0.786471,108.67,5.25,5.375,DM,True
2024-01-31,GBP,0.788364,108.62,5.25,5.375,DM,True
2024-02-29,GBP,0.791197,108.69,5.25,5.375,DM,True
2024-03-31,GBP,0.790954,109.49,5.25,5.375,DM,True
2024-04-30,GBP,0.797518,109.07,5.25,5.375,DM,True
2024-05-31,GBP,0.786629,109.5,5.25,5.375,DM,True
2024-06-30,GBP,0.79064,110.58,5.25,5.375,DM,True
2024-07-31,GBP,0.779276,110.82,5.25,5.375,DM,True
2024-08-31,GBP,0.758726,110.02,5,5.375,DM,True
2024-09-30,GBP,0.746186,111.31,5,4.875,DM,True
2024-10-31,GBP,0.769647,111.86,5,4.875,DM,True
2024-11-30,GBP,0.787777,111.67,4.75,4.625,DM,True
2024-12-31,GBP,0.798133,112.11,4.75,4.375,DM,True
2025-01-31,GBP,0.804465,109.91,4.75,4.375,DM,True
2025-02-28,GBP,0.793468,110.83,4.5,4.375,DM,True
2025-03-31,GBP,0.772409,111.93,4.5,4.375,DM,True
2025-04-30,GBP,0.748967,112.87,4.5,4.375,DM,True
2025-05-31,GBP,0.741864,113.93,4.25,4.375,DM,True
2025-06-30,GBP,0.729949,114.14,4.25,4.375,DM,True
2025-07-31,GBP,0.755635,112.64,4.25,4.375,DM,True
2025-08-31,GBP,0.743524,112.61,4,4.375,DM,True
2025-09-30,GBP,0.743889,112.18,4,4.125,DM,True
2025-10-31,GBP,0.763026,111.62,4,3.875,DM,True
2025-11-30,GBP,0.756701,110.22,4,3.875,DM,True
2025-12-31,GBP,0.742638,111.62,3.75,3.625,DM,True
2026-01-31,GBP,0.726739,111.71,3.75,3.625,DM,True
2026-02-28,GBP,0.742313,111.08,3.75,3.625,DM,True
2026-03-31,GBP,0.755201,110.96,3.75,3.625,DM,True
2026-04-30,GBP,0.740258,110.93,3.75,3.625,DM,True
2026-05-31,GBP,0.744787,111.24,3.75,3.625,DM,True
2026-06-30,GBP,0.756345,111.41,3.75,3.625,DM,True
2026-07-31,GBP,0.745085,,3.75,3.625,DM,True
1995-01-31,HKD,7.7355,98.92,,5.5,EM,True
1995-02-28,HKD,7.7316,98.9,,6,EM,True
1995-03-31,HKD,7.7321,96.77,,6,EM,True
1995-04-30,HKD,7.741,95.19,,6,EM,True
1995-05-31,HKD,7.7358,95.7,,6,EM,True
1995-06-30,HKD,7.738,96.09,,6,EM,True
1995-07-31,HKD,7.7382,96.73,,5.75,EM,True
1995-08-31,HKD,7.7414,99.45,,5.75,EM,True
1995-09-30,HKD,7.732,101.13,,5.75,EM,True
1995-10-31,HKD,7.7319,101.14,,5.75,EM,True
1995-11-30,HKD,7.735,101.53,,5.75,EM,True
1995-12-31,HKD,7.7323,101.66,,5.5,EM,True
1996-01-31,HKD,7.7325,102.21,,5.25,EM,True
1996-02-29,HKD,7.7315,102.77,,5.25,EM,True
1996-03-31,HKD,7.7348,102.91,,5.25,EM,True
1996-04-30,HKD,7.736,103.87,,5.25,EM,True
1996-05-31,HKD,7.737,104.05,,5.25,EM,True
1996-06-30,HKD,7.741,105.07,,5.25,EM,True
1996-07-31,HKD,7.734,105.18,,5.25,EM,True
1996-08-31,HKD,7.733,104.43,,5.25,EM,True
1996-09-30,HKD,7.7332,105.65,,5.25,EM,True
1996-10-31,HKD,7.7323,106.9,,5.25,EM,True
1996-11-30,HKD,7.7325,106.85,,5.25,EM,True
1996-12-31,HKD,7.7347,107.89,,5.25,EM,True
1997-01-31,HKD,7.749,108.58,,5.25,EM,True
1997-02-28,HKD,7.7437,110.89,,5.25,EM,True
1997-03-31,HKD,7.7485,111.7,,5.5,EM,True
1997-04-30,HKD,7.7467,112.63,,5.5,EM,True
1997-05-31,HKD,7.749,112.09,,5.5,EM,True
1997-06-30,HKD,7.7475,111.82,,5.5,EM,True
1997-07-31,HKD,7.743,114.35,,5.5,EM,True
1997-08-31,HKD,7.75,116.45,,5.5,EM,True
1997-09-30,HKD,7.7385,117.08,,5.5,EM,True
1997-10-31,HKD,7.732,118.95,,5.5,EM,True
1997-11-30,HKD,7.7304,121.14,,5.5,EM,True
1997-12-31,HKD,7.7495,127,,5.5,EM,True
1998-01-31,HKD,7.7375,131.45,,5.5,EM,True
1998-02-28,HKD,7.743,128.51,,5.5,EM,True
1998-03-31,HKD,7.7495,127.77,,5.5,EM,True
1998-04-30,HKD,7.7465,127.92,,5.5,EM,True
1998-05-31,HKD,7.7495,129.09,,5.5,EM,True
1998-06-30,HKD,7.7483,131.65,,5.5,EM,True
1998-07-31,HKD,7.749,131.8,,5.5,EM,True
1998-08-31,HKD,7.7497,132.2,,5.5,EM,True
1998-09-30,HKD,7.7492,129.03,6.88,5.25,EM,True
1998-10-31,HKD,7.7455,122.3,6.6,5,EM,True
1998-11-30,HKD,7.743,121.25,6.25,4.75,EM,True
1998-12-31,HKD,7.7476,119.64,6.25,4.75,EM,True
1999-01-31,HKD,7.747013,120.13,6.25,4.75,EM,True
1999-02-28,HKD,7.749319,120.92,6.25,4.75,EM,True
1999-03-31,HKD,7.747719,121.81,6.25,4.75,EM,True
1999-04-30,HKD,7.749835,121.12,6.25,4.75,EM,True
1999-05-31,HKD,7.754208,121.17,6.25,4.75,EM,True
1999-06-30,HKD,7.757165,121.07,6.25,5,EM,True
1999-07-31,HKD,7.763138,119.26,6.5,5,EM,True
1999-08-31,HKD,7.765913,116.65,6.75,5.25,EM,True
1999-09-30,HKD,7.766807,115.96,6.75,5.25,EM,True
1999-10-31,HKD,7.774036,115.26,6.75,5.25,EM,True
1999-11-30,HKD,7.772011,114.83,7,5.5,EM,True
1999-12-31,HKD,7.767569,114.27,7,5.5,EM,True
2000-01-31,HKD,7.78327,112.79,7,5.5,EM,True
2000-02-29,HKD,7.781552,113.42,7.25,5.75,EM,True
2000-03-31,HKD,7.783628,113.28,7.5,6,EM,True
2000-04-30,HKD,7.779417,113.33,7.5,6,EM,True
2000-05-31,HKD,7.784801,115.16,8,6.5,EM,True
2000-06-30,HKD,7.791545,113.47,8,6.5,EM,True
2000-07-31,HKD,7.806448,113.95,8,6.5,EM,True
2000-08-31,HKD,7.802605,114.05,8,6.5,EM,True
2000-09-30,HKD,7.792584,114.42,8,6.5,EM,True
2000-10-31,HKD,7.799216,115.54,8,6.5,EM,True
2000-11-30,HKD,7.799747,116.05,8,6.5,EM,True
2000-12-31,HKD,7.799893,115.33,8,6.5,EM,True
2001-01-31,HKD,7.799096,114.63,7.5,5.5,EM,True
2001-02-28,HKD,7.799849,113.65,7,5.5,EM,True
2001-03-31,HKD,7.799139,115.33,6.5,5,EM,True
2001-04-30,HKD,7.798896,116.97,6,4.5,EM,True
2001-05-31,HKD,7.799764,116.63,5.5,4,EM,True
2001-06-30,HKD,7.799882,117.64,5.25,3.75,EM,True
2001-07-31,HKD,7.799657,118.28,5.25,3.75,EM,True
2001-08-31,HKD,7.799738,115.41,5,3.5,EM,True
2001-09-30,HKD,7.799474,114.81,4.5,3,EM,True
2001-10-31,HKD,7.800044,115.54,4,2.5,EM,True
2001-11-30,HKD,7.798944,116.2,3.5,2,EM,True
2001-12-31,HKD,7.797912,113.93,3.25,1.75,EM,True
2002-01-31,HKD,7.799352,114.88,3.25,1.75,EM,True
2002-02-28,HKD,7.799098,115.22,3.25,1.75,EM,True
2002-03-31,HKD,7.799633,114.94,3.25,1.75,EM,True
2002-04-30,HKD,7.799179,113.74,3.25,1.75,EM,True
2002-05-31,HKD,7.799723,111.11,3.25,1.75,EM,True
2002-06-30,HKD,7.8,109.34,3.25,1.75,EM,True
2002-07-31,HKD,7.799857,107.42,3.25,1.75,EM,True
2002-08-31,HKD,7.799959,107.73,3.25,1.75,EM,True
2002-09-30,HKD,7.799696,107.43,3.25,1.75,EM,True
2002-10-31,HKD,7.79927,108.18,3.25,1.75,EM,True
2002-11-30,HKD,7.79863,106.76,2.75,1.25,EM,True
2002-12-31,HKD,7.798322,105.93,2.75,1.25,EM,True
2003-01-31,HKD,7.799834,103.88,2.75,1.25,EM,True
2003-02-28,HKD,7.79911,103.28,2.75,1.25,EM,True
2003-03-31,HKD,7.799449,103.27,2.75,1.25,EM,True
2003-04-30,HKD,7.79894,103.27,2.75,1.25,EM,True
2003-05-31,HKD,7.798596,100.02,2.75,1.25,EM,True
2003-06-30,HKD,7.798197,99.18,2.5,1,EM,True
2003-07-31,HKD,7.799169,98.92,2.5,1,EM,True
2003-08-31,HKD,7.799213,99,2.5,1,EM,True
2003-09-30,HKD,7.745795,98.04,2.5,1,EM,True
2003-10-31,HKD,7.766047,97.32,2.5,1,EM,True
2003-11-30,HKD,7.763632,97.17,2.5,1,EM,True
2003-12-31,HKD,7.763183,95.97,2.5,1,EM,True
2004-01-31,HKD,7.774629,94.9,2.5,1,EM,True
2004-02-29,HKD,7.782976,93.61,2.5,1,EM,True
2004-03-31,HKD,7.790249,94.22,2.5,1,EM,True
2004-04-30,HKD,7.799699,94.21,2.5,1,EM,True
2004-05-31,HKD,7.798164,94.84,2.5,1,EM,True
2004-06-30,HKD,7.799506,94.11,2.5,1.25,EM,True
2004-07-31,HKD,7.799817,93.69,2.75,1.25,EM,True
2004-08-31,HKD,7.800017,93.78,3,1.5,EM,True
2004-09-30,HKD,7.796357,93.36,3.25,1.75,EM,True
2004-10-31,HKD,7.783073,92.86,3.25,1.75,EM,True
2004-11-30,HKD,7.774727,91.08,3.5,2,EM,True
2004-12-31,HKD,7.773365,89.9,3.75,2.25,EM,True
2005-01-31,HKD,7.799847,89.63,3.75,2.25,EM,True
2005-02-28,HKD,7.799351,89.45,4,2.5,EM,True
2005-03-31,HKD,7.79929,88.83,4.25,2.75,EM,True
2005-04-30,HKD,7.796326,89.68,4.25,2.75,EM,True
2005-05-31,HKD,7.779256,89.78,4.5,3,EM,True
2005-06-30,HKD,7.772908,91.72,4.5,3.25,EM,True
2005-07-31,HKD,7.772348,92.46,4.75,3.25,EM,True
2005-08-31,HKD,7.772668,91.07,5,3.5,EM,True
2005-09-30,HKD,7.757183,91.52,5.25,3.75,EM,True
2005-10-31,HKD,7.752391,92.57,5.25,3.75,EM,True
2005-11-30,HKD,7.754525,93.8,5.5,4,EM,True
2005-12-31,HKD,7.754005,93.37,5.75,4.25,EM,True
2006-01-31,HKD,7.756643,91.54,5.75,4.5,EM,True
2006-02-28,HKD,7.758568,91.35,6,4.5,EM,True
2006-03-31,HKD,7.759666,91.45,6.25,4.75,EM,True
2006-04-30,HKD,7.75337,90.53,6.25,4.75,EM,True
2006-05-31,HKD,7.757694,88.79,6.5,5,EM,True
2006-06-30,HKD,7.767246,89.99,6.75,5.25,EM,True
2006-07-31,HKD,7.771285,89.92,6.75,5.25,EM,True
2006-08-31,HKD,7.777216,89.34,6.75,5.25,EM,True
2006-09-30,HKD,7.791469,89.48,6.75,5.25,EM,True
2006-10-31,HKD,7.779301,89.78,6.75,5.25,EM,True
2006-11-30,HKD,7.777803,88.9,6.75,5.25,EM,True
2006-12-31,HKD,7.77593,88.03,6.75,5.25,EM,True
2007-01-31,HKD,7.807009,88.33,6.75,5.25,EM,True
2007-02-28,HKD,7.811445,86.4,6.75,5.25,EM,True
2007-03-31,HKD,7.814236,87.15,6.75,5.25,EM,True
2007-04-30,HKD,7.82036,85.46,6.75,5.25,EM,True
2007-05-31,HKD,7.809039,85.08,6.75,5.25,EM,True
2007-06-30,HKD,7.817031,85.65,6.75,5.25,EM,True
2007-07-31,HKD,7.825053,84.67,6.75,5.25,EM,True
2007-08-31,HKD,7.797592,84.5,6.75,5.25,EM,True
2007-09-30,HKD,7.761831,84.05,6.25,4.75,EM,True
2007-10-31,HKD,7.750121,83.97,6.25,4.5,EM,True
2007-11-30,HKD,7.787684,82.42,6,4.5,EM,True
2007-12-31,HKD,7.798383,82.76,5.75,4.25,EM,True
2008-01-31,HKD,7.797646,80.77,4.5,3,EM,True
2008-02-29,HKD,7.781829,81.01,4.5,3,EM,True
2008-03-31,HKD,7.783645,79.13,3.75,2.25,EM,True
2008-04-30,HKD,7.79453,78.64,3.75,2,EM,True
2008-05-31,HKD,7.805584,79.24,3.5,2,EM,True
2008-06-30,HKD,7.798972,79.58,3.5,2,EM,True
2008-07-31,HKD,7.802767,79.4,3.5,2,EM,True
2008-08-31,HKD,7.806854,80.06,3.5,2,EM,True
2008-09-30,HKD,7.769279,80.78,3.5,2,EM,True
2008-10-31,HKD,7.751039,83.87,1.5,1,EM,True
2008-11-30,HKD,7.75053,87.57,1.5,1,EM,True
2008-12-31,HKD,7.75009,86.29,0.5,0.125,EM,True
2009-01-31,HKD,7.755852,86.68,0.5,0.125,EM,True
2009-02-28,HKD,7.754904,87.82,0.5,0.125,EM,True
2009-03-31,HKD,7.750225,88.87,0.5,0.125,EM,True
2009-04-30,HKD,7.749981,87.45,0.5,0.125,EM,True
2009-05-31,HKD,7.750958,85.02,0.5,0.125,EM,True
2009-06-30,HKD,7.750106,84.04,0.5,0.125,EM,True
2009-07-31,HKD,7.750035,83.73,0.5,0.125,EM,True
2009-08-31,HKD,7.750841,81.54,0.5,0.125,EM,True
2009-09-30,HKD,7.75012,81.01,0.5,0.125,EM,True
2009-10-31,HKD,7.750135,81.75,0.5,0.125,EM,True
2009-11-30,HKD,7.750183,81.15,0.5,0.125,EM,True
2009-12-31,HKD,7.754338,81.87,0.5,0.125,EM,True
2010-01-31,HKD,7.766719,81.65,0.5,0.125,EM,True
2010-02-28,HKD,7.762417,82.99,0.5,0.125,EM,True
2010-03-31,HKD,7.764152,82.26,0.5,0.125,EM,True
2010-04-30,HKD,7.763199,81.95,0.5,0.125,EM,True
2010-05-31,HKD,7.79272,83.1,0.5,0.125,EM,True
2010-06-30,HKD,7.78657,83.94,0.5,0.125,EM,True
2010-07-31,HKD,7.766349,80.43,0.5,0.125,EM,True
2010-08-31,HKD,7.780205,79.32,0.5,0.125,EM,True
2010-09-30,HKD,7.760698,78.5,0.5,0.125,EM,True
2010-10-31,HKD,7.75543,78.47,0.5,0.125,EM,True
2010-11-30,HKD,7.768811,78.81,0.5,0.125,EM,True
2010-12-31,HKD,7.772489,79.37,0.5,0.125,EM,True
2011-01-31,HKD,7.7974,78.69,0.5,0.125,EM,True
2011-02-28,HKD,7.790299,78.59,0.5,0.125,EM,True
2011-03-31,HKD,7.782009,77.79,0.5,0.125,EM,True
2011-04-30,HKD,7.767631,77.26,0.5,0.125,EM,True
2011-05-31,HKD,7.777268,77.1,0.5,0.125,EM,True
2011-06-30,HKD,7.782121,77.02,0.5,0.125,EM,True
2011-07-31,HKD,7.793408,76.23,0.5,0.125,EM,True
2011-08-31,HKD,7.79391,73.84,0.5,0.125,EM,True
2011-09-30,HKD,7.791824,75.83,0.5,0.125,EM,True
2011-10-31,HKD,7.766231,78.81,0.5,0.125,EM,True
2011-11-30,HKD,7.783276,79.38,0.5,0.125,EM,True
2011-12-31,HKD,7.767988,80.56,0.5,0.125,EM,True
2012-01-31,HKD,7.756072,80.83,0.5,0.125,EM,True
2012-02-29,HKD,7.755114,79.57,0.5,0.125,EM,True
2012-03-31,HKD,7.764675,80.07,0.5,0.125,EM,True
2012-04-30,HKD,7.758892,80.17,0.5,0.125,EM,True
2012-05-31,HKD,7.764815,81.09,0.5,0.125,EM,True
2012-06-30,HKD,7.756791,82.15,0.5,0.125,EM,True
2012-07-31,HKD,7.753663,80.45,0.5,0.125,EM,True
2012-08-31,HKD,7.75561,79.67,0.5,0.125,EM,True
2012-09-30,HKD,7.753906,78.58,0.5,0.125,EM,True
2012-10-31,HKD,7.750096,80.46,0.5,0.125,EM,True
2012-11-30,HKD,7.750116,81.09,0.5,0.125,EM,True
2012-12-31,HKD,7.750493,80.95,0.5,0.125,EM,True
2013-01-31,HKD,7.7569,81.36,0.5,0.125,EM,True
2013-02-28,HKD,7.756112,82.17,0.5,0.125,EM,True
2013-03-31,HKD,7.764155,82.79,0.5,0.125,EM,True
2013-04-30,HKD,7.761016,83.5,0.5,0.125,EM,True
2013-05-31,HKD,7.764186,83.85,0.5,0.125,EM,True
2013-06-30,HKD,7.75818,83.89,0.5,0.125,EM,True
2013-07-31,HKD,7.754878,84.94,0.5,0.125,EM,True
2013-08-31,HKD,7.754212,82.66,0.5,0.125,EM,True
2013-09-30,HKD,7.754313,82.51,0.5,0.125,EM,True
2013-10-31,HKD,7.753024,83.64,0.5,0.125,EM,True
2013-11-30,HKD,7.752773,84.25,0.5,0.125,EM,True
2013-12-31,HKD,7.753825,84.71,0.5,0.125,EM,True
2014-01-31,HKD,7.766277,85.38,0.5,0.125,EM,True
2014-02-28,HKD,7.758778,85.3,0.5,0.125,EM,True
2014-03-31,HKD,7.758413,85.01,0.5,0.125,EM,True
2014-04-30,HKD,7.752996,85.47,0.5,0.125,EM,True
2014-05-31,HKD,7.752701,85.05,0.5,0.125,EM,True
2014-06-30,HKD,7.750622,85.27,0.5,0.125,EM,True
2014-07-31,HKD,7.750131,85.77,0.5,0.125,EM,True
2014-08-31,HKD,7.750076,84.01,0.5,0.125,EM,True
2014-09-30,HKD,7.767623,87.36,0.5,0.125,EM,True
2014-10-31,HKD,7.75511,89.22,0.5,0.125,EM,True
2014-11-30,HKD,7.755027,90.81,0.5,0.125,EM,True
2014-12-31,HKD,7.756363,92.23,0.5,0.125,EM,True
2015-01-31,HKD,7.751968,93.03,0.5,0.125,EM,True
2015-02-28,HKD,7.755071,93.94,0.5,0.125,EM,True
2015-03-31,HKD,7.753695,94.62,0.5,0.125,EM,True
2015-04-30,HKD,7.75078,93.26,0.5,0.125,EM,True
2015-05-31,HKD,7.753145,92.55,0.5,0.125,EM,True
2015-06-30,HKD,7.752257,92.94,0.5,0.125,EM,True
2015-07-31,HKD,7.753442,94.16,0.5,0.125,EM,True
2015-08-31,HKD,7.750334,93.56,0.5,0.125,EM,True
2015-09-30,HKD,7.750067,95.9,0.5,0.125,EM,True
2015-10-31,HKD,7.750023,96.84,0.5,0.125,EM,True
2015-11-30,HKD,7.750165,98.4,0.5,0.125,EM,True
2015-12-31,HKD,7.750161,98.87,0.75,0.375,EM,True
2016-01-31,HKD,7.793132,99.64,0.75,0.375,EM,True
2016-02-29,HKD,7.774706,99.39,0.75,0.375,EM,True
2016-03-31,HKD,7.754238,98.04,0.75,0.375,EM,True
2016-04-30,HKD,7.758134,95.82,0.75,0.375,EM,True
2016-05-31,HKD,7.767617,96.35,0.75,0.375,EM,True
2016-06-30,HKD,7.758512,96.04,0.75,0.375,EM,True
2016-07-31,HKD,7.757581,97.01,0.75,0.375,EM,True
2016-08-31,HKD,7.757546,96.27,0.75,0.375,EM,True
2016-09-30,HKD,7.754413,96.64,0.75,0.375,EM,True
2016-10-31,HKD,7.75507,97.78,0.75,0.375,EM,True
2016-11-30,HKD,7.75637,99.68,0.75,0.375,EM,True
2016-12-31,HKD,7.755526,101.39,1,0.625,EM,True
2017-01-31,HKD,7.75788,100.81,1,0.625,EM,True
2017-02-28,HKD,7.761819,99.63,1,0.625,EM,True
2017-03-31,HKD,7.770461,99.6,1.25,0.875,EM,True
2017-04-30,HKD,7.777127,99.37,1.25,0.875,EM,True
2017-05-31,HKD,7.790839,98.55,1.25,0.875,EM,True
2017-06-30,HKD,7.804767,97.5,1.5,1.125,EM,True
2017-07-31,HKD,7.810864,97.27,1.5,1.125,EM,True
2017-08-31,HKD,7.824609,95.89,1.5,1.125,EM,True
2017-09-30,HKD,7.810774,94.77,1.5,1.125,EM,True
2017-10-31,HKD,7.799364,95.95,1.5,1.125,EM,True
2017-11-30,HKD,7.808591,95.89,1.5,1.125,EM,True
2017-12-31,HKD,7.814558,95.33,1.75,1.375,EM,True
2018-01-31,HKD,7.819941,93.34,1.75,1.375,EM,True
2018-02-28,HKD,7.826674,93.14,1.75,1.375,EM,True
2018-03-31,HKD,7.848064,92.8,2,1.625,EM,True
2018-04-30,HKD,7.848415,92.88,2,1.625,EM,True
2018-05-31,HKD,7.848363,94.41,2,1.625,EM,True
2018-06-30,HKD,7.845943,95.42,2.25,1.875,EM,True
2018-07-31,HKD,7.848841,97.19,2.25,1.875,EM,True
2018-08-31,HKD,7.849369,97.77,2.25,1.875,EM,True
2018-09-30,HKD,7.824724,98.01,2.5,2.125,EM,True
2018-10-31,HKD,7.844761,98.94,2.5,2.125,EM,True
2018-11-30,HKD,7.822079,99.35,2.5,2.125,EM,True
2018-12-31,HKD,7.831878,99.43,2.75,2.375,EM,True
2019-01-31,HKD,7.846187,98.27,2.75,2.375,EM,True
2019-02-28,HKD,7.849772,98.32,2.75,2.375,EM,True
2019-03-31,HKD,7.850022,97.85,2.75,2.375,EM,True
2019-04-30,HKD,7.84516,98.64,2.75,2.375,EM,True
2019-05-31,HKD,7.842974,99.17,2.75,2.375,EM,True
2019-06-30,HKD,7.808963,99.8,2.75,2.375,EM,True
2019-07-31,HKD,7.827908,100.16,2.75,2.375,EM,True
2019-08-31,HKD,7.842425,101.1,2.5,2.125,EM,True
2019-09-30,HKD,7.839838,101.19,2.25,1.875,EM,True
2019-10-31,HKD,7.835844,100.72,2,1.625,EM,True
2019-11-30,HKD,7.826808,100.26,2,1.625,EM,True
2019-12-31,HKD,7.786452,100.1,2.49,1.625,EM,True
2020-01-31,HKD,7.767191,97.69,2,1.625,EM,True
2020-02-29,HKD,7.793568,101.35,2,1.625,EM,True
2020-03-31,HKD,7.753286,102.94,1.65,0.125,EM,True
2020-04-30,HKD,7.751011,104.66,1.11,0.125,EM,True
2020-05-31,HKD,7.753861,104.21,0.62,0.125,EM,True
2020-06-30,HKD,7.750313,102.61,0.5,0.125,EM,True
2020-07-31,HKD,7.750253,98.66,0.5,0.125,EM,True
2020-08-31,HKD,7.750084,99.31,0.5,0.125,EM,True
2020-09-30,HKD,7.750427,96.56,0.5,0.125,EM,True
2020-10-31,HKD,7.753975,98.56,0.5,0.125,EM,True
2020-11-30,HKD,7.751419,97.71,0.5,0.125,EM,True
2020-12-31,HKD,7.753402,95.75,0.5,0.125,EM,True
2021-01-31,HKD,7.753214,96.21,0.5,0.125,EM,True
2021-02-28,HKD,7.755961,96.12,0.5,0.125,EM,True
2021-03-31,HKD,7.774243,97.14,0.5,0.125,EM,True
2021-04-30,HKD,7.76494,97.37,0.5,0.125,EM,True
2021-05-31,HKD,7.760839,96.07,0.5,0.125,EM,True
2021-06-30,HKD,7.766156,95.96,0.5,0.125,EM,True
2021-07-31,HKD,7.774872,97.04,0.5,0.125,EM,True
2021-08-31,HKD,7.781477,96.69,0.5,0.125,EM,True
2021-09-30,HKD,7.788583,94.05,0.5,0.125,EM,True
2021-10-31,HKD,7.776986,96.58,0.5,0.125,EM,True
2021-11-30,HKD,7.797325,96.35,0.5,0.125,EM,True
2021-12-31,HKD,7.799135,96.39,0.5,0.125,EM,True
2022-01-31,HKD,7.797956,96.05,0.5,0.125,EM,True
2022-02-28,HKD,7.814448,95.78,0.5,0.125,EM,True
2022-03-31,HKD,7.829745,95.94,0.75,0.375,EM,True
2022-04-30,HKD,7.846584,96.15,0.75,0.375,EM,True
2022-05-31,HKD,7.846822,97.46,1.25,0.875,EM,True
2022-06-30,HKD,7.845672,97.5,2,1.625,EM,True
2022-07-31,HKD,7.849971,98.55,2.75,2.375,EM,True
2022-08-31,HKD,7.8488,98.18,2.75,2.375,EM,True
2022-09-30,HKD,7.849918,100.3,3.5,3.125,EM,True
2022-10-31,HKD,7.849707,101.99,3.5,3.125,EM,True
2022-11-30,HKD,7.801079,100.22,4.25,3.875,EM,True
2022-12-31,HKD,7.797019,98.31,4.75,4.375,EM,True
2023-01-31,HKD,7.83698,96.44,4.75,4.375,EM,True
2023-02-28,HKD,7.849233,96.4,5,4.625,EM,True
2023-03-31,HKD,7.849839,96.83,5.25,4.875,EM,True
2023-04-30,HKD,7.849832,96.27,5.25,4.875,EM,True
2023-05-31,HKD,7.834503,96.95,5.5,5.125,EM,True
2023-06-30,HKD,7.837015,98.01,5.5,5.125,EM,True
2023-07-31,HKD,7.798784,97.37,5.75,5.375,EM,True
2023-08-31,HKD,7.84413,97.86,5.75,5.375,EM,True
2023-09-30,HKD,7.830753,98.96,5.75,5.375,EM,True
2023-10-31,HKD,7.823618,100.55,5.75,5.375,EM,True
2023-11-30,HKD,7.811179,99.64,5.75,5.375,EM,True
2023-12-31,HKD,7.811222,98.27,5.75,5.375,EM,True
2024-01-31,HKD,7.818954,98.53,5.75,5.375,EM,True
2024-02-29,HKD,7.826991,98.71,5.75,5.375,EM,True
2024-03-31,HKD,7.824808,98.7,5.75,5.375,EM,True
2024-04-30,HKD,7.820209,98.98,5.75,5.375,EM,True
2024-05-31,HKD,7.817729,98.58,5.75,5.375,EM,True
2024-06-30,HKD,7.808874,99.16,5.75,5.375,EM,True
2024-07-31,HKD,7.812061,99.69,5.75,5.375,EM,True
2024-08-31,HKD,7.797871,97.43,5.75,5.375,EM,True
2024-09-30,HKD,7.764648,96.28,5.25,4.875,EM,True
2024-10-31,HKD,7.774122,97.78,5.25,4.875,EM,True
2024-11-30,HKD,7.783658,99.53,5,4.625,EM,True
2024-12-31,HKD,7.766484,100.3,4.75,4.375,EM,True
2025-01-31,HKD,7.792745,101.51,4.75,4.375,EM,True
2025-02-28,HKD,7.778311,100.26,4.75,4.375,EM,True
2025-03-31,HKD,7.779011,99.38,4.75,4.375,EM,True
2025-04-30,HKD,7.756441,98.32,4.75,4.375,EM,True
2025-05-31,HKD,7.842491,96.16,4.75,4.375,EM,True
2025-06-30,HKD,7.849915,94.92,4.75,4.375,EM,True
2025-07-31,HKD,7.849991,95.1,4.75,4.375,EM,True
2025-08-31,HKD,7.795248,95.58,4.75,4.375,EM,True
2025-09-30,HKD,7.781194,95.69,4.5,4.125,EM,True
2025-10-31,HKD,7.771075,96.52,4.25,3.875,EM,True
2025-11-30,HKD,7.783158,96.82,4.25,3.875,EM,True
2025-12-31,HKD,7.78417,96.16,4,3.625,EM,True
2026-01-31,HKD,7.808289,95.84,4,3.625,EM,True
2026-02-28,HKD,7.823719,94.47,4,3.625,EM,True
2026-03-31,HKD,7.839276,95.11,4,3.625,EM,True
2026-04-30,HKD,7.83302,94.34,4,3.625,EM,True
2026-05-31,HKD,7.835623,94.01,4,3.625,EM,True
2026-06-30,HKD,7.841847,94.68,4,3.625,EM,True
2026-07-31,HKD,7.843187,,4,3.625,EM,True
1995-01-31,HUF,110.639857,83.2,25,5.5,EM,True
1995-02-28,HUF,111.739963,83.96,28,6,EM,True
1995-03-31,HUF,119.719877,80.58,28,6,EM,True
1995-04-30,HUF,121.100027,78.45,28,6,EM,True
1995-05-31,HUF,123.519996,78.6,28,6,EM,True
1995-06-30,HUF,125.839936,77.27,28,6,EM,True
1995-07-31,HUF,126.219544,76.59,28,5.75,EM,True
1995-08-31,HUF,132.770509,76.08,28,5.75,EM,True
1995-09-30,HUF,132.499791,76.21,28,5.75,EM,True
1995-10-31,HUF,134.609993,76.01,28,5.75,EM,True
1995-11-30,HUF,137.580115,76.02,28,5.75,EM,True
1995-12-31,HUF,139.46996,76.07,28,5.5,EM,True
1996-01-31,HUF,145.310502,78.26,28,5.25,EM,True
1996-02-29,HUF,144.619862,78.58,27,5.25,EM,True
1996-03-31,HUF,146.719907,79.13,27,5.25,EM,True
1996-04-30,HUF,150.889913,79.48,27,5.25,EM,True
1996-05-31,HUF,152.540554,80.06,26,5.25,EM,True
1996-06-30,HUF,153.049261,80.02,26,5.25,EM,True
1996-07-31,HUF,151.970603,79.33,25.5,5.25,EM,True
1996-08-31,HUF,154.649152,78.51,25.5,5.25,EM,True
1996-09-30,HUF,158.350187,78.67,24.5,5.25,EM,True
1996-10-31,HUF,158.660091,78.96,23,5.25,EM,True
1996-11-30,HUF,161.450545,78.37,23,5.25,EM,True
1996-12-31,HUF,165.130608,78.08,23,5.25,EM,True
1997-01-31,HUF,169.699874,81.44,22.5,5.25,EM,True
1997-02-28,HUF,175.769727,82.34,22.5,5.25,EM,True
1997-03-31,HUF,176.76999,82.99,21.5,5.5,EM,True
1997-04-30,HUF,182.170235,82.86,21.5,5.5,EM,True
1997-05-31,HUF,182.38038,82.57,21.5,5.5,EM,True
1997-06-30,HUF,186.970142,82.83,21.5,5.5,EM,True
1997-07-31,HUF,196.309905,81.46,21,5.5,EM,True
1997-08-31,HUF,195.440458,81.06,21,5.5,EM,True
1997-09-30,HUF,195.57053,81.51,20.5,5.5,EM,True
1997-10-31,HUF,195.019995,81.32,20.5,5.5,EM,True
1997-11-30,HUF,199.609389,81.28,20.5,5.5,EM,True
1997-12-31,HUF,203.50024,82.03,20.5,5.5,EM,True
1998-01-31,HUF,208.199505,84.34,20.5,5.5,EM,True
1998-02-28,HUF,208.380734,84.37,20,5.5,EM,True
1998-03-31,HUF,213.199465,84.24,20,5.5,EM,True
1998-04-30,HUF,210.869605,84.18,19.5,5.5,EM,True
1998-05-31,HUF,215.529644,84.53,19.5,5.5,EM,True
1998-06-30,HUF,219.109408,83.46,19,5.5,EM,True
1998-07-31,HUF,216.199861,82.79,19,5.5,EM,True
1998-08-31,HUF,223.869399,81.13,18,5.5,EM,True
1998-09-30,HUF,218.879471,79.7,18,5.25,EM,True
1998-10-31,HUF,216.500279,79.63,18,5,EM,True
1998-11-30,HUF,221.00026,80.52,18,4.75,EM,True
1998-12-31,HUF,216.320549,80.72,17,4.75,EM,True
1999-01-31,HUF,218.938862,83.71,17,4.75,EM,True
1999-02-28,HUF,230.450172,84.27,16,4.75,EM,True
1999-03-31,HUF,237.218395,83.49,16,4.75,EM,True
1999-04-30,HUF,236.40653,84.09,16,4.75,EM,True
1999-05-31,HUF,238.752869,85.05,16,4.75,EM,True
1999-06-30,HUF,241.711851,84.97,15.5,5,EM,True
1999-07-31,HUF,237.104919,85.02,15.5,5,EM,True
1999-08-31,HUF,240.130521,84.63,15.5,5.25,EM,True
1999-09-30,HUF,241.622128,83.84,15.5,5.25,EM,True
1999-10-31,HUF,244.255238,83.83,15.5,5.25,EM,True
1999-11-30,HUF,251.708428,84.03,15,5.5,EM,True
1999-12-31,HUF,253.533745,83.91,14.5,5.5,EM,True
2000-01-31,HUF,260.810949,84.84,13,5.5,EM,True
2000-02-29,HUF,264.371011,84.51,13,5.75,EM,True
2000-03-31,HUF,270.470009,84.13,12,6,EM,True
2000-04-30,HUF,284.479912,83.76,11,6,EM,True
2000-05-31,HUF,278.652048,83.2,11,6.5,EM,True
2000-06-30,HUF,272.237338,84.32,11,6.5,EM,True
2000-07-31,HUF,281.845721,84.73,11,6.5,EM,True
2000-08-31,HUF,293.46508,83.81,11,6.5,EM,True
2000-09-30,HUF,300.912721,83.12,11,6.5,EM,True
2000-10-31,HUF,312.74801,82.99,11,6.5,EM,True
2000-11-30,HUF,305.009212,83.05,11,6.5,EM,True
2000-12-31,HUF,284.793122,84.24,11,6.5,EM,True
2001-01-31,HUF,285.354568,87.03,11,5.5,EM,True
2001-02-28,HUF,287.867647,87.4,11,5.5,EM,True
2001-03-31,HUF,301.992754,87.65,11,5,EM,True
2001-04-30,HUF,301.171699,87.33,11,4.5,EM,True
2001-05-31,HUF,299.233491,89.97,11,4,EM,True
2001-06-30,HUF,287.299528,93.51,11,3.75,EM,True
2001-07-31,HUF,282.981154,93.67,11.25,3.75,EM,True
2001-08-31,HUF,277.080149,93.94,11.25,3.5,EM,True
2001-09-30,HUF,281.842076,92.59,11,3,EM,True
2001-10-31,HUF,282.282681,93,10.75,2.5,EM,True
2001-11-30,HUF,282.962463,93.88,10.25,2,EM,True
2001-12-31,HUF,278.202655,95.38,9.75,1.75,EM,True
2002-01-31,HUF,281.718189,97.57,9,1.75,EM,True
2002-02-28,HUF,283.932493,98.03,8.5,1.75,EM,True
2002-03-31,HUF,279.160935,97.94,8.5,1.75,EM,True
2002-04-30,HUF,269.926732,99.47,8.5,1.75,EM,True
2002-05-31,HUF,258.442527,100.12,9,1.75,EM,True
2002-06-30,HUF,245.54386,101.39,9,1.75,EM,True
2002-07-31,HUF,250.638863,100.65,9.5,1.75,EM,True
2002-08-31,HUF,249.364385,100.66,9.5,1.75,EM,True
2002-09-30,HUF,247.261663,101.64,9.5,1.75,EM,True
2002-10-31,HUF,244.65734,102.27,9.5,1.75,EM,True
2002-11-30,HUF,239.468117,104.79,9,1.25,EM,True
2002-12-31,HUF,225.317059,106.02,8.5,1.25,EM,True
2003-01-31,HUF,225.573225,106.51,6.5,1.25,EM,True
2003-02-28,HUF,225.969208,105.38,6.5,1.25,EM,True
2003-03-31,HUF,226.112896,105.99,6.5,1.25,EM,True
2003-04-30,HUF,220.761836,105.97,6.5,1.25,EM,True
2003-05-31,HUF,211.241753,107.89,6.5,1.25,EM,True
2003-06-30,HUF,233.315831,101.89,9.5,1,EM,True
2003-07-31,HUF,233.194911,100.68,9.5,1,EM,True
2003-08-31,HUF,235.618193,101.33,9.5,1,EM,True
2003-09-30,HUF,218.812221,103.16,9.5,1,EM,True
2003-10-31,HUF,223.076923,104.55,9.5,1,EM,True
2003-11-30,HUF,220.72703,103.72,12.5,1,EM,True
2003-12-31,HUF,207.83848,102.72,12.5,1,EM,True
2004-01-31,HUF,213.622416,105.61,12.5,1,EM,True
2004-02-29,HUF,206.997906,107.14,12.5,1,EM,True
2004-03-31,HUF,203.90216,110.41,12.25,1,EM,True
2004-04-30,HUF,210.220139,110.72,12,1,EM,True
2004-05-31,HUF,206.099361,110.74,11.5,1,EM,True
2004-06-30,HUF,206.993007,110.64,11.5,1.25,EM,True
2004-07-31,HUF,206.246366,112.38,11.5,1.25,EM,True
2004-08-31,HUF,205.80464,112.19,11,1.5,EM,True
2004-09-30,HUF,199.379483,112.69,11,1.75,EM,True
2004-10-31,HUF,193.169506,113.72,10.5,1.75,EM,True
2004-11-30,HUF,184.836405,115.04,10,2,EM,True
2004-12-31,HUF,180.581455,114.94,9.5,2.25,EM,True
2005-01-31,HUF,188.415804,114.9,9,2.25,EM,True
2005-02-28,HUF,182.42438,115.57,8.25,2.5,EM,True
2005-03-31,HUF,190.681888,115.66,7.75,2.75,EM,True
2005-04-30,HUF,194.883075,114.2,7.5,2.75,EM,True
2005-05-31,HUF,205.66053,112.35,7.25,3,EM,True
2005-06-30,HUF,204.465762,112.62,7,3.25,EM,True
2005-07-31,HUF,202.588274,113.75,6.75,3.25,EM,True
2005-08-31,HUF,200.426299,114.05,6.25,3.5,EM,True
2005-09-30,HUF,207.282843,112.8,6,3.75,EM,True
2005-10-31,HUF,208.383931,109.66,6,3.75,EM,True
2005-11-30,HUF,214.691138,110.01,6,4,EM,True
2005-12-31,HUF,214.351106,108.9,6,4.25,EM,True
2006-01-31,HUF,208.541013,110.03,6,4.5,EM,True
2006-02-28,HUF,213.246316,109.03,6,4.5,EM,True
2006-03-31,HUF,219.547257,105.74,6,4.75,EM,True
2006-04-30,HUF,210.640504,104.43,6,4.75,EM,True
2006-05-31,HUF,203.675785,107.15,6,5,EM,True
2006-06-30,HUF,222.882089,103.72,6.25,5.25,EM,True
2006-07-31,HUF,213.22942,102.09,6.75,5.25,EM,True
2006-08-31,HUF,213.718777,103.05,7.25,5.25,EM,True
2006-09-30,HUF,215.63981,105.46,7.75,5.25,EM,True
2006-10-31,HUF,204.962193,108.52,8,5.25,EM,True
2006-11-30,HUF,194.143939,112.32,8,5.25,EM,True
2006-12-31,HUF,191.169324,114.63,8,5.25,EM,True
2007-01-31,HUF,198.56415,115.99,8,5.25,EM,True
2007-02-28,HUF,192.793884,117.43,8,5.25,EM,True
2007-03-31,HUF,186.063974,119.72,8,5.25,EM,True
2007-04-30,HUF,181.683205,121.82,8,5.25,EM,True
2007-05-31,HUF,186.017989,121.06,8,5.25,EM,True
2007-06-30,HUF,182.265827,120.21,7.75,5.25,EM,True
2007-07-31,HUF,182.71686,122.17,7.75,5.25,EM,True
2007-08-31,HUF,185.26815,117.81,7.75,5.25,EM,True
2007-09-30,HUF,176.803724,119.46,7.5,4.75,EM,True
2007-10-31,HUF,174.022288,121.22,7.5,4.5,EM,True
2007-11-30,HUF,171.397602,120.29,7.5,4.5,EM,True
2007-12-31,HUF,172.359215,120.74,7.5,4.25,EM,True
2008-01-31,HUF,174.485541,120.63,7.5,3,EM,True
2008-02-29,HUF,174.161007,118.05,7.5,3,EM,True
2008-03-31,HUF,164.071591,120.5,7.5,2.25,EM,True
2008-04-30,HUF,163.011583,123.73,8.25,2,EM,True
2008-05-31,HUF,155.616456,127.03,8.5,2,EM,True
2008-06-30,HUF,149.346613,129.16,8.5,2,EM,True
2008-07-31,HUF,148.139133,134.92,8.5,2,EM,True
2008-08-31,HUF,161.30302,130.93,8.5,2,EM,True
2008-09-30,HUF,169.775572,127.43,8.5,2,EM,True
2008-10-31,HUF,204.930626,116.78,11.5,1,EM,True
2008-11-30,HUF,203.94437,114.5,11,1,EM,True
2008-12-31,HUF,191.636128,117.28,10,0.125,EM,True
2009-01-31,HUF,233.364544,112.41,9.5,0.125,EM,True
2009-02-28,HUF,237.630497,106.2,9.5,0.125,EM,True
2009-03-31,HUF,231.574992,105.18,9.5,0.125,EM,True
2009-04-30,HUF,218.252354,108.25,9.5,0.125,EM,True
2009-05-31,HUF,200.368847,115.18,9.5,0.125,EM,True
2009-06-30,HUF,192.125371,116.41,9.5,0.125,EM,True
2009-07-31,HUF,188.5203,121.79,8.5,0.125,EM,True
2009-08-31,HUF,190.477859,122,8,0.125,EM,True
2009-09-30,HUF,184.183569,121.42,7.5,0.125,EM,True
2009-10-31,HUF,184.722973,123.23,7,0.125,EM,True
2009-11-30,HUF,182.307129,122.16,6.5,0.125,EM,True
2009-12-31,HUF,187.713453,120.14,6.25,0.125,EM,True
2010-01-31,HUF,194.150079,122.45,6,0.125,EM,True
2010-02-28,HUF,198.89462,120.07,5.75,0.125,EM,True
2010-03-31,HUF,197.158543,122.08,5.5,0.125,EM,True
2010-04-30,HUF,200.390537,121.35,5.25,0.125,EM,True
2010-05-31,HUF,223.880718,115.75,5.25,0.125,EM,True
2010-06-30,HUF,233.069839,113.28,5.25,0.125,EM,True
2010-07-31,HUF,219.235493,113.67,5.25,0.125,EM,True
2010-08-31,HUF,226.876972,113.44,5.25,0.125,EM,True
2010-09-30,HUF,202.044256,112.8,5.25,0.125,EM,True
2010-10-31,HUF,196.117486,117.99,5.25,0.125,EM,True
2010-11-30,HUF,218.633636,116.77,5.5,0.125,EM,True
2010-12-31,HUF,208.015267,114.8,5.75,0.125,EM,True
2011-01-31,HUF,200.007304,116.43,6,0.125,EM,True
2011-02-28,HUF,195.691774,118.8,6,0.125,EM,True
2011-03-31,HUF,187.03456,120.09,6,0.125,EM,True
2011-04-30,HUF,177.994616,123.56,6,0.125,EM,True
2011-05-31,HUF,185.505735,122.36,6,0.125,EM,True
2011-06-30,HUF,184.120944,122.38,6,0.125,EM,True
2011-07-31,HUF,189.319776,121.55,6,0.125,EM,True
2011-08-31,HUF,188.235294,119.47,6,0.125,EM,True
2011-09-30,HUF,216.655558,113.13,6,0.125,EM,True
2011-10-31,HUF,216.805942,109.32,6,0.125,EM,True
2011-11-30,HUF,229.266657,105.31,6.5,0.125,EM,True
2011-12-31,HUF,243.125435,106.19,7,0.125,EM,True
2012-01-31,HUF,223.064663,106.34,7,0.125,EM,True
2012-02-29,HUF,214.766049,113.04,7,0.125,EM,True
2012-03-31,HUF,220.814615,112.45,7,0.125,EM,True
2012-04-30,HUF,217.004692,111.88,7,0.125,EM,True
2012-05-31,HUF,243.207289,111.7,7,0.125,EM,True
2012-06-30,HUF,228.570294,111.72,7,0.125,EM,True
2012-07-31,HUF,227.075871,113.69,7,0.125,EM,True
2012-08-31,HUF,224.922687,116.33,6.75,0.125,EM,True
2012-09-30,HUF,220.33256,115.1,6.5,0.125,EM,True
2012-10-31,HUF,218.617717,116.12,6.25,0.125,EM,True
2012-11-30,HUF,216.40998,115.78,6,0.125,EM,True
2012-12-31,HUF,221.540094,114.71,5.75,0.125,EM,True
2013-01-31,HUF,215.697417,113.43,5.5,0.125,EM,True
2013-02-28,HUF,225.302765,113.86,5.25,0.125,EM,True
2013-03-31,HUF,237.73526,108.8,5,0.125,EM,True
2013-04-30,HUF,229.589963,110.77,4.75,0.125,EM,True
2013-05-31,HUF,227.671844,113.03,4.5,0.125,EM,True
2013-06-30,HUF,225.420489,112.96,4.25,0.125,EM,True
2013-07-31,HUF,225.740113,113.18,4,0.125,EM,True
2013-08-31,HUF,227.26105,111.58,3.8,0.125,EM,True
2013-09-30,HUF,220.770085,111.55,3.6,0.125,EM,True
2013-10-31,HUF,216.179166,113.43,3.4,0.125,EM,True
2013-11-30,HUF,221.218132,112.29,3.2,0.125,EM,True
2013-12-31,HUF,215.386846,111.38,3,0.125,EM,True
2014-01-31,HUF,231.769754,111.48,2.85,0.125,EM,True
2014-02-28,HUF,224.752045,108.46,2.7,0.125,EM,True
2014-03-31,HUF,222.787932,108.17,2.6,0.125,EM,True
2014-04-30,HUF,222.115523,109.32,2.5,0.125,EM,True
2014-05-31,HUF,222.539869,109.68,2.4,0.125,EM,True
2014-06-30,HUF,226.460682,108.86,2.3,0.125,EM,True
2014-07-31,HUF,233.918828,107.76,2.1,0.125,EM,True
2014-08-31,HUF,238.868668,105.82,2.1,0.125,EM,True
2014-09-30,HUF,246.817134,104.81,2.1,0.125,EM,True
2014-10-31,HUF,246.13542,106.09,2.1,0.125,EM,True
2014-11-30,HUF,245.782264,106.25,2.1,0.125,EM,True
2014-12-31,HUF,259.896219,104.43,2.1,0.125,EM,True
2015-01-31,HUF,276.010615,101.91,2.1,0.125,EM,True
2015-02-28,HUF,269.599644,104.13,2.1,0.125,EM,True
2015-03-31,HUF,278.306534,103.8,1.95,0.125,EM,True
2015-04-30,HUF,270.004458,104.69,1.8,0.125,EM,True
2015-05-31,HUF,281.586144,103.83,1.65,0.125,EM,True
2015-06-30,HUF,281.463938,102.67,1.5,0.125,EM,True
2015-07-31,HUF,281.116075,102.63,1.35,0.125,EM,True
2015-08-31,HUF,280.606331,103.18,1.35,0.125,EM,True
2015-09-30,HUF,279.791127,102.53,1.35,0.125,EM,True
2015-10-31,HUF,281.292548,103.05,1.35,0.125,EM,True
2015-11-30,HUF,294.526893,101.71,1.35,0.125,EM,True
2015-12-31,HUF,290.236061,101.52,1.35,0.375,EM,True
2016-01-31,HUF,285.741758,102.85,1.35,0.375,EM,True
2016-02-29,HUF,285.874357,104.35,1.35,0.375,EM,True
2016-03-31,HUF,275.906895,102.87,1.2,0.375,EM,True
2016-04-30,HUF,273.813909,103.75,1.05,0.375,EM,True
2016-05-31,HUF,281.611978,103.01,0.9,0.375,EM,True
2016-06-30,HUF,285.588182,103.08,0.9,0.375,EM,True
2016-07-31,HUF,280.923243,102.81,0.9,0.375,EM,True
2016-08-31,HUF,278.78189,103.82,0.9,0.375,EM,True
2016-09-30,HUF,277.564734,104.32,0.9,0.375,EM,True
2016-10-31,HUF,281.7833,105.16,0.9,0.375,EM,True
2016-11-30,HUF,292.910202,104.71,0.9,0.375,EM,True
2016-12-31,HUF,293.92847,103.26,0.9,0.625,EM,True
2017-01-31,HUF,288.833101,105.11,0.9,0.625,EM,True
2017-02-28,HUF,290.884213,104.89,0.9,0.625,EM,True
2017-03-31,HUF,287.737349,104.15,0.9,0.875,EM,True
2017-04-30,HUF,285.800549,103.17,0.9,0.875,EM,True
2017-05-31,HUF,273.772391,104.79,0.9,0.875,EM,True
2017-06-30,HUF,270.741325,105.68,0.9,1.125,EM,True
2017-07-31,HUF,259.759529,107.19,0.9,1.125,EM,True
2017-08-31,HUF,259.306554,108.5,0.9,1.125,EM,True
2017-09-30,HUF,263.145858,106.78,0.9,1.125,EM,True
2017-10-31,HUF,267.777969,106.24,0.9,1.125,EM,True
2017-11-30,HUF,263.963204,105.95,0.9,1.125,EM,True
2017-12-31,HUF,258.759276,105.41,0.9,1.375,EM,True
2018-01-31,HUF,249.37786,107.61,0.9,1.375,EM,True
2018-02-28,HUF,257.024726,106.71,0.9,1.375,EM,True
2018-03-31,HUF,253.33171,106.23,0.9,1.625,EM,True
2018-04-30,HUF,259.582747,106.77,0.9,1.625,EM,True
2018-05-31,HUF,272.578853,104.87,0.9,1.625,EM,True
2018-06-30,HUF,282.870132,103.14,0.9,1.875,EM,True
2018-07-31,HUF,273.031697,103.55,0.9,1.875,EM,True
2018-08-31,HUF,280.018882,104.16,0.9,1.875,EM,True
2018-09-30,HUF,280.209053,103.96,0.9,2.125,EM,True
2018-10-31,HUF,287.241562,104.04,0.9,2.125,EM,True
2018-11-30,HUF,284.90184,104.16,0.9,2.125,EM,True
2018-12-31,HUF,280.331878,103.71,0.9,2.375,EM,True
2019-01-31,HUF,274.965181,105.17,0.9,2.375,EM,True
2019-02-28,HUF,276.769446,105.7,0.9,2.375,EM,True
2019-03-31,HUF,285.758789,106.31,0.9,2.375,EM,True
2019-04-30,HUF,287.90337,104.86,0.9,2.375,EM,True
2019-05-31,HUF,290.861806,104.43,0.9,2.375,EM,True
2019-06-30,HUF,284.173989,104.96,0.9,2.375,EM,True
2019-07-31,HUF,292.780917,104.09,0.9,2.375,EM,True
2019-08-31,HUF,299.990939,103.76,0.9,2.125,EM,True
2019-09-30,HUF,307.493801,101.54,0.9,1.875,EM,True
2019-10-31,HUF,294.692487,102.13,0.9,1.625,EM,True
2019-11-30,HUF,303.970133,101.36,0.9,1.625,EM,True
2019-12-31,HUF,294.222895,102.31,0.9,1.625,EM,True
2020-01-31,HUF,304.967427,101.77,0.9,1.625,EM,True
2020-02-29,HUF,307.524825,100.49,0.9,1.625,EM,True
2020-03-31,HUF,328.60533,100.4,0.9,0.125,EM,True
2020-04-30,HUF,324.310408,97.08,0.9,0.125,EM,True
2020-05-31,HUF,313.155532,99.21,0.9,0.125,EM,True
2020-06-30,HUF,318.431863,100.83,0.75,0.125,EM,True
2020-07-31,HUF,291.146185,101.33,0.6,0.125,EM,True
2020-08-31,HUF,296.934673,102.96,0.6,0.125,EM,True
2020-09-30,HUF,312.20533,99.13,0.6,0.125,EM,True
2020-10-31,HUF,314.113524,98.64,0.6,0.125,EM,True
2020-11-30,HUF,300.158598,98.69,0.6,0.125,EM,True
2020-12-31,HUF,296.544699,99.47,0.6,0.125,EM,True
2021-01-31,HUF,295.31147,99.56,0.6,0.125,EM,True
2021-02-28,HUF,298.184968,99.67,0.6,0.125,EM,True
2021-03-31,HUF,309.82516,98.08,0.6,0.125,EM,True
2021-04-30,HUF,297.848038,100.09,0.6,0.125,EM,True
2021-05-31,HUF,284.902877,102.51,0.6,0.125,EM,True
2021-06-30,HUF,295.927297,103.5,0.9,0.125,EM,True
2021-07-31,HUF,300.395257,101.33,1.2,0.125,EM,True
2021-08-31,HUF,294.743958,102.53,1.5,0.125,EM,True
2021-09-30,HUF,311.071768,102.08,1.65,0.125,EM,True
2021-10-31,HUF,309.145556,99.67,1.8,0.125,EM,True
2021-11-30,HUF,321.816422,98.54,2.1,0.125,EM,True
2021-12-31,HUF,325.966802,97.55,2.4,0.125,EM,True
2022-01-31,HUF,320.177483,100.04,2.9,0.125,EM,True
2022-02-28,HUF,330.136619,100.82,3.4,0.125,EM,True
2022-03-31,HUF,333.096117,94.79,4.4,0.375,EM,True
2022-04-30,HUF,359.3074,94.97,5.4,0.375,EM,True
2022-05-31,HUF,369.831046,93.59,5.4,0.875,EM,True
2022-06-30,HUF,382.24704,91.41,7.75,1.625,EM,True
2022-07-31,HUF,396.940577,90.52,10.75,2.375,EM,True
2022-08-31,HUF,402.8,92.04,11.75,2.375,EM,True
2022-09-30,HUF,433.093968,94.82,13,3.125,EM,True
2022-10-31,HUF,413.203551,93.24,13,3.125,EM,True
2022-11-30,HUF,393.600617,98.19,13,3.875,EM,True
2022-12-31,HUF,375.839115,100.58,13,4.375,EM,True
2023-01-31,HUF,360.851103,105.05,13,4.375,EM,True
2023-02-28,HUF,355.664375,108.33,13,4.625,EM,True
2023-03-31,HUF,348.965517,108.85,13,4.875,EM,True
2023-04-30,HUF,340.387943,112.88,13,4.875,EM,True
2023-05-31,HUF,347.140316,113.1,13,5.125,EM,True
2023-06-30,HUF,342.28787,114.29,13,5.125,EM,True
2023-07-31,HUF,351.020593,112.77,13,5.375,EM,True
2023-08-31,HUF,349.769967,111.23,13,5.375,EM,True
2023-09-30,HUF,367.66094,110.7,13,5.375,EM,True
2023-10-31,HUF,359.854977,110.41,12.25,5.375,EM,True
2023-11-30,HUF,348.321288,112.72,11.5,5.375,EM,True
2023-12-31,HUF,346.425339,111.11,10.75,5.375,EM,True
2024-01-31,HUF,355.172096,111.91,10,5.375,EM,True
2024-02-29,HUF,363.458341,109.98,9,5.375,EM,True
2024-03-31,HUF,365.609102,109.02,8.25,5.375,EM,True
2024-04-30,HUF,364.508304,109.9,7.75,5.375,EM,True
2024-05-31,HUF,358.302617,111.22,7.25,5.375,EM,True
2024-06-30,HUF,369.079869,108.79,7,5.375,EM,True
2024-07-31,HUF,365.515331,110.16,6.75,5.375,EM,True
2024-08-31,HUF,354.045278,109.4,6.75,5.375,EM,True
2024-09-30,HUF,354.483744,109.07,6.5,4.875,EM,True
2024-10-31,HUF,375.188384,106.64,6.5,4.875,EM,True
2024-11-30,HUF,389.840939,104.96,6.5,4.625,EM,True
2024-12-31,HUF,395.947637,104.18,6.5,4.375,EM,True
2025-01-31,HUF,392.523814,105.31,6.5,4.375,EM,True
2025-02-28,HUF,383.728748,107.65,6.5,4.375,EM,True
2025-03-31,HUF,372.029589,109.69,6.5,4.375,EM,True
2025-04-30,HUF,355.297635,109.49,6.5,4.375,EM,True
2025-05-31,HUF,355.939677,109.83,6.5,4.375,EM,True
2025-06-30,HUF,341.12628,110.89,6.5,4.375,EM,True
2025-07-31,HUF,349.467063,112.44,6.5,4.375,EM,True
2025-08-31,HUF,340.452908,113.04,6.5,4.375,EM,True
2025-09-30,HUF,332.390767,114.51,6.5,4.125,EM,True
2025-10-31,HUF,335.900987,114.51,6.5,3.875,EM,True
2025-11-30,HUF,329.785578,116.32,6.5,3.875,EM,True
2025-12-31,HUF,327.787234,116.27,6.5,3.625,EM,True
2026-01-31,HUF,319.40599,116.68,6.5,3.625,EM,True
2026-02-28,HUF,319.042778,117.75,6.25,3.625,EM,True
2026-03-31,HUF,334.736476,113.74,6.25,3.625,EM,True
2026-04-30,HUF,311.78431,119.54,6.25,3.625,EM,True
2026-05-31,HUF,303.753006,123.06,6.25,3.625,EM,True
2026-06-30,HUF,312.708443,124.33,6.25,3.625,EM,True
2026-07-31,HUF,317.152808,,5.75,3.625,EM,True
1995-01-31,IDR,2217,113.63,,5.5,EM,True
1995-02-28,IDR,2216.75,113.89,,6,EM,True
1995-03-31,IDR,2238,110.1,,6,EM,True
1995-04-30,IDR,2233,107.98,,6,EM,True
1995-05-31,IDR,2226.5,108.88,,6,EM,True
1995-06-30,IDR,2227,108.65,,6,EM,True
1995-07-31,IDR,2234,110.12,,5.75,EM,True
1995-08-31,IDR,2266.5,112.64,,5.75,EM,True
1995-09-30,IDR,2266,113.8,,5.75,EM,True
1995-10-31,IDR,2271,114.02,,5.75,EM,True
1995-11-30,IDR,2283.5,114.2,,5.75,EM,True
1995-12-31,IDR,2286.5,115.29,,5.5,EM,True
1996-01-31,IDR,2291.5,118.69,,5.25,EM,True
1996-02-29,IDR,2316.5,119.71,,5.25,EM,True
1996-03-31,IDR,2337.5,117.22,,5.25,EM,True
1996-04-30,IDR,2329.5,118.15,,5.25,EM,True
1996-05-31,IDR,2332.5,118.11,,5.25,EM,True
1996-06-30,IDR,2327.5,118.7,,5.25,EM,True
1996-07-31,IDR,2351.5,119.22,,5.25,EM,True
1996-08-31,IDR,2342,118.24,,5.25,EM,True
1996-09-30,IDR,2321.5,119.23,,5.25,EM,True
1996-10-31,IDR,2329.32,120.69,,5.25,EM,True
1996-11-30,IDR,2345,120.06,,5.25,EM,True
1996-12-31,IDR,2362.5,120.76,,5.25,EM,True
1997-01-31,IDR,2376.5,122.92,,5.25,EM,True
1997-02-28,IDR,2406,125.86,,5.25,EM,True
1997-03-31,IDR,2418,124.9,,5.5,EM,True
1997-04-30,IDR,2433,124.93,,5.5,EM,True
1997-05-31,IDR,2440,122.65,,5.5,EM,True
1997-06-30,IDR,2450,121.03,,5.5,EM,True
1997-07-31,IDR,2599,120.3,,5.5,EM,True
1997-08-31,IDR,3035,113.96,,5.5,EM,True
1997-09-30,IDR,3275,104.89,,5.5,EM,True
1997-10-31,IDR,3670,89.7,,5.5,EM,True
1997-11-30,IDR,3648,96.78,,5.5,EM,True
1997-12-31,IDR,4650,73.68,,5.5,EM,True
1998-01-31,IDR,10375,42.02,,5.5,EM,True
1998-02-28,IDR,8750,48.14,,5.5,EM,True
1998-03-31,IDR,8325,47.93,,5.5,EM,True
1998-04-30,IDR,7970,58.95,,5.5,EM,True
1998-05-31,IDR,10525,51.97,,5.5,EM,True
1998-06-30,IDR,14900,40.17,,5.5,EM,True
1998-07-31,IDR,13000,41.44,,5.5,EM,True
1998-08-31,IDR,11075,51.05,,5.5,EM,True
1998-09-30,IDR,10700,56.79,,5.25,EM,True
1998-10-31,IDR,7550,69.34,,5,EM,True
1998-11-30,IDR,7300,77.05,,4.75,EM,True
1998-12-31,IDR,8025,77.75,,4.75,EM,True
1999-01-31,IDR,8923.049895,71.55,,4.75,EM,True
1999-02-28,IDR,8828.217462,71.77,,4.75,EM,True
1999-03-31,IDR,8698.799106,71.51,,4.75,EM,True
1999-04-30,IDR,8226.903841,73.14,,4.75,EM,True
1999-05-31,IDR,8099.254017,79.26,,4.75,EM,True
1999-06-30,IDR,6665.007746,85.67,,5,EM,True
1999-07-31,IDR,6835.964092,92.17,,5,EM,True
1999-08-31,IDR,7705.73158,81.63,,5.25,EM,True
1999-09-30,IDR,8400.403188,71.83,,5.25,EM,True
1999-10-31,IDR,6908.313403,78.26,,5.25,EM,True
1999-11-30,IDR,7330.088145,84.68,,5.5,EM,True
1999-12-31,IDR,7020.475811,84.19,,5.5,EM,True
2000-01-31,IDR,7426.524359,83.77,,5.5,EM,True
2000-02-29,IDR,7413.85629,83.19,,5.75,EM,True
2000-03-31,IDR,7602.219198,82.09,,6,EM,True
2000-04-30,IDR,7924.964227,79.41,,6,EM,True
2000-05-31,IDR,8636.181877,75.84,,6.5,EM,True
2000-06-30,IDR,8748.137296,72.84,,6.5,EM,True
2000-07-31,IDR,8897.024776,69.76,,6.5,EM,True
2000-08-31,IDR,8282.438805,76.6,,6.5,EM,True
2000-09-30,IDR,8769.994295,75.16,,6.5,EM,True
2000-10-31,IDR,9405.536414,74.18,,6.5,EM,True
2000-11-30,IDR,9519.081069,72.23,,6.5,EM,True
2000-12-31,IDR,9755.776464,72.64,,6.5,EM,True
2001-01-31,IDR,9456.031422,72.67,,5.5,EM,True
2001-02-28,IDR,9827.660035,72.16,,5.5,EM,True
2001-03-31,IDR,10403.35145,69.91,,5,EM,True
2001-04-30,IDR,11601.99414,65.02,,4.5,EM,True
2001-05-31,IDR,11125.67217,64.71,,4,EM,True
2001-06-30,IDR,11390.67217,66.03,,3.75,EM,True
2001-07-31,IDR,9497.304397,70.63,,3.75,EM,True
2001-08-31,IDR,8859.598166,83.83,,3.5,EM,True
2001-09-30,IDR,9719.351659,80.75,,3,EM,True
2001-10-31,IDR,10472.119,75.61,,2.5,EM,True
2001-11-30,IDR,10467.94785,73.88,,2,EM,True
2001-12-31,IDR,10470.2485,77.94,,1.75,EM,True
2002-01-31,IDR,10316.19775,79.32,,1.75,EM,True
2002-02-28,IDR,10149.41625,82.01,,1.75,EM,True
2002-03-31,IDR,9823.876662,83.95,,1.75,EM,True
2002-04-30,IDR,9331.560835,86.88,,1.75,EM,True
2002-05-31,IDR,8691.946309,89.42,,1.75,EM,True
2002-06-30,IDR,8713.874687,92.33,,1.75,EM,True
2002-07-31,IDR,9064.039661,88.64,,1.75,EM,True
2002-08-31,IDR,8854.551002,89.99,,1.75,EM,True
2002-09-30,IDR,8994.462475,90.4,,1.75,EM,True
2002-10-31,IDR,9230.474453,89.75,,1.75,EM,True
2002-11-30,IDR,8977.959101,91.02,,1.25,EM,True
2002-12-31,IDR,8951.28254,93.15,,1.25,EM,True
2003-01-31,IDR,8872.466716,92.42,,1.25,EM,True
2003-02-28,IDR,8884.733816,92.35,,1.25,EM,True
2003-03-31,IDR,8901.505278,91.6,,1.25,EM,True
2003-04-30,IDR,8672.338514,92.93,,1.25,EM,True
2003-05-31,IDR,8314.574522,95.29,,1.25,EM,True
2003-06-30,IDR,8271.453575,97.62,,1,EM,True
2003-07-31,IDR,8510.381693,96.95,,1,EM,True
2003-08-31,IDR,8488.112016,95.99,,1,EM,True
2003-09-30,IDR,8397.167868,95.57,,1,EM,True
2003-10-31,IDR,8498.330752,94.23,,1,EM,True
2003-11-30,IDR,8506.069702,94.41,,1,EM,True
2003-12-31,IDR,8426.840855,93.99,,1,EM,True
2004-01-31,IDR,8457.816537,94.33,,1,EM,True
2004-02-29,IDR,8451.940731,93.21,,1,EM,True
2004-03-31,IDR,8565.248691,92.77,,1,EM,True
2004-04-30,IDR,8785.8793,92.92,,1,EM,True
2004-05-31,IDR,9272.446303,90.87,,1,EM,True
2004-06-30,IDR,9400.386672,86.92,,1.25,EM,True
2004-07-31,IDR,9129.6204,90.29,,1.25,EM,True
2004-08-31,IDR,9375.006193,88.56,,1.5,EM,True
2004-09-30,IDR,9160.367475,88.7,,1.75,EM,True
2004-10-31,IDR,9095.006673,88.85,,1.75,EM,True
2004-11-30,IDR,9025.874389,88.31,,2,EM,True
2004-12-31,IDR,9290.000734,86.1,,2.25,EM,True
2005-01-31,IDR,9169.666283,87.82,,2.25,EM,True
2005-02-28,IDR,9256.800181,86.85,,2.5,EM,True
2005-03-31,IDR,9468.443382,86.77,,2.75,EM,True
2005-04-30,IDR,9559.998456,86.05,,2.75,EM,True
2005-05-31,IDR,9507.501419,87.04,,3,EM,True
2005-06-30,IDR,9762.504135,87.49,,3.25,EM,True
2005-07-31,IDR,9805.002894,87.16,8.5,3.25,EM,True
2005-08-31,IDR,10294.99918,84.74,8.75,3.5,EM,True
2005-09-30,IDR,10290.00166,83.16,10,3.75,EM,True
2005-10-31,IDR,10114.99626,92.67,11,3.75,EM,True
2005-11-30,IDR,10034.99872,95.45,12.25,4,EM,True
2005-12-31,IDR,9829.999152,96.72,12.75,4.25,EM,True
2006-01-31,IDR,9373.997359,99.77,12.75,4.5,EM,True
2006-02-28,IDR,9182.501053,102.98,12.75,4.5,EM,True
2006-03-31,IDR,9065.003305,103.66,12.75,4.75,EM,True
2006-04-30,IDR,8807.00327,104.83,12.75,4.75,EM,True
2006-05-31,IDR,9254.996892,101.76,12.5,5,EM,True
2006-06-30,IDR,9262.998505,99.84,12.5,5.25,EM,True
2006-07-31,IDR,9095.002741,102.61,12.25,5.25,EM,True
2006-08-31,IDR,9096.996343,102.74,11.75,5.25,EM,True
2006-09-30,IDR,9225,102.68,11.25,5.25,EM,True
2006-10-31,IDR,9112.5,103.63,10.75,5.25,EM,True
2006-11-30,IDR,9165,103.13,10.25,5.25,EM,True
2006-12-31,IDR,8993.50038,103.54,9.75,5.25,EM,True
2007-01-31,IDR,9100,105.63,9.5,5.25,EM,True
2007-02-28,IDR,9131.49648,105.61,9.25,5.25,EM,True
2007-03-31,IDR,9125.003754,103.43,9,5.25,EM,True
2007-04-30,IDR,9082.998897,102.89,9,5.25,EM,True
2007-05-31,IDR,8830.000743,105.81,8.75,5.25,EM,True
2007-06-30,IDR,9035.001851,104.39,8.5,5.25,EM,True
2007-07-31,IDR,9225.001824,102.33,8.25,5.25,EM,True
2007-08-31,IDR,9390.003648,99.61,8.25,5.25,EM,True
2007-09-30,IDR,9145.003174,100.02,8.25,4.75,EM,True
2007-10-31,IDR,9097.002838,101,8.25,4.5,EM,True
2007-11-30,IDR,9370.002032,97.27,8.25,4.5,EM,True
2007-12-31,IDR,9392.500509,97.65,8,4.25,EM,True
2008-01-31,IDR,9246.503026,97.12,8,3,EM,True
2008-02-29,IDR,9098.701127,98.78,8,3,EM,True
2008-03-31,IDR,9215.001265,97.48,8,2.25,EM,True
2008-04-30,IDR,9222.001287,96.82,8,2,EM,True
2008-05-31,IDR,9314.99871,97.67,8.25,2,EM,True
2008-06-30,IDR,9229.998731,99.79,8.5,2,EM,True
2008-07-31,IDR,9094.997117,101.56,8.75,2,EM,True
2008-08-31,IDR,9150.003393,104.63,9,2,EM,True
2008-09-30,IDR,9430.000699,105.2,9.25,2,EM,True
2008-10-31,IDR,10900,101.73,9.5,1,EM,True
2008-11-30,IDR,12250.00393,88.22,9.5,1,EM,True
2008-12-31,IDR,10950.00359,90.18,9.25,0.125,EM,True
2009-01-31,IDR,11400,91.83,8.75,0.125,EM,True
2009-02-28,IDR,11979.99842,87.94,8.25,0.125,EM,True
2009-03-31,IDR,11700,89.31,7.75,0.125,EM,True
2009-04-30,IDR,10600,94.33,7.5,0.125,EM,True
2009-05-31,IDR,10312.99475,98.04,7.25,0.125,EM,True
2009-06-30,IDR,10207.7119,98.76,7,0.125,EM,True
2009-07-31,IDR,9950.749752,99.74,6.75,0.125,EM,True
2009-08-31,IDR,10082.78447,100.43,6.5,0.125,EM,True
2009-09-30,IDR,9649.682442,101.55,6.5,0.125,EM,True
2009-10-31,IDR,9581.581081,104.17,6.5,0.125,EM,True
2009-11-30,IDR,9467.24356,103.63,6.5,0.125,EM,True
2009-12-31,IDR,9458.649174,104.47,6.5,0.125,EM,True
2010-01-31,IDR,9359.322641,107.22,6.5,0.125,EM,True
2010-02-28,IDR,9323.537214,107.49,6.5,0.125,EM,True
2010-03-31,IDR,9071.340604,108.8,6.5,0.125,EM,True
2010-04-30,IDR,9009.793466,110.08,6.5,0.125,EM,True
2010-05-31,IDR,9162.379134,110.36,6.5,0.125,EM,True
2010-06-30,IDR,9063.523755,112.56,6.5,0.125,EM,True
2010-07-31,IDR,8940.044519,113.36,6.5,0.125,EM,True
2010-08-31,IDR,9047.176656,113.35,6.5,0.125,EM,True
2010-09-30,IDR,8919.57796,112.31,6.5,0.125,EM,True
2010-10-31,IDR,8936.919968,109.6,6.5,0.125,EM,True
2010-11-30,IDR,9051.461763,110.08,6.5,0.125,EM,True
2010-12-31,IDR,8982.29307,110.72,6.5,0.125,EM,True
2011-01-31,IDR,9057.391177,109.97,6.5,0.125,EM,True
2011-02-28,IDR,8816.322105,110.54,6.75,0.125,EM,True
2011-03-31,IDR,8704.68783,110.92,6.75,0.125,EM,True
2011-04-30,IDR,8565.444145,110.42,6.75,0.125,EM,True
2011-05-31,IDR,8542.912756,110.87,6.75,0.125,EM,True
2011-06-30,IDR,8577.741645,111.22,6.75,0.125,EM,True
2011-07-31,IDR,8505.322581,111.38,6.75,0.125,EM,True
2011-08-31,IDR,8529.847751,111.38,6.75,0.125,EM,True
2011-09-30,IDR,9074.998149,110.26,6.75,0.125,EM,True
2011-10-31,IDR,8854.5961,110.03,6.5,0.125,EM,True
2011-11-30,IDR,9111.022507,109.05,6,0.125,EM,True
2011-12-31,IDR,9066.751681,109.51,6,0.125,EM,True
2012-01-31,IDR,8982.665452,109.52,6,0.125,EM,True
2012-02-29,IDR,9044.498996,108.84,5.75,0.125,EM,True
2012-03-31,IDR,9168.343816,107.79,5.75,0.125,EM,True
2012-04-30,IDR,9186.574845,107.43,5.75,0.125,EM,True
2012-05-31,IDR,9526.80803,106.8,5.75,0.125,EM,True
2012-06-30,IDR,9434.876886,107.04,5.75,0.125,EM,True
2012-07-31,IDR,9448.54282,107.39,5.75,0.125,EM,True
2012-08-31,IDR,9549.195147,106.51,5.75,0.125,EM,True
2012-09-30,IDR,9575.297757,104.21,5.75,0.125,EM,True
2012-10-31,IDR,9606.372662,103.41,5.75,0.125,EM,True
2012-11-30,IDR,9603.33436,103.76,5.75,0.125,EM,True
2012-12-31,IDR,9636.175534,103.7,5.75,0.125,EM,True
2013-01-31,IDR,9698.361624,104.88,5.75,0.125,EM,True
2013-02-28,IDR,9674.857186,105.81,5.75,0.125,EM,True
2013-03-31,IDR,9721.171417,106.96,5.75,0.125,EM,True
2013-04-30,IDR,9719.476744,107.05,5.75,0.125,EM,True
2013-05-31,IDR,9797.378133,107.46,5.75,0.125,EM,True
2013-06-30,IDR,9923.860856,107.38,6,0.125,EM,True
2013-07-31,IDR,10261.06968,109.19,6.5,0.125,EM,True
2013-08-31,IDR,11272.02116,103.96,7,0.125,EM,True
2013-09-30,IDR,11421.89559,97.08,7.25,0.125,EM,True
2013-10-31,IDR,11271.41705,97.81,7.25,0.125,EM,True
2013-11-30,IDR,11740.90809,94.7,7.5,0.125,EM,True
2013-12-31,IDR,12156.31934,91.95,7.5,0.125,EM,True
2014-01-31,IDR,12181.5478,92.6,7.5,0.125,EM,True
2014-02-28,IDR,11611.41678,93.82,7.5,0.125,EM,True
2014-03-31,IDR,11360.00145,97.86,7.5,0.125,EM,True
2014-04-30,IDR,11560.33935,97.16,7.5,0.125,EM,True
2014-05-31,IDR,11705.15176,96.14,7.5,0.125,EM,True
2014-06-30,IDR,11896.43432,93.65,7.5,0.125,EM,True
2014-07-31,IDR,11578.27939,96.11,7.5,0.125,EM,True
2014-08-31,IDR,11705.80073,96.38,7.5,0.125,EM,True
2014-09-30,IDR,12212.4851,96.18,7.5,0.125,EM,True
2014-10-31,IDR,12112.48802,95.65,7.5,0.125,EM,True
2014-11-30,IDR,12244.43643,98.88,7.5,0.125,EM,True
2014-12-31,IDR,12417.51091,100.62,7.75,0.125,EM,True
2015-01-31,IDR,12686.51039,100.75,7.75,0.125,EM,True
2015-02-28,IDR,12950.14235,99.12,7.5,0.125,EM,True
2015-03-31,IDR,13062.3478,98.14,7.5,0.125,EM,True
2015-04-30,IDR,12971.65403,98.53,7.5,0.125,EM,True
2015-05-31,IDR,13229.02461,97,7.5,0.125,EM,True
2015-06-30,IDR,13350.99651,97.01,7.5,0.125,EM,True
2015-07-31,IDR,13555.47552,98.2,7.5,0.125,EM,True
2015-08-31,IDR,14060.89166,97.08,7.5,0.125,EM,True
2015-09-30,IDR,14592.35026,93.29,7.5,0.125,EM,True
2015-10-31,IDR,13679.45902,96.83,7.5,0.125,EM,True
2015-11-30,IDR,13843.86993,99.11,7.5,0.125,EM,True
2015-12-31,IDR,13814.63213,98.9,7.5,0.375,EM,True
2016-01-31,IDR,13706.63004,100.45,7.25,0.375,EM,True
2016-02-29,IDR,13371.99669,101.37,7,0.375,EM,True
2016-03-31,IDR,13197.04875,102.64,6.75,0.375,EM,True
2016-04-30,IDR,13185.00395,100.55,6.75,0.375,EM,True
2016-05-31,IDR,13609.83504,99.6,6.75,0.375,EM,True
2016-06-30,IDR,13152.3149,100.57,6.5,0.375,EM,True
2016-07-31,IDR,13101.50274,103.07,6.5,0.375,EM,True
2016-08-31,IDR,13283.00395,101.6,5.25,0.375,EM,True
2016-09-30,IDR,13050.99901,102.36,5,0.375,EM,True
2016-10-31,IDR,13040.2156,104.16,4.75,0.375,EM,True
2016-11-30,IDR,13552.49647,104.21,4.75,0.375,EM,True
2016-12-31,IDR,13446.00133,106.09,4.75,0.625,EM,True
2017-01-31,IDR,13355.23942,106.69,4.75,0.625,EM,True
2017-02-28,IDR,13336.00075,105.87,4.75,0.625,EM,True
2017-03-31,IDR,13317.68778,105.68,4.75,0.875,EM,True
2017-04-30,IDR,13329.00274,105.22,4.75,0.875,EM,True
2017-05-31,IDR,13308.00285,105.13,4.75,0.875,EM,True
2017-06-30,IDR,13327.49737,105.14,4.75,1.125,EM,True
2017-07-31,IDR,13323.99591,104.59,4.75,1.125,EM,True
2017-08-31,IDR,13346.38478,102.93,4.5,1.125,EM,True
2017-09-30,IDR,13457.99593,102.31,4.25,1.125,EM,True
2017-10-31,IDR,13565.00258,101.48,4.25,1.125,EM,True
2017-11-30,IDR,13532.99856,101.34,4.25,1.125,EM,True
2017-12-31,IDR,13540.49862,101.01,4.25,1.375,EM,True
2018-01-31,IDR,13375.99743,100.85,4.25,1.375,EM,True
2018-02-28,IDR,13749.00115,97.74,4.25,1.375,EM,True
2018-03-31,IDR,13743.99805,96.91,4.25,1.625,EM,True
2018-04-30,IDR,13905.24878,96.83,4.25,1.625,EM,True
2018-05-31,IDR,13907.0006,96.96,4.75,1.625,EM,True
2018-06-30,IDR,14285.50352,98.61,5.25,1.875,EM,True
2018-07-31,IDR,14419.9983,97.92,5.25,1.875,EM,True
2018-08-31,IDR,14788.43018,97.29,5.5,1.875,EM,True
2018-09-30,IDR,14901.50311,95,5.75,2.125,EM,True
2018-10-31,IDR,15202.50044,93.84,5.75,2.125,EM,True
2018-11-30,IDR,14302.50022,97.8,6,2.125,EM,True
2018-12-31,IDR,14410.48035,99.07,6,2.375,EM,True
2019-01-31,IDR,13910.49791,100.77,6,2.375,EM,True
2019-02-28,IDR,14076.4979,100.75,6,2.375,EM,True
2019-03-31,IDR,14240,99.76,6,2.375,EM,True
2019-04-30,IDR,14221.50116,100.63,6,2.375,EM,True
2019-05-31,IDR,14332.49933,100.37,6,2.375,EM,True
2019-06-30,IDR,14132.99648,101.69,6,2.375,EM,True
2019-07-31,IDR,14025.02018,103.03,5.75,2.375,EM,True
2019-08-31,IDR,14185.00362,102.8,5.5,2.125,EM,True
2019-09-30,IDR,14195.00413,103.51,5.25,1.875,EM,True
2019-10-31,IDR,14077.01273,102.65,5,1.625,EM,True
2019-11-30,IDR,14104.99909,102.55,5,1.625,EM,True
2019-12-31,IDR,13882.49956,102.95,5,1.625,EM,True
2020-01-31,IDR,13655.00362,104.56,5,1.625,EM,True
2020-02-29,IDR,14347.49932,105.44,4.75,1.625,EM,True
2020-03-31,IDR,16310.00365,97.01,4.5,0.125,EM,True
2020-04-30,IDR,14875,95.14,4.5,0.125,EM,True
2020-05-31,IDR,14610.00359,101.43,4.5,0.125,EM,True
2020-06-30,IDR,14452.94695,104.9,4.25,0.125,EM,True
2020-07-31,IDR,14655.63808,101.22,4,0.125,EM,True
2020-08-31,IDR,14576.54941,98.37,4,0.125,EM,True
2020-09-30,IDR,14945.19986,96.81,4,0.125,EM,True
2020-10-31,IDR,14625.00427,96.89,4,0.125,EM,True
2020-11-30,IDR,14162.30384,99.54,3.75,0.125,EM,True
2020-12-31,IDR,14050.00408,98.69,3.75,0.125,EM,True
2021-01-31,IDR,14003.09822,98.75,3.75,0.125,EM,True
2021-02-28,IDR,14316.8963,98.38,3.5,0.125,EM,True
2021-03-31,IDR,14524.99787,97.45,3.5,0.125,EM,True
2021-04-30,IDR,14421.65204,96.74,3.5,0.125,EM,True
2021-05-31,IDR,14263.55217,97.58,3.5,0.125,EM,True
2021-06-30,IDR,14540.81118,97.4,3.5,0.125,EM,True
2021-07-31,IDR,14451.65251,97.44,3.5,0.125,EM,True
2021-08-31,IDR,14263.72317,98.13,3.5,0.125,EM,True
2021-09-30,IDR,14312.14267,98.56,3.5,0.125,EM,True
2021-10-31,IDR,14217.50107,99.1,3.5,0.125,EM,True
2021-11-30,IDR,14325.0462,98.61,3.5,0.125,EM,True
2021-12-31,IDR,14215.45117,99.01,3.5,0.125,EM,True
2022-01-31,IDR,14375.00896,98.95,3.5,0.125,EM,True
2022-02-28,IDR,14376.92651,97.82,3.5,0.125,EM,True
2022-03-31,IDR,14365.37249,99.14,3.5,0.375,EM,True
2022-04-30,IDR,14517.57116,100.67,3.5,0.375,EM,True
2022-05-31,IDR,14543.21852,101.96,3.5,0.875,EM,True
2022-06-30,IDR,14972.56186,101.94,3.5,1.625,EM,True
2022-07-31,IDR,14861.30614,101.7,3.5,2.375,EM,True
2022-08-31,IDR,14849.93,102.38,3.75,2.375,EM,True
2022-09-30,IDR,15247.49692,105.36,4.25,3.125,EM,True
2022-10-31,IDR,15623.91568,104.05,4.75,3.125,EM,True
2022-11-30,IDR,15682.16076,100.63,5.25,3.875,EM,True
2022-12-31,IDR,15488.29927,98.56,5.5,4.375,EM,True
2023-01-31,IDR,15030.52709,98.3,5.75,4.375,EM,True
2023-02-28,IDR,15249.47735,99.83,5.75,4.625,EM,True
2023-03-31,IDR,14988.68046,99.95,5.75,4.875,EM,True
2023-04-30,IDR,14672.52527,102.59,5.75,4.875,EM,True
2023-05-31,IDR,15005.51343,104.16,5.75,5.125,EM,True
2023-06-30,IDR,15078.72262,104.93,5.75,5.125,EM,True
2023-07-31,IDR,15079.96916,103.74,5.75,5.375,EM,True
2023-08-31,IDR,15229.99632,103.27,5.75,5.375,EM,True
2023-09-30,IDR,15464.99906,103.51,5.75,5.375,EM,True
2023-10-31,IDR,15884.99859,101.77,6,5.375,EM,True
2023-11-30,IDR,15534.84585,102.16,6,5.375,EM,True
2023-12-31,IDR,15456.75113,101.6,6,5.375,EM,True
2024-01-31,IDR,15757.39596,101.4,6,5.375,EM,True
2024-02-29,IDR,15738.20432,101.49,6,5.375,EM,True
2024-03-31,IDR,15870.75201,102.02,6,5.375,EM,True
2024-04-30,IDR,16255.00093,100.88,6.25,5.375,EM,True
2024-05-31,IDR,16256.65315,100.67,6.25,5.375,EM,True
2024-06-30,IDR,16335.55348,99.12,6.25,5.375,EM,True
2024-07-31,IDR,16285.95308,99.04,6.25,5.375,EM,True
2024-08-31,IDR,15495.65257,99.4,6.25,5.375,EM,True
2024-09-30,IDR,15162.45088,100.58,6,4.875,EM,True
2024-10-31,IDR,15719.39901,100.12,6,4.875,EM,True
2024-11-30,IDR,15862.34615,101.06,6,4.625,EM,True
2024-12-31,IDR,16191.04822,100.79,6,4.375,EM,True
2025-01-31,IDR,16300.59656,99.23,5.75,4.375,EM,True
2025-02-28,IDR,16548.04534,97.04,5.75,4.375,EM,True
2025-03-31,IDR,16637.05039,97.17,5.75,4.375,EM,True
2025-04-30,IDR,16620.04748,95.48,5.75,4.375,EM,True
2025-05-31,IDR,16332.94823,95.94,5.5,4.375,EM,True
2025-06-30,IDR,16229.54778,95.99,5.5,4.375,EM,True
2025-07-31,IDR,16497.35279,96,5.25,4.375,EM,True
2025-08-31,IDR,16475.69909,96.06,5,4.375,EM,True
2025-09-30,IDR,16675.70054,94.42,4.75,4.125,EM,True
2025-10-31,IDR,16661.90064,94.73,4.75,3.875,EM,True
2025-11-30,IDR,16660.09857,94.76,4.75,3.875,EM,True
2025-12-31,IDR,16715.6,94.48,4.75,3.625,EM,True
2026-01-31,IDR,16788.32117,93.16,4.75,3.625,EM,True
2026-02-28,IDR,16801.10123,92.3,4.75,3.625,EM,True
2026-03-31,IDR,16964.89824,93.21,4.75,3.625,EM,True
2026-04-30,IDR,17345.70159,91.27,4.75,3.625,EM,True
2026-05-31,IDR,17816.24871,88.89,5.25,3.625,EM,True
2026-06-30,IDR,17903.20344,88.38,5.75,3.625,EM,True
2026-07-31,IDR,18052.39878,,5.75,3.625,EM,True
1995-01-31,ILS,2.998,93.42,17,5.5,EM,True
1995-02-28,ILS,2.988,92.55,16.3,6,EM,True
1995-03-31,ILS,2.968,90.63,14.8,6,EM,True
1995-04-30,ILS,2.961,90.08,14,6,EM,True
1995-05-31,ILS,3.005,90.1,14,6,EM,True
1995-06-30,ILS,2.951,90.42,13.5,6,EM,True
1995-07-31,ILS,2.989,91.22,13.2,5.75,EM,True
1995-08-31,ILS,3.042,91.82,13.2,5.75,EM,True
1995-09-30,ILS,2.995,93.16,13.7,5.75,EM,True
1995-10-31,ILS,3.029,93.54,14.2,5.75,EM,True
1995-11-30,ILS,3.072,93.31,14.2,5.75,EM,True
1995-12-31,ILS,3.135,92.74,13.7,5.5,EM,True
1996-01-31,ILS,3.14,93.66,13.7,5.25,EM,True
1996-02-29,ILS,3.101,94.84,14,5.25,EM,True
1996-03-31,ILS,3.111,96.04,14,5.25,EM,True
1996-04-30,ILS,3.191,95.91,14.8,5.25,EM,True
1996-05-31,ILS,3.299,95.3,15.5,5.25,EM,True
1996-06-30,ILS,3.203,95.76,17,5.25,EM,True
1996-07-31,ILS,3.153,97.81,17,5.25,EM,True
1996-08-31,ILS,3.142,98.54,15.8,5.25,EM,True
1996-09-30,ILS,3.22,98.56,15.5,5.25,EM,True
1996-10-31,ILS,3.273,97.77,15.2,5.25,EM,True
1996-11-30,ILS,3.253,96.91,15.2,5.25,EM,True
1996-12-31,ILS,3.251,97.66,14.7,5.25,EM,True
1997-01-31,ILS,3.314,99.37,14.2,5.25,EM,True
1997-02-28,ILS,3.348,100.75,13.9,5.25,EM,True
1997-03-31,ILS,3.361,101.39,13.9,5.5,EM,True
1997-04-30,ILS,3.407,101.38,13.9,5.5,EM,True
1997-05-31,ILS,3.394,100.85,13.9,5.5,EM,True
1997-06-30,ILS,3.587,100.37,12.7,5.5,EM,True
1997-07-31,ILS,3.54,100.13,12.7,5.5,EM,True
1997-08-31,ILS,3.514,102.66,13.4,5.5,EM,True
1997-09-30,ILS,3.497,102.2,13.4,5.5,EM,True
1997-10-31,ILS,3.542,102.16,13.4,5.5,EM,True
1997-11-30,ILS,3.54,101.27,13.4,5.5,EM,True
1997-12-31,ILS,3.536,103.42,13.4,5.5,EM,True
1998-01-31,ILS,3.611,104.25,12.9,5.5,EM,True
1998-02-28,ILS,3.582,102.72,12.6,5.5,EM,True
1998-03-31,ILS,3.597,102.54,12.2,5.5,EM,True
1998-04-30,ILS,3.707,100.12,11.9,5.5,EM,True
1998-05-31,ILS,3.656,101.14,11.6,5.5,EM,True
1998-06-30,ILS,3.667,102.44,11.3,5.5,EM,True
1998-07-31,ILS,3.65,102.69,11,5.5,EM,True
1998-08-31,ILS,3.801,102.17,9.5,5.5,EM,True
1998-09-30,ILS,3.845,97.37,9.5,5.25,EM,True
1998-10-31,ILS,4.25,89.49,11.5,5,EM,True
1998-11-30,ILS,4.191,90.8,13.5,4.75,EM,True
1998-12-31,ILS,4.16,91.53,13.5,4.75,EM,True
1999-01-31,ILS,4.103,93.57,13.5,4.75,EM,True
1999-02-28,ILS,4.047,94.67,13,4.75,EM,True
1999-03-31,ILS,4.034,96.6,13,4.75,EM,True
1999-04-30,ILS,4.155,96.19,12,4.75,EM,True
1999-05-31,ILS,4.121,95.52,12,4.75,EM,True
1999-06-30,ILS,4.076,97.28,12,5,EM,True
1999-07-31,ILS,4.159,97.48,11.5,5,EM,True
1999-08-31,ILS,4.241,94.08,11.5,5.25,EM,True
1999-09-30,ILS,4.276,93.21,11.5,5.25,EM,True
1999-10-31,ILS,4.251,92.37,11.5,5.25,EM,True
1999-11-30,ILS,4.227,94.2,11.2,5.5,EM,True
1999-12-31,ILS,4.153,95.45,10.7,5.5,EM,True
2000-01-31,ILS,4.084363,96.69,10.3,5.5,EM,True
2000-02-29,ILS,4.031913,98.58,9.9,5.75,EM,True
2000-03-31,ILS,4.0179,99.76,9.6,6,EM,True
2000-04-30,ILS,4.036214,99.76,9.3,6,EM,True
2000-05-31,ILS,4.168548,100.47,9.3,6.5,EM,True
2000-06-30,ILS,4.082985,99.39,9.3,6.5,EM,True
2000-07-31,ILS,4.087958,100.5,9.1,6.5,EM,True
2000-08-31,ILS,4.002021,102.51,8.9,6.5,EM,True
2000-09-30,ILS,4.023959,103.27,8.6,6.5,EM,True
2000-10-31,ILS,4.136509,103.14,8.4,6.5,EM,True
2000-11-30,ILS,4.093045,102.99,8.2,6.5,EM,True
2000-12-31,ILS,4.042988,101.75,8,6.5,EM,True
2001-01-31,ILS,4.140966,98.67,8,5.5,EM,True
2001-02-28,ILS,4.112024,99.27,7.7,5.5,EM,True
2001-03-31,ILS,4.201993,99.53,7.2,5,EM,True
2001-04-30,ILS,4.140041,100.91,7.2,4.5,EM,True
2001-05-31,ILS,4.135967,102.23,7,4,EM,True
2001-06-30,ILS,4.170047,103.03,6.5,3.75,EM,True
2001-07-31,ILS,4.207995,102.77,6.3,3.75,EM,True
2001-08-31,ILS,4.261957,100.22,6.3,3.5,EM,True
2001-09-30,ILS,4.356587,97.28,6.3,3,EM,True
2001-10-31,ILS,4.278036,98.22,6.3,2.5,EM,True
2001-11-30,ILS,4.233985,100.18,5.8,2,EM,True
2001-12-31,ILS,4.39646,99.41,3.8,1.75,EM,True
2002-01-31,ILS,4.604145,94.77,3.8,1.75,EM,True
2002-02-28,ILS,4.627558,93.4,4.4,1.75,EM,True
2002-03-31,ILS,4.704952,92.85,4.4,1.75,EM,True
2002-04-30,ILS,4.89698,90.57,4.6,1.75,EM,True
2002-05-31,ILS,4.921487,88.33,5.6,1.75,EM,True
2002-06-30,ILS,4.754987,87.3,9.1,1.75,EM,True
2002-07-31,ILS,4.683022,90.42,9.1,1.75,EM,True
2002-08-31,ILS,4.662565,91.48,9.1,1.75,EM,True
2002-09-30,ILS,4.88002,89.67,9.1,1.75,EM,True
2002-10-31,ILS,4.767032,89.69,9.1,1.75,EM,True
2002-11-30,ILS,4.648031,89.89,9.1,1.25,EM,True
2002-12-31,ILS,4.739964,88.74,8.9,1.25,EM,True
2003-01-31,ILS,4.823964,84.38,8.9,1.25,EM,True
2003-02-28,ILS,4.819329,83.41,8.9,1.25,EM,True
2003-03-31,ILS,4.690959,84.67,8.7,1.25,EM,True
2003-04-30,ILS,4.55296,87.23,8.7,1.25,EM,True
2003-05-31,ILS,4.391896,86.72,8,1.25,EM,True
2003-06-30,ILS,4.322394,87.67,7.5,1,EM,True
2003-07-31,ILS,4.430818,88.22,7,1,EM,True
2003-08-31,ILS,4.444038,87.38,6.5,1,EM,True
2003-09-30,ILS,4.43838,85.82,6.1,1,EM,True
2003-10-31,ILS,4.493375,84.25,5.6,1,EM,True
2003-11-30,ILS,4.444639,83.32,5.2,1,EM,True
2003-12-31,ILS,4.388282,83.02,5.2,1,EM,True
2004-01-31,ILS,4.514454,80.78,4.5,1,EM,True
2004-02-29,ILS,4.487921,79.79,4.3,1,EM,True
2004-03-31,ILS,4.514316,79.58,4.3,1,EM,True
2004-04-30,ILS,4.542563,80.1,4.1,1,EM,True
2004-05-31,ILS,4.556731,80.06,4.1,1,EM,True
2004-06-30,ILS,4.498396,80.52,4.1,1.25,EM,True
2004-07-31,ILS,4.515741,80.37,4.1,1.25,EM,True
2004-08-31,ILS,4.50706,80.07,4.1,1.5,EM,True
2004-09-30,ILS,4.480699,80.41,4.1,1.75,EM,True
2004-10-31,ILS,4.458036,79.73,4.1,1.75,EM,True
2004-11-30,ILS,4.362618,78.71,3.9,2,EM,True
2004-12-31,ILS,4.32582,78.49,3.7,2.25,EM,True
2005-01-31,ILS,4.386038,78,3.5,2.25,EM,True
2005-02-28,ILS,4.354982,78.02,3.5,2.5,EM,True
2005-03-31,ILS,4.358686,77.76,3.5,2.75,EM,True
2005-04-30,ILS,4.367832,77.94,3.5,2.75,EM,True
2005-05-31,ILS,4.414403,78.57,3.5,3,EM,True
2005-06-30,ILS,4.574512,78.16,3.5,3.25,EM,True
2005-07-31,ILS,4.525097,78.03,3.5,3.25,EM,True
2005-08-31,ILS,4.540498,77.9,3.5,3.5,EM,True
2005-09-30,ILS,4.602807,76.92,3.75,3.75,EM,True
2005-10-31,ILS,4.63836,76.82,4,3.75,EM,True
2005-11-30,ILS,4.664203,76.51,4,4,EM,True
2005-12-31,ILS,4.605747,77.47,4.5,4.25,EM,True
2006-01-31,ILS,4.665209,75.87,4.75,4.5,EM,True
2006-02-28,ILS,4.704589,75.13,4.75,4.5,EM,True
2006-03-31,ILS,4.668952,75.2,5,4.75,EM,True
2006-04-30,ILS,4.49326,76.46,5.25,4.75,EM,True
2006-05-31,ILS,4.513988,76.43,5.25,5,EM,True
2006-06-30,ILS,4.447967,77.34,5.25,5.25,EM,True
2006-07-31,ILS,4.393593,77.91,5.5,5.25,EM,True
2006-08-31,ILS,4.36573,78.21,5.5,5.25,EM,True
2006-09-30,ILS,4.308373,78.28,5.5,5.25,EM,True
2006-10-31,ILS,4.286389,79.51,5.25,5.25,EM,True
2006-11-30,ILS,4.236212,78.06,5,5.25,EM,True
2006-12-31,ILS,4.227563,78.47,4.5,5.25,EM,True
2007-01-31,ILS,4.266559,78.46,4.5,5.25,EM,True
2007-02-28,ILS,4.209295,77.94,4.25,5.25,EM,True
2007-03-31,ILS,4.168419,77.42,4,5.25,EM,True
2007-04-30,ILS,4.028519,78.83,3.75,5.25,EM,True
2007-05-31,ILS,4.037092,79.91,3.5,5.25,EM,True
2007-06-30,ILS,4.241318,76.96,3.5,5.25,EM,True
2007-07-31,ILS,4.293573,75.58,3.75,5.25,EM,True
2007-08-31,ILS,4.126085,76.79,4,5.25,EM,True
2007-09-30,ILS,4.018549,77.99,4,4.75,EM,True
2007-10-31,ILS,3.954177,77.86,4,4.5,EM,True
2007-11-30,ILS,3.830432,78.5,4,4.5,EM,True
2007-12-31,ILS,3.840704,79.31,4.25,4.25,EM,True
2008-01-31,ILS,3.625151,81.89,4.25,3,EM,True
2008-02-29,ILS,3.63414,84.14,3.75,3,EM,True
2008-03-31,ILS,3.555148,84.36,3.25,2.25,EM,True
2008-04-30,ILS,3.438803,84.48,3.25,2,EM,True
2008-05-31,ILS,3.241811,88.7,3.5,2,EM,True
2008-06-30,ILS,3.34712,88.69,3.75,2,EM,True
2008-07-31,ILS,3.48658,88.35,4,2,EM,True
2008-08-31,ILS,3.585137,86.78,4.25,2,EM,True
2008-09-30,ILS,3.460603,89.36,4.25,2,EM,True
2008-10-31,ILS,3.778475,90.48,3.5,1,EM,True
2008-11-30,ILS,3.932427,87.74,2.5,1,EM,True
2008-12-31,ILS,3.802472,87.09,2.5,0.125,EM,True
2009-01-31,ILS,4.041511,86.45,1,0.125,EM,True
2009-02-28,ILS,4.159364,83.87,0.75,0.125,EM,True
2009-03-31,ILS,4.18966,82.72,0.5,0.125,EM,True
2009-04-30,ILS,4.16565,81.58,0.5,0.125,EM,True
2009-05-31,ILS,3.918073,82.21,0.5,0.125,EM,True
2009-06-30,ILS,3.901373,84.23,0.5,0.125,EM,True
2009-07-31,ILS,3.800467,86.14,0.5,0.125,EM,True
2009-08-31,ILS,3.811309,86.84,0.75,0.125,EM,True
2009-09-30,ILS,3.758383,87.19,0.75,0.125,EM,True
2009-10-31,ILS,3.751014,87.12,0.75,0.125,EM,True
2009-11-30,ILS,3.79811,85.57,1,0.125,EM,True
2009-12-31,ILS,3.784812,85.92,1.25,0.125,EM,True
2010-01-31,ILS,3.721323,87.51,1.25,0.125,EM,True
2010-02-28,ILS,3.783861,87.65,1.25,0.125,EM,True
2010-03-31,ILS,3.702278,87.45,1.25,0.125,EM,True
2010-04-30,ILS,3.715509,88.58,1.5,0.125,EM,True
2010-05-31,ILS,3.866011,89.64,1.5,0.125,EM,True
2010-06-30,ILS,3.882243,89.49,1.5,0.125,EM,True
2010-07-31,ILS,3.78669,88.02,1.75,0.125,EM,True
2010-08-31,ILS,3.818375,88.94,1.75,0.125,EM,True
2010-09-30,ILS,3.628151,89.53,2,0.125,EM,True
2010-10-31,ILS,3.639172,89.79,2,0.125,EM,True
2010-11-30,ILS,3.684567,89.49,2,0.125,EM,True
2010-12-31,ILS,3.541461,91.62,2,0.125,EM,True
2011-01-31,ILS,3.713117,91.4,2.25,0.125,EM,True
2011-02-28,ILS,3.624982,88.57,2.5,0.125,EM,True
2011-03-31,ILS,3.479904,89.53,3,0.125,EM,True
2011-04-30,ILS,3.388896,91.52,3,0.125,EM,True
2011-05-31,ILS,3.432742,90.88,3.25,0.125,EM,True
2011-06-30,ILS,3.420674,92.46,3.25,0.125,EM,True
2011-07-31,ILS,3.432258,92.16,3.25,0.125,EM,True
2011-08-31,ILS,3.556401,89.09,3.25,0.125,EM,True
2011-09-30,ILS,3.745982,87.37,3.25,0.125,EM,True
2011-10-31,ILS,3.604385,88.39,3,0.125,EM,True
2011-11-30,ILS,3.778283,87.26,3,0.125,EM,True
2011-12-31,ILS,3.822011,87.19,2.75,0.125,EM,True
2012-01-31,ILS,3.731102,86.47,2.5,0.125,EM,True
2012-02-29,ILS,3.76776,86.28,2.5,0.125,EM,True
2012-03-31,ILS,3.711441,85.89,2.5,0.125,EM,True
2012-04-30,ILS,3.750568,86.76,2.5,0.125,EM,True
2012-05-31,ILS,3.88914,86.39,2.5,0.125,EM,True
2012-06-30,ILS,3.927959,85.94,2.25,0.125,EM,True
2012-07-31,ILS,3.994139,84.28,2.25,0.125,EM,True
2012-08-31,ILS,4.024502,83.79,2.25,0.125,EM,True
2012-09-30,ILS,3.913612,83.5,2.25,0.125,EM,True
2012-10-31,ILS,3.879243,84.77,2.25,0.125,EM,True
2012-11-30,ILS,3.814955,84.04,2,0.125,EM,True
2012-12-31,ILS,3.733364,85.94,1.75,0.125,EM,True
2013-01-31,ILS,3.728192,86.55,1.75,0.125,EM,True
2013-02-28,ILS,3.707061,87.3,1.75,0.125,EM,True
2013-03-31,ILS,3.645373,88.63,1.75,0.125,EM,True
2013-04-30,ILS,3.593406,90.32,1.75,0.125,EM,True
2013-05-31,ILS,3.692142,90.28,1.25,0.125,EM,True
2013-06-30,ILS,3.622783,91.06,1.25,0.125,EM,True
2013-07-31,ILS,3.565725,92.58,1.25,0.125,EM,True
2013-08-31,ILS,3.604987,92.95,1.25,0.125,EM,True
2013-09-30,ILS,3.534543,92.61,1,0.125,EM,True
2013-10-31,ILS,3.521736,92.48,1,0.125,EM,True
2013-11-30,ILS,3.521637,92.84,1,0.125,EM,True
2013-12-31,ILS,3.471829,93.36,1,0.125,EM,True
2014-01-31,ILS,3.518349,93.72,1,0.125,EM,True
2014-02-28,ILS,3.489684,92.54,0.75,0.125,EM,True
2014-03-31,ILS,3.488178,93.13,0.75,0.125,EM,True
2014-04-30,ILS,3.466859,92.8,0.75,0.125,EM,True
2014-05-31,ILS,3.472918,92.89,0.75,0.125,EM,True
2014-06-30,ILS,3.438278,93.7,0.75,0.125,EM,True
2014-07-31,ILS,3.4306,94.78,0.5,0.125,EM,True
2014-08-31,ILS,3.568168,93.37,0.25,0.125,EM,True
2014-09-30,ILS,3.693396,90.7,0.25,0.125,EM,True
2014-10-31,ILS,3.796311,89.61,0.25,0.125,EM,True
2014-11-30,ILS,3.892654,88.3,0.25,0.125,EM,True
2014-12-31,ILS,3.887653,87.37,0.25,0.125,EM,True
2015-01-31,ILS,3.9341,88.54,0.25,0.125,EM,True
2015-02-28,ILS,3.987189,89.57,0.1,0.125,EM,True
2015-03-31,ILS,3.9776,88.75,0.1,0.125,EM,True
2015-04-30,ILS,3.864467,90.11,0.1,0.125,EM,True
2015-05-31,ILS,3.872744,90.74,0.1,0.125,EM,True
2015-06-30,ILS,3.772544,92.09,0.1,0.125,EM,True
2015-07-31,ILS,3.778609,94.15,0.1,0.125,EM,True
2015-08-31,ILS,3.931699,93.32,0.1,0.125,EM,True
2015-09-30,ILS,3.927609,91.54,0.1,0.125,EM,True
2015-10-31,ILS,3.865753,92.21,0.1,0.125,EM,True
2015-11-30,ILS,3.872956,92.98,0.1,0.125,EM,True
2015-12-31,ILS,3.901993,93.27,0.1,0.375,EM,True
2016-01-31,ILS,3.945421,92.33,0.1,0.375,EM,True
2016-02-29,ILS,3.908523,91.86,0.1,0.375,EM,True
2016-03-31,ILS,3.772508,91.43,0.1,0.375,EM,True
2016-04-30,ILS,3.741647,92.58,0.1,0.375,EM,True
2016-05-31,ILS,3.851623,92.24,0.1,0.375,EM,True
2016-06-30,ILS,3.851648,91.42,0.1,0.375,EM,True
2016-07-31,ILS,3.82381,92.59,0.1,0.375,EM,True
2016-08-31,ILS,3.793478,93.03,0.1,0.375,EM,True
2016-09-30,ILS,3.762745,93.59,0.1,0.375,EM,True
2016-10-31,ILS,3.849625,93.25,0.1,0.375,EM,True
2016-11-30,ILS,3.841091,93.92,0.1,0.375,EM,True
2016-12-31,ILS,3.839958,95.36,0.1,0.625,EM,True
2017-01-31,ILS,3.772664,95.18,0.1,0.625,EM,True
2017-02-28,ILS,3.659715,96.46,0.1,0.625,EM,True
2017-03-31,ILS,3.634178,98.4,0.1,0.875,EM,True
2017-04-30,ILS,3.621958,97.79,0.1,0.875,EM,True
2017-05-31,ILS,3.543089,98.7,0.1,0.875,EM,True
2017-06-30,ILS,3.495268,98.86,0.1,1.125,EM,True
2017-07-31,ILS,3.561951,97.36,0.1,1.125,EM,True
2017-08-31,ILS,3.598478,94.91,0.1,1.125,EM,True
2017-09-30,ILS,3.52287,95.79,0.1,1.125,EM,True
2017-10-31,ILS,3.522255,97.57,0.1,1.125,EM,True
2017-11-30,ILS,3.498101,97.23,0.1,1.125,EM,True
2017-12-31,ILS,3.471608,96.91,0.1,1.375,EM,True
2018-01-31,ILS,3.405555,96.89,0.1,1.375,EM,True
2018-02-28,ILS,3.480269,93.69,0.1,1.375,EM,True
2018-03-31,ILS,3.511241,94.8,0.1,1.625,EM,True
2018-04-30,ILS,3.591191,93.46,0.1,1.625,EM,True
2018-05-31,ILS,3.57381,94.49,0.1,1.625,EM,True
2018-06-30,ILS,3.656459,95,0.1,1.875,EM,True
2018-07-31,ILS,3.665815,94.77,0.1,1.875,EM,True
2018-08-31,ILS,3.604326,95.67,0.1,1.875,EM,True
2018-09-30,ILS,3.63839,97.46,0.1,2.125,EM,True
2018-10-31,ILS,3.721417,96,0.1,2.125,EM,True
2018-11-30,ILS,3.712211,94.8,0.25,2.125,EM,True
2018-12-31,ILS,3.753013,93.22,0.25,2.375,EM,True
2019-01-31,ILS,3.638579,94.41,0.25,2.375,EM,True
2019-02-28,ILS,3.607831,95.54,0.25,2.375,EM,True
2019-03-31,ILS,3.628304,96.07,0.25,2.375,EM,True
2019-04-30,ILS,3.605634,96.9,0.25,2.375,EM,True
2019-05-31,ILS,3.63241,98.35,0.25,2.375,EM,True
2019-06-30,ILS,3.568278,97.04,0.25,2.375,EM,True
2019-07-31,ILS,3.49305,98.05,0.25,2.375,EM,True
2019-08-31,ILS,3.524737,100.2,0.25,2.125,EM,True
2019-09-30,ILS,3.478465,99.78,0.25,1.875,EM,True
2019-10-31,ILS,3.527165,99.65,0.25,1.625,EM,True
2019-11-30,ILS,3.472592,99.93,0.25,1.625,EM,True
2019-12-31,ILS,3.457807,99.6,0.25,1.625,EM,True
2020-01-31,ILS,3.446435,99.34,0.25,1.625,EM,True
2020-02-29,ILS,3.466521,101.09,0.25,1.625,EM,True
2020-03-31,ILS,3.561336,97.51,0.25,0.125,EM,True
2020-04-30,ILS,3.500276,99.98,0.1,0.125,EM,True
2020-05-31,ILS,3.507992,101.09,0.1,0.125,EM,True
2020-06-30,ILS,3.46678,100.55,0.1,0.125,EM,True
2020-07-31,ILS,3.402431,100.25,0.1,0.125,EM,True
2020-08-31,ILS,3.361055,99.75,0.1,0.125,EM,True
2020-09-30,ILS,3.440126,99.04,0.1,0.125,EM,True
2020-10-31,ILS,3.409215,100.09,0.1,0.125,EM,True
2020-11-30,ILS,3.309182,100.1,0.1,0.125,EM,True
2020-12-31,ILS,3.214652,101.23,0.1,0.125,EM,True
2021-01-31,ILS,3.280653,100.81,0.1,0.125,EM,True
2021-02-28,ILS,3.305998,99.07,0.1,0.125,EM,True
2021-03-31,ILS,3.341407,99.83,0.1,0.125,EM,True
2021-04-30,ILS,3.244413,101.12,0.1,0.125,EM,True
2021-05-31,ILS,3.246291,100.52,0.1,0.125,EM,True
2021-06-30,ILS,3.261781,101.02,0.1,0.125,EM,True
2021-07-31,ILS,3.229585,101.73,0.1,0.125,EM,True
2021-08-31,ILS,3.206946,103.23,0.1,0.125,EM,True
2021-09-30,ILS,3.22679,103.61,0.1,0.125,EM,True
2021-10-31,ILS,3.148991,103.78,0.1,0.125,EM,True
2021-11-30,ILS,3.158233,108.07,0.1,0.125,EM,True
2021-12-31,ILS,3.104273,108.9,0.1,0.125,EM,True
2022-01-31,ILS,3.194693,107.45,0.1,0.125,EM,True
2022-02-28,ILS,3.241361,104.36,0.1,0.125,EM,True
2022-03-31,ILS,3.174759,104.89,0.1,0.375,EM,True
2022-04-30,ILS,3.320019,105.29,0.35,0.375,EM,True
2022-05-31,ILS,3.336694,103.3,0.75,0.875,EM,True
2022-06-30,ILS,3.50361,102.44,0.75,1.625,EM,True
2022-07-31,ILS,3.404001,103.61,1.25,2.375,EM,True
2022-08-31,ILS,3.3399,108.73,2,2.375,EM,True
2022-09-30,ILS,3.565757,105.64,2,3.125,EM,True
2022-10-31,ILS,3.523603,103.94,2.75,3.125,EM,True
2022-11-30,ILS,3.439765,103.38,3.25,3.875,EM,True
2022-12-31,ILS,3.520908,101.9,3.25,4.375,EM,True
2023-01-31,ILS,3.477799,100.17,3.75,4.375,EM,True
2023-02-28,ILS,3.655806,97.7,4.25,4.625,EM,True
2023-03-31,ILS,3.612322,95.93,4.25,4.875,EM,True
2023-04-30,ILS,3.6371,94.81,4.5,4.875,EM,True
2023-05-31,ILS,3.717401,94.76,4.75,5.125,EM,True
2023-06-30,ILS,3.725934,96.67,4.75,5.125,EM,True
2023-07-31,ILS,3.69355,95.47,4.75,5.375,EM,True
2023-08-31,ILS,3.799503,94.13,4.75,5.375,EM,True
2023-09-30,ILS,3.820276,93.02,4.75,5.375,EM,True
2023-10-31,ILS,4.026368,90.2,4.75,5.375,EM,True
2023-11-30,ILS,3.713933,92.86,4.75,5.375,EM,True
2023-12-31,ILS,3.619276,94.92,4.75,5.375,EM,True
2024-01-31,ILS,3.638553,93.89,4.5,5.375,EM,True
2024-02-29,ILS,3.578053,95.89,4.5,5.375,EM,True
2024-03-31,ILS,3.681343,96.61,4.5,5.375,EM,True
2024-04-30,ILS,3.748087,94.75,4.5,5.375,EM,True
2024-05-31,ILS,3.717471,95.36,4.5,5.375,EM,True
2024-06-30,ILS,3.755255,94.98,4.5,5.375,EM,True
2024-07-31,ILS,3.770041,96.02,4.5,5.375,EM,True
2024-08-31,ILS,3.629927,94.13,4.5,5.375,EM,True
2024-09-30,ILS,3.705877,93,4.5,4.875,EM,True
2024-10-31,ILS,3.716321,93.48,4.5,4.875,EM,True
2024-11-30,ILS,3.636717,95.97,4.5,4.625,EM,True
2024-12-31,ILS,3.646645,99.17,4.5,4.375,EM,True
2025-01-31,ILS,3.579236,100.15,4.5,4.375,EM,True
2025-02-28,ILS,3.597829,100.5,4.5,4.375,EM,True
2025-03-31,ILS,3.722238,96.62,4.5,4.375,EM,True
2025-04-30,ILS,3.625341,94.61,4.5,4.375,EM,True
2025-05-31,ILS,3.50657,97.07,4.5,4.375,EM,True
2025-06-30,ILS,3.369625,98.4,4.5,4.375,EM,True
2025-07-31,ILS,3.386161,101.69,4.5,4.375,EM,True
2025-08-31,ILS,3.341311,101.26,4.5,4.375,EM,True
2025-09-30,ILS,3.303466,101.51,4.5,4.125,EM,True
2025-10-31,ILS,3.249437,104.13,4.5,3.875,EM,True
2025-11-30,ILS,3.259986,105.18,4.25,3.875,EM,True
2025-12-31,ILS,3.189021,105.5,4.25,3.625,EM,True
2026-01-31,ILS,3.087423,107.03,4,3.625,EM,True
2026-02-28,ILS,3.143329,107.14,4,3.625,EM,True
2026-03-31,ILS,3.164029,108.14,4,3.625,EM,True
2026-04-30,ILS,2.952743,110.9,4,3.625,EM,True
2026-05-31,ILS,2.806767,115.2,3.75,3.625,EM,True
2026-06-30,ILS,2.979902,114.7,3.75,3.625,EM,True
2026-07-31,ILS,3.057379,,3.5,3.625,EM,True
1995-01-31,INR,31.3775,94.63,12,5.5,EM,True
1995-02-28,INR,31.425,94.22,12,6,EM,True
1995-03-31,INR,31.43,90.88,12,6,EM,True
1995-04-30,INR,31.45,91.14,12,6,EM,True
1995-05-31,INR,31.43,92.04,12,6,EM,True
1995-06-30,INR,31.41,91.71,12,6,EM,True
1995-07-31,INR,31.43,92.42,12,5.75,EM,True
1995-08-31,INR,31.87,93.53,12,5.75,EM,True
1995-09-30,INR,33.94,89.37,12,5.75,EM,True
1995-10-31,INR,34.3,85.01,12,5.75,EM,True
1995-11-30,INR,34.91,85.19,12,5.75,EM,True
1995-12-31,INR,35.18,84.77,12,5.5,EM,True
1996-01-31,INR,36.46,83.05,12,5.25,EM,True
1996-02-29,INR,34.85,81.1,12,5.25,EM,True
1996-03-31,INR,34.35,85.94,12,5.25,EM,True
1996-04-30,INR,35,87.58,12,5.25,EM,True
1996-05-31,INR,35.23,86.56,12,5.25,EM,True
1996-06-30,INR,35.43,86.78,12,5.25,EM,True
1996-07-31,INR,35.7,86.36,12,5.25,EM,True
1996-08-31,INR,35.85,86.06,12,5.25,EM,True
1996-09-30,INR,35.85,86.25,12,5.25,EM,True
1996-10-31,INR,35.9,86.44,12,5.25,EM,True
1996-11-30,INR,35.747,85.71,12,5.25,EM,True
1996-12-31,INR,35.95,86.64,12,5.25,EM,True
1997-01-31,INR,35.9,87.44,12,5.25,EM,True
1997-02-28,INR,35.91,89.42,12,5.25,EM,True
1997-03-31,INR,35.88,89.96,12,5.5,EM,True
1997-04-30,INR,35.78,91.61,11,5.5,EM,True
1997-05-31,INR,35.8,90.71,11,5.5,EM,True
1997-06-30,INR,35.85,91.01,10,5.5,EM,True
1997-07-31,INR,35.72,92.52,10,5.5,EM,True
1997-08-31,INR,36.48,93.77,10,5.5,EM,True
1997-09-30,INR,36.19,92.78,10,5.5,EM,True
1997-10-31,INR,36.39,93.23,9,5.5,EM,True
1997-11-30,INR,39.1,90.73,9,5.5,EM,True
1997-12-31,INR,39.3,89.23,9,5.5,EM,True
1998-01-31,INR,38.8,92.23,11,5.5,EM,True
1998-02-28,INR,39.45,91.31,11,5.5,EM,True
1998-03-31,INR,39.53,89.72,10.5,5.5,EM,True
1998-04-30,INR,39.74,90.48,9,5.5,EM,True
1998-05-31,INR,41.75,89.6,9,5.5,EM,True
1998-06-30,INR,42.5,87.76,9,5.5,EM,True
1998-07-31,INR,42.6,88.09,9,5.5,EM,True
1998-08-31,INR,42.65,87.77,9,5.5,EM,True
1998-09-30,INR,42.48,86.55,9,5.25,EM,True
1998-10-31,INR,42.45,85.13,9,5,EM,True
1998-11-30,INR,42.65,85.89,9,4.75,EM,True
1998-12-31,INR,42.52,84.87,9,4.75,EM,True
1999-01-31,INR,42.54,84.46,9,4.75,EM,True
1999-02-28,INR,42.83,86.13,9,4.75,EM,True
1999-03-31,INR,42.5,87.45,8,4.75,EM,True
1999-04-30,INR,42.84,87.27,8,4.75,EM,True
1999-05-31,INR,43.17,87.42,8,4.75,EM,True
1999-06-30,INR,43.45,87.51,8,5,EM,True
1999-07-31,INR,43.45,87.49,8,5,EM,True
1999-08-31,INR,43.55,86.57,8,5.25,EM,True
1999-09-30,INR,43.59,86.5,8,5.25,EM,True
1999-10-31,INR,43.51,86.61,8,5.25,EM,True
1999-11-30,INR,43.48,87.68,8,5.5,EM,True
1999-12-31,INR,43.51,87.26,8,5.5,EM,True
2000-01-31,INR,43.629864,86.82,8,5.5,EM,True
2000-02-29,INR,43.599959,88.08,8,5.75,EM,True
2000-03-31,INR,43.603057,90.22,8,6,EM,True
2000-04-30,INR,43.647771,91.81,7,6,EM,True
2000-05-31,INR,44.569494,93.09,7,6.5,EM,True
2000-06-30,INR,44.667225,90.55,7,6.5,EM,True
2000-07-31,INR,45.050308,90.94,8,6.5,EM,True
2000-08-31,INR,45.811812,90.24,8,6.5,EM,True
2000-09-30,INR,46.005705,91.56,8,6.5,EM,True
2000-10-31,INR,46.838541,93.3,8,6.5,EM,True
2000-11-30,INR,46.824044,92.85,8,6.5,EM,True
2000-12-31,INR,46.672757,91.76,8,6.5,EM,True
2001-01-31,INR,46.380071,91.27,8,5.5,EM,True
2001-02-28,INR,46.545199,91.79,7.5,5.5,EM,True
2001-03-31,INR,46.630435,92.85,7,5,EM,True
2001-04-30,INR,46.843173,93.83,8.75,4.5,EM,True
2001-05-31,INR,47.008255,93.71,8.75,4,EM,True
2001-06-30,INR,47.042453,94.72,8.5,3.75,EM,True
2001-07-31,INR,47.073672,94.8,8.5,3.75,EM,True
2001-08-31,INR,47.124918,93.15,8.5,3.5,EM,True
2001-09-30,INR,47.921367,91.51,8.5,3,EM,True
2001-10-31,INR,47.981641,91.91,8.5,2.5,EM,True
2001-11-30,INR,47.973702,92.52,8.5,2,EM,True
2001-12-31,INR,48.218541,92.62,8.5,1.75,EM,True
2002-01-31,INR,48.515688,91.8,8.5,1.75,EM,True
2002-02-28,INR,48.707664,91.36,8.5,1.75,EM,True
2002-03-31,INR,48.774645,91.25,8,1.75,EM,True
2002-04-30,INR,48.938721,90.22,8,1.75,EM,True
2002-05-31,INR,48.978374,88.76,8,1.75,EM,True
2002-06-30,INR,48.865163,88.36,8,1.75,EM,True
2002-07-31,INR,48.637432,87.59,8,1.75,EM,True
2002-08-31,INR,48.453168,89.3,8,1.75,EM,True
2002-09-30,INR,48.352941,89.58,8,1.75,EM,True
2002-10-31,INR,48.342457,89.99,8,1.75,EM,True
2002-11-30,INR,48.312683,89.17,7.5,1.25,EM,True
2002-12-31,INR,47.957471,88.32,7.5,1.25,EM,True
2003-01-31,INR,47.763499,87.18,7.5,1.25,EM,True
2003-02-28,INR,47.616398,87.74,7.5,1.25,EM,True
2003-03-31,INR,47.479578,88.8,7,1.25,EM,True
2003-04-30,INR,47.323691,89.76,7,1.25,EM,True
2003-05-31,INR,47.075791,87.92,7,1.25,EM,True
2003-06-30,INR,46.418132,88.43,7,1,EM,True
2003-07-31,INR,46.122106,90.21,7,1,EM,True
2003-08-31,INR,45.857051,91.51,7,1,EM,True
2003-09-30,INR,45.742362,91.71,7,1,EM,True
2003-10-31,INR,45.330408,90.79,7,1,EM,True
2003-11-30,INR,45.826246,90.8,7,1,EM,True
2003-12-31,INR,45.588282,88.78,7,1,EM,True
2004-01-31,INR,45.29635,88.55,7,1,EM,True
2004-02-29,INR,45.203737,88.9,7,1,EM,True
2004-03-31,INR,43.50949,90.32,6,1,EM,True
2004-04-30,INR,44.502386,93.24,6,1,EM,True
2004-05-31,INR,45.499262,91.57,6,1,EM,True
2004-06-30,INR,45.972028,90.39,6,1.25,EM,True
2004-07-31,INR,46.388404,89.73,6,1.25,EM,True
2004-08-31,INR,46.335563,90.73,6,1.5,EM,True
2004-09-30,INR,45.841728,90.76,6,1.75,EM,True
2004-10-31,INR,45.319934,90.25,6,1.75,EM,True
2004-11-30,INR,44.596465,90.12,6,2,EM,True
2004-12-31,INR,43.505616,90.01,6,2.25,EM,True
2005-01-31,INR,43.717683,91.49,6,2.25,EM,True
2005-02-28,INR,43.636569,91.29,6,2.5,EM,True
2005-03-31,INR,43.723388,90.83,6,2.75,EM,True
2005-04-30,INR,43.456819,92.46,6,2.75,EM,True
2005-05-31,INR,43.745844,93.13,6,3,EM,True
2005-06-30,INR,43.527952,94.99,6,3.25,EM,True
2005-07-31,INR,43.50368,96.68,6,3.25,EM,True
2005-08-31,INR,44.084276,95.03,6,3.5,EM,True
2005-09-30,INR,43.925428,94.63,6,3.75,EM,True
2005-10-31,INR,45.103552,93.76,6.25,3.75,EM,True
2005-11-30,INR,45.906194,93.18,6.25,4,EM,True
2005-12-31,INR,45.022463,92.09,6.25,4.25,EM,True
2006-01-31,INR,44.069979,93.65,6.5,4.5,EM,True
2006-02-28,INR,44.250947,94.01,6.5,4.5,EM,True
2006-03-31,INR,44.606742,93.42,6.5,4.75,EM,True
2006-04-30,INR,44.942171,92.72,6.5,4.75,EM,True
2006-05-31,INR,46.283805,90.5,6.5,5,EM,True
2006-06-30,INR,45.955321,91.18,6.75,5.25,EM,True
2006-07-31,INR,46.5309,90.76,7,5.25,EM,True
2006-08-31,INR,46.45942,90.42,7,5.25,EM,True
2006-09-30,INR,45.85861,92.06,7,5.25,EM,True
2006-10-31,INR,44.957467,94.15,7.25,5.25,EM,True
2006-11-30,INR,44.684091,94.12,7.25,5.25,EM,True
2006-12-31,INR,44.205011,92.76,7.25,5.25,EM,True
2007-01-31,INR,44.10684,94.29,7.5,5.25,EM,True
2007-02-28,INR,44.185149,94.02,7.5,5.25,EM,True
2007-03-31,INR,43.273765,93.9,7.5,5.25,EM,True
2007-04-30,INR,41.045204,98.12,7.75,5.25,EM,True
2007-05-31,INR,40.411804,100.81,7.75,5.25,EM,True
2007-06-30,INR,40.687893,101.01,7.75,5.25,EM,True
2007-07-31,INR,40.237105,101.04,7.75,5.25,EM,True
2007-08-31,INR,40.694637,100.48,7.75,5.25,EM,True
2007-09-30,INR,39.751746,100.41,7.75,4.75,EM,True
2007-10-31,INR,39.242749,100.78,7.75,4.5,EM,True
2007-11-30,INR,39.537972,99.11,7.75,4.5,EM,True
2007-12-31,INR,39.305754,99.12,7.75,4.25,EM,True
2008-01-31,INR,39.3423,98.79,7.75,3,EM,True
2008-02-29,INR,39.937364,97.81,7.75,3,EM,True
2008-03-31,INR,40.020238,96.18,7.75,2.25,EM,True
2008-04-30,INR,40.491634,97.29,7.75,2,EM,True
2008-05-31,INR,42.458731,92.74,7.75,2,EM,True
2008-06-30,INR,42.928825,93.23,8.5,2,EM,True
2008-07-31,INR,42.49952,93.07,9,2,EM,True
2008-08-31,INR,43.765864,95.33,9,2,EM,True
2008-09-30,INR,46.476264,91.58,9,2,EM,True
2008-10-31,INR,49.350161,89.79,8,1,EM,True
2008-11-30,INR,49.768995,90.72,7.5,1,EM,True
2008-12-31,INR,48.456564,88.62,6.5,0.125,EM,True
2009-01-31,INR,48.689919,88.67,5.5,0.125,EM,True
2009-02-28,INR,51.070073,88.53,5.5,0.125,EM,True
2009-03-31,INR,50.640216,85.08,5,0.125,EM,True
2009-04-30,INR,49.914878,86.5,4.75,0.125,EM,True
2009-05-31,INR,47.117322,87.78,4.75,0.125,EM,True
2009-06-30,INR,47.769917,88.61,4.75,0.125,EM,True
2009-07-31,INR,48.061961,88.07,4.75,0.125,EM,True
2009-08-31,INR,48.899944,88.34,4.75,0.125,EM,True
2009-09-30,INR,47.805095,87.57,4.75,0.125,EM,True
2009-10-31,INR,47.010135,89.94,4.75,0.125,EM,True
2009-11-30,INR,46.4348,90.96,4.75,0.125,EM,True
2009-12-31,INR,46.536165,91.8,4.75,0.125,EM,True
2010-01-31,INR,46.195045,94.78,4.75,0.125,EM,True
2010-02-28,INR,46.104643,94.93,4.75,0.125,EM,True
2010-03-31,INR,44.895022,97.06,5,0.125,EM,True
2010-04-30,INR,44.359745,100.8,5.25,0.125,EM,True
2010-05-31,INR,46.359795,100.61,5.25,0.125,EM,True
2010-06-30,INR,46.445277,100.61,5.25,0.125,EM,True
2010-07-31,INR,46.400061,98.66,5.75,0.125,EM,True
2010-08-31,INR,47.062303,98.3,5.75,0.125,EM,True
2010-09-30,INR,44.876172,98.88,6,0.125,EM,True
2010-10-31,INR,44.396334,99.84,6,0.125,EM,True
2010-11-30,INR,45.960917,99.32,6.25,0.125,EM,True
2010-12-31,INR,44.722347,101.75,6.25,0.125,EM,True
2011-01-31,INR,45.907829,101.28,6.5,0.125,EM,True
2011-02-28,INR,45.272517,100.04,6.5,0.125,EM,True
2011-03-31,INR,44.587175,100.65,6.75,0.125,EM,True
2011-04-30,INR,44.21467,101.94,6.75,0.125,EM,True
2011-05-31,INR,45.057351,100.56,7.25,0.125,EM,True
2011-06-30,INR,44.670311,101.01,7.5,0.125,EM,True
2011-07-31,INR,44.194951,102.5,8,0.125,EM,True
2011-08-31,INR,46.069204,100.34,8,0.125,EM,True
2011-09-30,INR,48.966156,98.1,8.25,0.125,EM,True
2011-10-31,INR,48.695093,95.67,8.5,0.125,EM,True
2011-11-30,INR,52.25518,93.34,8.5,0.125,EM,True
2011-12-31,INR,53.10534,90.89,8.5,0.125,EM,True
2012-01-31,INR,49.435337,93.96,8.5,0.125,EM,True
2012-02-29,INR,48.954846,96.63,8.5,0.125,EM,True
2012-03-31,INR,50.944894,95.26,8.5,0.125,EM,True
2012-04-30,INR,52.704707,93.91,8,0.125,EM,True
2012-05-31,INR,56.109812,90.72,8,0.125,EM,True
2012-06-30,INR,55.694996,89.77,8,0.125,EM,True
2012-07-31,INR,55.655324,91.6,8,0.125,EM,True
2012-08-31,INR,55.527714,91.33,8,0.125,EM,True
2012-09-30,INR,52.860015,92.24,8,0.125,EM,True
2012-10-31,INR,53.813592,93.98,8,0.125,EM,True
2012-11-30,INR,54.424765,91.52,8,0.125,EM,True
2012-12-31,INR,54.994695,90.97,8,0.125,EM,True
2013-01-31,INR,53.225092,90.32,7.75,0.125,EM,True
2013-02-28,INR,54.372763,91.48,7.75,0.125,EM,True
2013-03-31,INR,54.327216,91.54,7.5,0.125,EM,True
2013-04-30,INR,53.759945,92.01,7.5,0.125,EM,True
2013-05-31,INR,56.510841,91.7,7.25,0.125,EM,True
2013-06-30,INR,59.419725,88.34,7.25,0.125,EM,True
2013-07-31,INR,60.405273,88.14,7.25,0.125,EM,True
2013-08-31,INR,66.374764,83.98,7.25,0.125,EM,True
2013-09-30,INR,62.824139,83.29,7.5,0.125,EM,True
2013-10-31,INR,61.482296,86.27,7.75,0.125,EM,True
2013-11-30,INR,62.430387,86.54,7.75,0.125,EM,True
2013-12-31,INR,61.89979,85.95,7.75,0.125,EM,True
2014-01-31,INR,62.657591,85.25,8,0.125,EM,True
2014-02-28,INR,61.757475,84.77,8,0.125,EM,True
2014-03-31,INR,59.8915,86.65,8,0.125,EM,True
2014-04-30,INR,60.24,87.99,8,0.125,EM,True
2014-05-31,INR,59.088704,89.87,8,0.125,EM,True
2014-06-30,INR,60.186191,90.15,8,0.125,EM,True
2014-07-31,INR,60.555348,91.48,8,0.125,EM,True
2014-08-31,INR,60.517137,91.55,8,0.125,EM,True
2014-09-30,INR,61.874275,92.28,8,0.125,EM,True
2014-10-31,INR,61.364979,92.43,8,0.125,EM,True
2014-11-30,INR,62.122006,93.34,8,0.125,EM,True
2014-12-31,INR,63.190017,92.44,8,0.125,EM,True
2015-01-31,INR,62.019726,95.37,7.75,0.125,EM,True
2015-02-28,INR,61.816904,96.01,7.75,0.125,EM,True
2015-03-31,INR,62.52793,96.87,7.5,0.125,EM,True
2015-04-30,INR,63.500045,96.26,7.5,0.125,EM,True
2015-05-31,INR,63.800638,94.27,7.5,0.125,EM,True
2015-06-30,INR,63.622576,95.69,7.25,0.125,EM,True
2015-07-31,INR,64.136227,97.34,7.25,0.125,EM,True
2015-08-31,INR,66.401962,97.1,7.25,0.125,EM,True
2015-09-30,INR,65.590021,96.25,6.75,0.125,EM,True
2015-10-31,INR,65.367614,97.91,6.75,0.125,EM,True
2015-11-30,INR,66.667454,98.23,6.75,0.125,EM,True
2015-12-31,INR,66.15367,97.51,6.75,0.375,EM,True
2016-01-31,INR,67.860714,97.83,6.75,0.375,EM,True
2016-02-29,INR,68.316036,94.98,6.75,0.375,EM,True
2016-03-31,INR,66.253667,95.68,6.75,0.375,EM,True
2016-04-30,INR,66.384723,95.77,6.5,0.375,EM,True
2016-05-31,INR,67.196521,96.64,6.5,0.375,EM,True
2016-06-30,INR,67.519636,97.29,6.5,0.375,EM,True
2016-07-31,INR,66.954918,98.86,6.5,0.375,EM,True
2016-08-31,INR,66.974668,98.41,6.5,0.375,EM,True
2016-09-30,INR,66.629782,98.31,6.5,0.375,EM,True
2016-10-31,INR,66.776905,99.61,6.25,0.375,EM,True
2016-11-30,INR,68.508698,99.72,6.25,0.375,EM,True
2016-12-31,INR,67.919078,100.06,6.25,0.625,EM,True
2017-01-31,INR,67.689912,98.9,6.25,0.625,EM,True
2017-02-28,INR,66.649995,99.73,6.25,0.625,EM,True
2017-03-31,INR,64.91114,101.45,6.25,0.875,EM,True
2017-04-30,INR,64.283166,103.15,6.25,0.875,EM,True
2017-05-31,INR,64.46306,102.67,6.25,0.875,EM,True
2017-06-30,INR,64.620137,102.29,6.25,1.125,EM,True
2017-07-31,INR,64.185896,103.42,6.25,1.125,EM,True
2017-08-31,INR,63.931924,103.6,6,1.125,EM,True
2017-09-30,INR,65.279519,101.51,6,1.125,EM,True
2017-10-31,INR,64.749957,102.06,6,1.125,EM,True
2017-11-30,INR,64.467466,103.48,6,1.125,EM,True
2017-12-31,INR,63.875177,103.32,6,1.375,EM,True
2018-01-31,INR,63.562656,101.76,6,1.375,EM,True
2018-02-28,INR,65.189946,98.69,6,1.375,EM,True
2018-03-31,INR,65.170035,98.01,6,1.625,EM,True
2018-04-30,INR,66.370147,97.59,6,1.625,EM,True
2018-05-31,INR,67.357894,97.08,6,1.625,EM,True
2018-06-30,INR,68.462,98.07,6.25,1.875,EM,True
2018-07-31,INR,68.545075,98.88,6.25,1.875,EM,True
2018-08-31,INR,71.00206,98.76,6.5,1.875,EM,True
2018-09-30,INR,72.491361,94.79,6.5,2.125,EM,True
2018-10-31,INR,73.979943,93.73,6.5,2.125,EM,True
2018-11-30,INR,69.620125,96.79,6.5,2.125,EM,True
2018-12-31,INR,69.633013,97.49,6.5,2.375,EM,True
2019-01-31,INR,71.105501,96.42,6.5,2.375,EM,True
2019-02-28,INR,70.858006,95.29,6.25,2.375,EM,True
2019-03-31,INR,69.17579,97.95,6.25,2.375,EM,True
2019-04-30,INR,69.585933,98.68,6,2.375,EM,True
2019-05-31,INR,69.716617,99.45,6,2.375,EM,True
2019-06-30,INR,69.001757,100.27,5.75,2.375,EM,True
2019-07-31,INR,68.77993,102.04,5.75,2.375,EM,True
2019-08-31,INR,71.435756,100.22,5.4,2.125,EM,True
2019-09-30,INR,70.861879,100.48,5.4,1.875,EM,True
2019-10-31,INR,70.92747,101.23,5.15,1.625,EM,True
2019-11-30,INR,71.651339,101.14,5.15,1.625,EM,True
2019-12-31,INR,71.37885,102.26,5.15,1.625,EM,True
2020-01-31,INR,71.39477,101.18,5.15,1.625,EM,True
2020-02-29,INR,72.228296,100.98,5.15,1.625,EM,True
2020-03-31,INR,75.664932,98.16,4.4,0.125,EM,True
2020-04-30,INR,75.037514,99.29,4.4,0.125,EM,True
2020-05-31,INR,75.523078,99.73,4,0.125,EM,True
2020-06-30,INR,75.570191,98.57,4,0.125,EM,True
2020-07-31,INR,74.810517,99.87,4,0.125,EM,True
2020-08-31,INR,73.2567,99.38,4,0.125,EM,True
2020-09-30,INR,73.709429,101.48,4,0.125,EM,True
2020-10-31,INR,74.467003,102.26,4,0.125,EM,True
2020-11-30,INR,74.066945,100.59,4,0.125,EM,True
2020-12-31,INR,73.066987,98.51,4,0.125,EM,True
2021-01-31,INR,72.867502,97.74,4,0.125,EM,True
2021-02-28,INR,73.901988,97.97,4,0.125,EM,True
2021-03-31,INR,73.18806,99.23,4,0.125,EM,True
2021-04-30,INR,74.060172,97.29,4,0.125,EM,True
2021-05-31,INR,72.56897,99.72,4,0.125,EM,True
2021-06-30,INR,74.321777,99.81,4,0.125,EM,True
2021-07-31,INR,74.336978,100.13,4,0.125,EM,True
2021-08-31,INR,72.997296,100.8,4,0.125,EM,True
2021-09-30,INR,74.338544,101.34,4,0.125,EM,True
2021-10-31,INR,74.867325,100.73,4,0.125,EM,True
2021-11-30,INR,75.092317,102.15,4,0.125,EM,True
2021-12-31,INR,74.368003,100.8,4,0.125,EM,True
2022-01-31,INR,74.727053,101.18,4,0.125,EM,True
2022-02-28,INR,75.501384,99.7,4,0.125,EM,True
2022-03-31,INR,75.789569,99.71,4,0.375,EM,True
2022-04-30,INR,76.506641,101.4,4,0.375,EM,True
2022-05-31,INR,77.69159,102.6,4.4,0.875,EM,True
2022-06-30,INR,79.053625,101.74,4.9,1.625,EM,True
2022-07-31,INR,79.31163,101.43,4.9,2.375,EM,True
2022-08-31,INR,79.5465,102.18,5.4,2.375,EM,True
2022-09-30,INR,81.478252,104.1,5.9,3.125,EM,True
2022-10-31,INR,82.815715,103.61,5.9,3.125,EM,True
2022-11-30,INR,81.362278,102.27,5.9,3.875,EM,True
2022-12-31,INR,82.665479,98.05,6.25,4.375,EM,True
2023-01-31,INR,81.820364,97.21,6.25,4.375,EM,True
2023-02-28,INR,82.607119,96.74,6.5,4.625,EM,True
2023-03-31,INR,82.206437,97.77,6.5,4.875,EM,True
2023-04-30,INR,81.828158,97.9,6.5,4.875,EM,True
2023-05-31,INR,82.692128,98.82,6.5,5.125,EM,True
2023-06-30,INR,82.096908,100.94,6.5,5.125,EM,True
2023-07-31,INR,82.254377,103.36,6.5,5.375,EM,True
2023-08-31,INR,82.746872,103.32,6.5,5.375,EM,True
2023-09-30,INR,83.081461,102.72,6.5,5.375,EM,True
2023-10-31,INR,83.265373,103.82,6.5,5.375,EM,True
2023-11-30,INR,83.354039,102.97,6.5,5.375,EM,True
2023-12-31,INR,83.171493,101.33,6.5,5.375,EM,True
2024-01-31,INR,83.049737,101.78,6.5,5.375,EM,True
2024-02-29,INR,82.898393,101.99,6.5,5.375,EM,True
2024-03-31,INR,83.374803,101.94,6.5,5.375,EM,True
2024-04-30,INR,83.425546,102.78,6.5,5.375,EM,True
2024-05-31,INR,83.418264,102.99,6.5,5.375,EM,True
2024-06-30,INR,83.371789,104.47,6.5,5.375,EM,True
2024-07-31,INR,83.69505,105.32,6.5,5.375,EM,True
2024-08-31,INR,83.835573,102.84,6.5,5.375,EM,True
2024-09-30,INR,83.791533,102.42,6.5,4.875,EM,True
2024-10-31,INR,84.077375,104.65,6.5,4.875,EM,True
2024-11-30,INR,84.571577,106.1,6.5,4.625,EM,True
2024-12-31,INR,85.603523,105.41,6.5,4.375,EM,True
2025-01-31,INR,86.591456,103.02,6.5,4.375,EM,True
2025-02-28,INR,87.379695,100.55,6.25,4.375,EM,True
2025-03-31,INR,85.432732,100.04,6.25,4.375,EM,True
2025-04-30,INR,84.530027,100.22,6,4.375,EM,True
2025-05-31,INR,85.567334,99.62,6,4.375,EM,True
2025-06-30,INR,85.802474,98.31,5.5,4.375,EM,True
2025-07-31,INR,87.624498,98.29,5.5,4.375,EM,True
2025-08-31,INR,88.182793,97.27,5.5,4.375,EM,True
2025-09-30,INR,88.795503,95.89,5.5,4.125,EM,True
2025-10-31,INR,88.719924,96.05,5.5,3.875,EM,True
2025-11-30,INR,89.478212,96.28,5.5,3.875,EM,True
2025-12-31,INR,89.869362,94.15,5.25,3.625,EM,True
2026-01-31,INR,91.939341,93.2,5.25,3.625,EM,True
2026-02-28,INR,91.080474,91.98,5.25,3.625,EM,True
2026-03-31,INR,93.823969,90.99,5.25,3.625,EM,True
2026-04-30,INR,94.914972,89.63,5.25,3.625,EM,True
2026-05-31,INR,95.001288,88,5.25,3.625,EM,True
2026-06-30,INR,94.660786,90.15,5.25,3.625,EM,True
2026-07-31,INR,95.38485,,5.25,3.625,EM,True
1995-01-31,JPY,98.729843,169.81,1.75,5.5,DM,True
1995-02-28,JPY,96.829678,170.59,1.75,6,DM,True
1995-03-31,JPY,87.199588,182.21,1.75,6,DM,True
1995-04-30,JPY,84.07007,194.2,1,6,DM,True
1995-05-31,JPY,82.799798,191.58,1,6,DM,True
1995-06-30,JPY,84.849884,191.49,1,6,DM,True
1995-07-31,JPY,87.819667,184.26,1,5.75,DM,True
1995-08-31,JPY,97.20065,171.17,1,5.75,DM,True
1995-09-30,JPY,98.769786,162.07,0.5,5.75,DM,True
1995-10-31,JPY,102.119979,159.68,0.5,5.75,DM,True
1995-11-30,JPY,101.230541,157.64,0.5,5.75,DM,True
1995-12-31,JPY,103.169893,158.21,0.5,5.5,DM,True
1996-01-31,JPY,107.070564,151.87,0.5,5.25,DM,True
1996-02-29,JPY,104.899665,150.73,0.5,5.25,DM,True
1996-03-31,JPY,106.479938,150.21,0.5,5.25,DM,True
1996-04-30,JPY,104.319921,148.63,0.5,5.25,DM,True
1996-05-31,JPY,108.370249,150.34,0.5,5.25,DM,True
1996-06-30,JPY,109.819518,146.45,0.5,5.25,DM,True
1996-07-31,JPY,106.819833,145.61,0.5,5.25,DM,True
1996-08-31,JPY,108.789522,146.32,0.5,5.25,DM,True
1996-09-30,JPY,111.620352,143.98,0.5,5.25,DM,True
1996-10-31,JPY,113.649607,141.21,0.5,5.25,DM,True
1996-11-30,JPY,113.71024,140.08,0.5,5.25,DM,True
1996-12-31,JPY,116.400769,138.87,0.5,5.25,DM,True
1997-01-31,JPY,121.409836,134.49,0.5,5.25,DM,True
1997-02-28,JPY,120.81013,129.51,0.5,5.25,DM,True
1997-03-31,JPY,123.589819,130.69,0.5,5.5,DM,True
1997-04-30,JPY,126.799718,130.02,0.5,5.5,DM,True
1997-05-31,JPY,116.469984,137.67,0.5,5.5,DM,True
1997-06-30,JPY,114.429833,142.87,0.5,5.5,DM,True
1997-07-31,JPY,118.149677,143.31,0.5,5.5,DM,True
1997-08-31,JPY,119.450521,142.13,0.5,5.5,DM,True
1997-09-30,JPY,121.179695,139.88,0.5,5.5,DM,True
1997-10-31,JPY,120.220167,141.16,0.5,5.5,DM,True
1997-11-30,JPY,127.659366,136.55,0.5,5.5,DM,True
1997-12-31,JPY,130.120176,137.88,0.5,5.5,DM,True
1998-01-31,JPY,127.249234,142.92,0.5,5.5,DM,True
1998-02-28,JPY,126.3,143.75,0.5,5.5,DM,True
1998-03-31,JPY,132.819789,138.9,0.5,5.5,DM,True
1998-04-30,JPY,132.129941,134.19,0.5,5.5,DM,True
1998-05-31,JPY,138.599877,132.29,0.5,5.5,DM,True
1998-06-30,JPY,138.919609,128.87,0.5,5.5,DM,True
1998-07-31,JPY,144.259689,127.48,0.5,5.5,DM,True
1998-08-31,JPY,142.029922,123.9,0.5,5.5,DM,True
1998-09-30,JPY,135.419387,132.31,0.25,5.25,DM,True
1998-10-31,JPY,116.250274,145.34,0.25,5,DM,True
1998-11-30,JPY,123.019884,145.21,0.25,4.75,DM,True
1998-12-31,JPY,113.820441,147.94,0.25,4.75,DM,True
1999-01-31,JPY,116.040056,152.57,0.25,4.75,DM,True
1999-02-28,JPY,119.195861,148.45,0.25,4.75,DM,True
1999-03-31,JPY,118.981568,146.51,0.25,4.75,DM,True
1999-04-30,JPY,119.750873,146.55,0.25,4.75,DM,True
1999-05-31,JPY,121.633512,143.5,,4.75,DM,True
1999-06-30,JPY,120.855926,145.1,,5,DM,True
1999-07-31,JPY,115.195437,146.07,,5,DM,True
1999-08-31,JPY,109.268892,153.8,,5.25,DM,True
1999-09-30,JPY,105.644632,163.26,,5.25,DM,True
1999-10-31,JPY,104.840716,163.86,,5.25,DM,True
1999-11-30,JPY,102.010498,165.65,,5.5,DM,True
1999-12-31,JPY,102.259606,168.71,,5.5,DM,True
2000-01-31,JPY,106.853233,163.17,,5.5,DM,True
2000-02-29,JPY,109.954705,156.59,,5.75,DM,True
2000-03-31,JPY,103.140375,161.97,,6,DM,True
2000-04-30,JPY,107.297744,164.22,,6,DM,True
2000-05-31,JPY,107.384715,162.78,,6.5,DM,True
2000-06-30,JPY,105.242779,163.98,,6.5,DM,True
2000-07-31,JPY,109.315157,161.26,,6.5,DM,True
2000-08-31,JPY,106.411408,162.28,0.25,6.5,DM,True
2000-09-30,JPY,108.317171,164.88,0.25,6.5,DM,True
2000-10-31,JPY,109.160033,163.79,0.25,6.5,DM,True
2000-11-30,JPY,111.054813,163.07,0.25,6.5,DM,True
2000-12-31,JPY,114.905965,157.3,0.25,6.5,DM,True
2001-01-31,JPY,116.076617,149.45,0.25,5.5,DM,True
2001-02-28,JPY,117.268599,149.96,0.15,5.5,DM,True
2001-03-31,JPY,125.384964,144.57,0.15,5,DM,True
2001-04-30,JPY,123.557909,142.8,0.15,4.5,DM,True
2001-05-31,JPY,119.103774,145.19,0.15,4,DM,True
2001-06-30,JPY,124.257075,145.43,,3.75,DM,True
2001-07-31,JPY,124.842947,142.55,,3.75,DM,True
2001-08-31,JPY,118.639441,144.29,,3.5,DM,True
2001-09-30,JPY,119.395466,146.82,,3,DM,True
2001-10-31,JPY,122.063703,144.52,,2.5,DM,True
2001-11-30,JPY,123.690717,143.09,,2,DM,True
2001-12-31,JPY,130.863497,137.6,,1.75,DM,True
2002-01-31,JPY,132.835475,131.69,,1.75,DM,True
2002-02-28,JPY,134.16946,129.85,,1.75,DM,True
2002-03-31,JPY,132.40486,132.25,,1.75,DM,True
2002-04-30,JPY,128.39698,131.82,,1.75,DM,True
2002-05-31,JPY,123.990625,135.02,,1.75,DM,True
2002-06-30,JPY,118.496241,136.62,,1.75,DM,True
2002-07-31,JPY,120.024532,140.65,,1.75,DM,True
2002-08-31,JPY,118.326045,140.82,,1.75,DM,True
2002-09-30,JPY,121.369168,138.58,,1.75,DM,True
2002-10-31,JPY,122.70884,135.06,,1.75,DM,True
2002-11-30,JPY,122.453914,136.42,,1.25,DM,True
2002-12-31,JPY,118.613522,135.04,,1.25,DM,True
2003-01-31,JPY,119.424926,135.86,,1.25,DM,True
2003-02-28,JPY,118.085698,133.9,,1.25,DM,True
2003-03-31,JPY,118.568151,135.1,,1.25,DM,True
2003-04-30,JPY,119.468152,133.54,,1.25,DM,True
2003-05-31,JPY,118.685502,134.27,,1.25,DM,True
2003-06-30,JPY,120.171524,132.46,,1,DM,True
2003-07-31,JPY,119.915179,132.62,,1,DM,True
2003-08-31,JPY,116.463805,133.15,,1,DM,True
2003-09-30,JPY,110.538963,136.44,,1,DM,True
2003-10-31,JPY,109.03459,141.14,,1,DM,True
2003-11-30,JPY,109.421377,140.58,,1,DM,True
2003-12-31,JPY,106.927949,140.65,,1,DM,True
2004-01-31,JPY,105.830103,140.22,,1,DM,True
2004-02-29,JPY,109.220486,139.28,,1,DM,True
2004-03-31,JPY,103.869437,137.56,,1,DM,True
2004-04-30,JPY,110.379175,138.5,,1,DM,True
2004-05-31,JPY,109.231021,133.92,,1,DM,True
2004-06-30,JPY,108.926368,136.86,,1.25,DM,True
2004-07-31,JPY,111.462746,135.92,,1.25,DM,True
2004-08-31,JPY,109.858806,134.75,,1.5,DM,True
2004-09-30,JPY,110.540737,134.95,,1.75,DM,True
2004-10-31,JPY,106.092486,135.77,,1.75,DM,True
2004-11-30,JPY,102.700263,138.31,,2,DM,True
2004-12-31,JPY,102.525512,137.14,,2.25,DM,True
2005-01-31,JPY,103.536632,137.52,,2.25,DM,True
2005-02-28,JPY,104.126122,133.85,,2.5,DM,True
2005-03-31,JPY,106.788028,132.97,,2.75,DM,True
2005-04-30,JPY,105.147797,130.95,,2.75,DM,True
2005-05-31,JPY,108.239397,132.29,,3,DM,True
2005-06-30,JPY,110.775719,130.89,,3.25,DM,True
2005-07-31,JPY,112.387332,127.19,,3.25,DM,True
2005-08-31,JPY,111.542876,127.07,,3.5,DM,True
2005-09-30,JPY,113.145657,126.46,,3.75,DM,True
2005-10-31,JPY,116.144057,122.73,,3.75,DM,True
2005-11-30,JPY,119.636333,119.34,,4,DM,True
2005-12-31,JPY,117.741799,118.61,,4.25,DM,True
2006-01-31,JPY,117.32134,119.65,,4.5,DM,True
2006-02-28,JPY,116.362105,116.51,,4.5,DM,True
2006-03-31,JPY,117.663582,117.2,0,4.75,DM,True
2006-04-30,JPY,114.293691,115.98,0,4.75,DM,True
2006-05-31,JPY,112.154181,120.05,0,5,DM,True
2006-06-30,JPY,114.646425,118.04,0,5.25,DM,True
2006-07-31,JPY,114.216339,116.27,0.25,5.25,DM,True
2006-08-31,JPY,117.158198,116.14,0.25,5.25,DM,True
2006-09-30,JPY,117.962085,114.98,0.25,5.25,DM,True
2006-10-31,JPY,117.824512,113.43,0.25,5.25,DM,True
2006-11-30,JPY,116.128788,112.83,0.25,5.25,DM,True
2006-12-31,JPY,119.157175,111.33,0.25,5.25,DM,True
2007-01-31,JPY,121.406515,108.36,0.25,5.25,DM,True
2007-02-28,JPY,118.424041,106.68,0.5,5.25,DM,True
2007-03-31,JPY,118.125845,109.38,0.5,5.25,DM,True
2007-04-30,JPY,119.676589,106.71,0.5,5.25,DM,True
2007-05-31,JPY,121.57883,104.61,0.5,5.25,DM,True
2007-06-30,JPY,123.383932,102.52,0.5,5.25,DM,True
2007-07-31,JPY,119.347779,101.78,0.5,5.25,DM,True
2007-08-31,JPY,116.198468,107.04,0.5,5.25,DM,True
2007-09-30,JPY,115.346639,107.42,0.5,4.75,DM,True
2007-10-31,JPY,115.241919,104.75,0.5,4.5,DM,True
2007-11-30,JPY,110.717431,107.64,0.5,4.5,DM,True
2007-12-31,JPY,112.037226,106.35,0.5,4.25,DM,True
2008-01-31,JPY,106.207128,109.27,0.5,3,DM,True
2008-02-29,JPY,104.193314,107.93,0.5,3,DM,True
2008-03-31,JPY,99.525677,113.31,0.5,2.25,DM,True
2008-04-30,JPY,104.646075,110.07,0.5,2,DM,True
2008-05-31,JPY,105.584215,109.33,0.5,2,DM,True
2008-06-30,JPY,105.58234,106.45,0.5,2,DM,True
2008-07-31,JPY,108.26981,105.56,0.5,2,DM,True
2008-08-31,JPY,108.734306,105.67,0.5,2,DM,True
2008-09-30,JPY,105.201706,110.66,0.5,2,DM,True
2008-10-31,JPY,97.961903,123.14,0.3,1,DM,True
2008-11-30,JPY,95.434902,130.09,0.3,1,DM,True
2008-12-31,JPY,90.63735,137.19,0.1,0.125,DM,True
2009-01-31,JPY,89.71598,137.7,0.1,0.125,DM,True
2009-02-28,JPY,97.461246,136.24,0.1,0.125,DM,True
2009-03-31,JPY,98.564773,128.99,0.1,0.125,DM,True
2009-04-30,JPY,98.184557,125.45,0.1,0.125,DM,True
2009-05-31,JPY,95.914314,125.11,0.1,0.125,DM,True
2009-06-30,JPY,95.875195,123.71,0.1,0.125,DM,True
2009-07-31,JPY,95.720753,125.93,0.1,0.125,DM,True
2009-08-31,JPY,93.259529,124.53,0.1,0.125,DM,True
2009-09-30,JPY,89.510346,127.87,0.1,0.125,DM,True
2009-10-31,JPY,90.986486,127.26,0.1,0.125,DM,True
2009-11-30,JPY,86.380883,127.99,0.1,0.125,DM,True
2009-12-31,JPY,92.433708,127.01,0.1,0.125,DM,True
2010-01-31,JPY,90.326507,124.66,0.1,0.125,DM,True
2010-02-28,JPY,89.108327,126.98,0.1,0.125,DM,True
2010-03-31,JPY,93.426812,125.97,0.1,0.125,DM,True
2010-04-30,JPY,94.48742,121.26,0.1,0.125,DM,True
2010-05-31,JPY,91.508897,125.65,0.1,0.125,DM,True
2010-06-30,JPY,88.656181,128.44,0.1,0.125,DM,True
2010-07-31,JPY,86.444581,130.7,0.1,0.125,DM,True
2010-08-31,JPY,84.440063,132.76,0.1,0.125,DM,True
2010-09-30,JPY,83.294256,132.82,0.1,0.125,DM,True
2010-10-31,JPY,80.73176,133.81,0.05,0.125,DM,True
2010-11-30,JPY,83.859055,131.99,0.05,0.125,DM,True
2010-12-31,JPY,81.312678,130.8,0.05,0.125,DM,True
2011-01-31,JPY,82.157464,130.01,0.05,0.125,DM,True
2011-02-28,JPY,81.870753,128.3,0.05,0.125,DM,True
2011-03-31,JPY,82.783135,128.7,0.05,0.125,DM,True
2011-04-30,JPY,81.204576,124.02,0.05,0.125,DM,True
2011-05-31,JPY,81.487661,126.97,0.05,0.125,DM,True
2011-06-30,JPY,80.433128,127.71,0.05,0.125,DM,True
2011-07-31,JPY,77.552595,128.71,0.05,0.125,DM,True
2011-08-31,JPY,76.50519,132.37,0.05,0.125,DM,True
2011-09-30,JPY,76.864401,134.94,0.05,0.125,DM,True
2011-10-31,JPY,78.008714,136.04,0.05,0.125,DM,True
2011-11-30,JPY,77.507825,133.92,0.05,0.125,DM,True
2011-12-31,JPY,77.440297,134.16,0.05,0.125,DM,True
2012-01-31,JPY,76.37371,135.12,0.05,0.125,DM,True
2012-02-29,JPY,80.279699,130.77,0.05,0.125,DM,True
2012-03-31,JPY,82.030548,124.69,0.05,0.125,DM,True
2012-04-30,JPY,80.104435,126.56,0.05,0.125,DM,True
2012-05-31,JPY,78.739015,130.35,0.05,0.125,DM,True
2012-06-30,JPY,79.531374,132.06,0.05,0.125,DM,True
2012-07-31,JPY,78.174862,132.01,0.05,0.125,DM,True
2012-08-31,JPY,78.471176,131.49,0.05,0.125,DM,True
2012-09-30,JPY,77.625677,130.48,0.05,0.125,DM,True
2012-10-31,JPY,79.873778,128.26,0.05,0.125,DM,True
2012-11-30,JPY,82.681349,124.72,0.05,0.125,DM,True
2012-12-31,JPY,86.107322,119.72,0.05,0.125,DM,True
2013-01-31,JPY,91.01107,111.83,0.05,0.125,DM,True
2013-02-28,JPY,92.215706,106.2,0.05,0.125,DM,True
2013-03-31,JPY,94.392815,105.27,0.05,0.125,DM,True
2013-04-30,JPY,97.421971,101.95,0.05,0.125,DM,True
2013-05-31,JPY,100.315239,99.05,0.05,0.125,DM,True
2013-06-30,JPY,98.922018,103.22,0.05,0.125,DM,True
2013-07-31,JPY,97.928437,101.3,,0.125,DM,True
2013-08-31,JPY,98.231961,103.17,,0.125,DM,True
2013-09-30,JPY,97.578675,101.34,,0.125,DM,True
2013-10-31,JPY,98.225937,101.91,,0.125,DM,True
2013-11-30,JPY,102.27757,100.09,,0.125,DM,True
2013-12-31,JPY,104.938003,96.64,,0.125,DM,True
2014-01-31,JPY,102.197396,96.24,,0.125,DM,True
2014-02-28,JPY,101.809889,97.81,,0.125,DM,True
2014-03-31,JPY,103.292718,97.66,,0.125,DM,True
2014-04-30,JPY,102.577617,99.36,,0.125,DM,True
2014-05-31,JPY,101.682957,100.23,,0.125,DM,True
2014-06-30,JPY,101.361839,99.95,,0.125,DM,True
2014-07-31,JPY,102.892593,100.12,,0.125,DM,True
2014-08-31,JPY,103.965726,99.31,,0.125,DM,True
2014-09-30,JPY,109.759199,96.06,,0.125,DM,True
2014-10-31,JPY,111.929096,95.93,,0.125,DM,True
2014-11-30,JPY,118.312906,89.75,,0.125,DM,True
2014-12-31,JPY,119.619471,88.59,,0.125,DM,True
2015-01-31,JPY,117.717824,90.71,,0.125,DM,True
2015-02-28,JPY,119.261566,90.37,,0.125,DM,True
2015-03-31,JPY,119.853146,90.19,,0.125,DM,True
2015-04-30,JPY,118.823005,90.56,,0.125,DM,True
2015-05-31,JPY,123.928897,89.25,,0.125,DM,True
2015-06-30,JPY,122.450621,87.16,,0.125,DM,True
2015-07-31,JPY,124.31841,88.07,,0.125,DM,True
2015-08-31,JPY,121.328578,89.62,,0.125,DM,True
2015-09-30,JPY,120.226725,92.52,,0.125,DM,True
2015-10-31,JPY,120.613597,91.98,,0.125,DM,True
2015-11-30,JPY,123.09292,90.76,,0.125,DM,True
2015-12-31,JPY,120.391292,91.92,,0.375,DM,True
2016-01-31,JPY,121.108059,95.59,,0.375,DM,True
2016-02-29,JPY,113.096988,97.16,,0.375,DM,True
2016-03-31,JPY,112.340799,97.69,,0.375,DM,True
2016-04-30,JPY,107.287556,99.69,,0.375,DM,True
2016-05-31,JPY,111.018469,101.22,,0.375,DM,True
2016-06-30,JPY,102.729238,104.61,,0.375,DM,True
2016-07-31,JPY,103.329434,106.24,,0.375,DM,True
2016-08-31,JPY,103.314768,108.42,,0.375,DM,True
2016-09-30,JPY,101.326046,107.72,-0.1,0.375,DM,True
2016-10-31,JPY,105.033802,107.1,-0.1,0.375,DM,True
2016-11-30,JPY,113.286319,104.19,-0.1,0.375,DM,True
2016-12-31,JPY,117.066692,97.92,-0.1,0.625,DM,True
2017-01-31,JPY,113.379823,97.91,-0.1,0.625,DM,True
2017-02-28,JPY,112.13551,98.59,-0.1,0.625,DM,True
2017-03-31,JPY,111.823029,98.49,-0.1,0.875,DM,True
2017-04-30,JPY,111.399817,100.91,-0.1,0.875,DM,True
2017-05-31,JPY,110.863559,98.5,-0.1,0.875,DM,True
2017-06-30,JPY,111.943568,98.74,-0.1,1.125,DM,True
2017-07-31,JPY,110.599471,96.53,-0.1,1.125,DM,True
2017-08-31,JPY,110.621564,97.71,-0.1,1.125,DM,True
2017-09-30,JPY,112.502118,96.05,-0.1,1.125,DM,True
2017-10-31,JPY,113.42155,94.85,-0.1,1.125,DM,True
2017-11-30,JPY,112.313275,95.06,-0.1,1.125,DM,True
2017-12-31,JPY,112.574002,94.48,-0.1,1.375,DM,True
2018-01-31,JPY,108.854459,94.24,-0.1,1.375,DM,True
2018-02-28,JPY,107.024726,95.42,-0.1,1.375,DM,True
2018-03-31,JPY,106.444282,97.13,-0.1,1.625,DM,True
2018-04-30,JPY,109.379916,95.66,-0.1,1.625,DM,True
2018-05-31,JPY,108.838362,95.49,-0.1,1.625,DM,True
2018-06-30,JPY,110.68794,96.05,-0.1,1.875,DM,True
2018-07-31,JPY,111.486026,96.3,-0.1,1.875,DM,True
2018-08-31,JPY,110.763025,97.98,-0.1,1.875,DM,True
2018-09-30,JPY,113.363856,96.91,-0.1,2.125,DM,True
2018-10-31,JPY,113.226719,96.91,-0.1,2.125,DM,True
2018-11-30,JPY,113.557531,96.74,-0.1,2.125,DM,True
2018-12-31,JPY,109.912664,97.22,-0.1,2.375,DM,True
2019-01-31,JPY,108.643802,99.32,-0.1,2.375,DM,True
2019-02-28,JPY,110.756833,97.04,-0.1,2.375,DM,True
2019-03-31,JPY,110.769915,96.34,-0.1,2.375,DM,True
2019-04-30,JPY,111.365662,96.13,-0.1,2.375,DM,True
2019-05-31,JPY,108.752578,98.63,-0.1,2.375,DM,True
2019-06-30,JPY,107.732865,99.91,-0.1,2.375,DM,True
2019-07-31,JPY,108.546319,99.45,-0.1,2.375,DM,True
2019-08-31,JPY,106.270388,103,-0.1,2.125,DM,True
2019-09-30,JPY,107.989714,101.78,-0.1,1.875,DM,True
2019-10-31,JPY,108.239197,100.61,-0.1,1.625,DM,True
2019-11-30,JPY,109.661264,99.32,-0.1,1.625,DM,True
2019-12-31,JPY,108.545487,98.68,-0.1,1.625,DM,True
2020-01-31,JPY,108.894318,97.52,-0.1,1.625,DM,True
2020-02-29,JPY,108.736449,97.45,-0.1,1.625,DM,True
2020-03-31,JPY,108.525009,101.6,-0.1,0.125,DM,True
2020-04-30,JPY,106.53733,103.14,-0.1,0.125,DM,True
2020-05-31,JPY,107.121049,103.62,-0.1,0.125,DM,True
2020-06-30,JPY,107.751384,101.07,-0.1,0.125,DM,True
2020-07-31,JPY,104.920662,100.76,-0.1,0.125,DM,True
2020-08-31,JPY,105.921273,100.15,-0.1,0.125,DM,True
2020-09-30,JPY,105.705501,99.68,-0.1,0.125,DM,True
2020-10-31,JPY,104.599077,99.28,-0.1,0.125,DM,True
2020-11-30,JPY,104.165275,98.54,-0.1,0.125,DM,True
2020-12-31,JPY,103.080434,97.17,-0.1,0.125,DM,True
2021-01-31,JPY,104.68853,96.73,-0.1,0.125,DM,True
2021-02-28,JPY,106.28661,94.64,-0.1,0.125,DM,True
2021-03-31,JPY,110.797441,92.94,-0.1,0.125,DM,True
2021-04-30,JPY,108.938917,91.69,-0.1,0.125,DM,True
2021-05-31,JPY,109.654946,90.85,-0.1,0.125,DM,True
2021-06-30,JPY,110.594076,90.08,-0.1,0.125,DM,True
2021-07-31,JPY,109.65436,91.05,-0.1,0.125,DM,True
2021-08-31,JPY,109.810715,91.34,-0.1,0.125,DM,True
2021-09-30,JPY,111.987218,91.02,-0.1,0.125,DM,True
2021-10-31,JPY,113.885788,88.18,-0.1,0.125,DM,True
2021-11-30,JPY,112.822318,87.58,-0.1,0.125,DM,True
2021-12-31,JPY,115.115663,87.76,-0.1,0.125,DM,True
2022-01-31,JPY,115.444604,86.6,-0.1,0.125,DM,True
2022-02-28,JPY,115.465667,85.82,-0.1,0.125,DM,True
2022-03-31,JPY,121.763805,84.09,-0.1,0.375,DM,True
2022-04-30,JPY,129.990512,79.52,-0.1,0.375,DM,True
2022-05-31,JPY,128.218053,79.93,-0.1,0.875,DM,True
2022-06-30,JPY,136.266487,76.47,-0.1,1.625,DM,True
2022-07-31,JPY,133.771328,76.24,-0.1,2.375,DM,True
2022-08-31,JPY,138.72,77.6,-0.1,2.375,DM,True
2022-09-30,JPY,144.655314,75.27,-0.1,3.125,DM,True
2022-10-31,JPY,148.678636,74.55,-0.1,3.125,DM,True
2022-11-30,JPY,139.051658,75.94,-0.1,3.875,DM,True
2022-12-31,JPY,131.876992,78.19,-0.1,4.375,DM,True
2023-01-31,JPY,130.407089,79.37,-0.1,4.375,DM,True
2023-02-28,JPY,136.76429,77.61,-0.1,4.625,DM,True
2023-03-31,JPY,133.177011,77.98,-0.1,4.875,DM,True
2023-04-30,JPY,136.00765,77.99,-0.1,4.875,DM,True
2023-05-31,JPY,139.595619,76.6,-0.1,5.125,DM,True
2023-06-30,JPY,144.63464,75.04,-0.1,5.125,DM,True
2023-07-31,JPY,142.184523,75.05,-0.1,5.375,DM,True
2023-08-31,JPY,145.8318,73.79,-0.1,5.375,DM,True
2023-09-30,JPY,149.235416,73.13,-0.1,5.375,DM,True
2023-10-31,JPY,150.955834,73.28,-0.1,5.375,DM,True
2023-11-30,JPY,147.461348,72.15,-0.1,5.375,DM,True
2023-12-31,JPY,141.475113,74.03,-0.1,5.375,DM,True
2024-01-31,JPY,147.817662,73.22,-0.1,5.375,DM,True
2024-02-29,JPY,150.129318,71.36,-0.1,5.375,DM,True
2024-03-31,JPY,151.188604,71.54,0.05,5.375,DM,True
2024-04-30,JPY,156.997574,70.67,0.05,5.375,DM,True
2024-05-31,JPY,157.132326,69.65,0.05,5.375,DM,True
2024-06-30,JPY,160.616534,69.05,0.05,5.375,DM,True
2024-07-31,JPY,150.314001,68.94,0.05,5.375,DM,True
2024-08-31,JPY,145.386489,73.39,0.25,5.375,DM,True
2024-09-30,JPY,142.74741,73.92,0.25,4.875,DM,True
2024-10-31,JPY,152.821173,71.7,0.25,4.875,DM,True
2024-11-30,JPY,150.198826,71.66,0.25,4.625,DM,True
2024-12-31,JPY,156.954471,72.4,0.25,4.375,DM,True
2025-01-31,JPY,154.902338,71.92,0.5,4.375,DM,True
2025-02-28,JPY,150.763615,73.14,0.5,4.375,DM,True
2025-03-31,JPY,149.422099,73.97,0.5,4.375,DM,True
2025-04-30,JPY,143.040535,76.31,0.5,4.375,DM,True
2025-05-31,JPY,143.716377,74.9,0.5,4.375,DM,True
2025-06-30,JPY,144.343003,74.03,0.5,4.375,DM,True
2025-07-31,JPY,149.851476,72.49,0.5,4.375,DM,True
2025-08-31,JPY,147.297993,72.41,0.5,4.375,DM,True
2025-09-30,JPY,147.994208,71.79,0.5,4.125,DM,True
2025-10-31,JPY,154.18037,70.81,0.5,3.875,DM,True
2025-11-30,JPY,156.12139,69.66,0.5,3.875,DM,True
2025-12-31,JPY,156.67234,68.46,0.75,3.625,DM,True
2026-01-31,JPY,154.031378,67.71,0.75,3.625,DM,True
2026-02-28,JPY,155.976281,66.84,0.75,3.625,DM,True
2026-03-31,JPY,159.497304,66.31,0.75,3.625,DM,True
2026-04-30,JPY,156.562981,65.54,0.75,3.625,DM,True
2026-05-31,JPY,159.266575,66.03,0.75,3.625,DM,True
2026-06-30,JPY,162.43637,65.3,1,3.625,DM,True
2026-07-31,JPY,160.235089,,1,3.625,DM,True
1995-01-31,KRW,789.8,115.05,,5.5,EM,True
1995-02-28,KRW,789.1,114.46,,6,EM,True
1995-03-31,KRW,774.5,113.69,,6,EM,True
1995-04-30,KRW,763.9,112.28,,6,EM,True
1995-05-31,KRW,763.1,113.53,,6,EM,True
1995-06-30,KRW,761.1,112.73,,6,EM,True
1995-07-31,KRW,759.5,114.48,,5.75,EM,True
1995-08-31,KRW,773.4,117.06,,5.75,EM,True
1995-09-30,KRW,768.3,119,,5.75,EM,True
1995-10-31,KRW,765.2,118.53,,5.75,EM,True
1995-11-30,KRW,770.7,118.4,,5.75,EM,True
1995-12-31,KRW,775.8,119.29,,5.5,EM,True
1996-01-31,KRW,785.3,118.65,,5.25,EM,True
1996-02-29,KRW,782.8,119.79,,5.25,EM,True
1996-03-31,KRW,782.3,120.13,,5.25,EM,True
1996-04-30,KRW,778.3,120.91,,5.25,EM,True
1996-05-31,KRW,788,121.42,,5.25,EM,True
1996-06-30,KRW,811.4,119.33,,5.25,EM,True
1996-07-31,KRW,813,117.66,,5.25,EM,True
1996-08-31,KRW,819.3,116.68,,5.25,EM,True
1996-09-30,KRW,826.5,116.33,,5.25,EM,True
1996-10-31,KRW,828.5,116.07,,5.25,EM,True
1996-11-30,KRW,829.1,115.23,,5.25,EM,True
1996-12-31,KRW,847.5,114.81,,5.25,EM,True
1997-01-31,KRW,867,115.21,,5.25,EM,True
1997-02-28,KRW,866,115.69,,5.25,EM,True
1997-03-31,KRW,898,114.55,,5.5,EM,True
1997-04-30,KRW,894,113.36,,5.5,EM,True
1997-05-31,KRW,893.5,112.01,,5.5,EM,True
1997-06-30,KRW,890,111.86,,5.5,EM,True
1997-07-31,KRW,892,113.22,,5.5,EM,True
1997-08-31,KRW,905,115.08,,5.5,EM,True
1997-09-30,KRW,917,113.97,,5.5,EM,True
1997-10-31,KRW,970,112.21,,5.5,EM,True
1997-11-30,KRW,1170.495487,102.16,,5.5,EM,True
1997-12-31,KRW,1695.003681,73.61,,5.5,EM,True
1998-01-31,KRW,1523.996724,68.25,,5.5,EM,True
1998-02-28,KRW,1633.009156,71.11,,5.5,EM,True
1998-03-31,KRW,1385.00066,77.56,,5.5,EM,True
1998-04-30,KRW,1336.501541,83.4,,5.5,EM,True
1998-05-31,KRW,1407.498042,82.85,,5.5,EM,True
1998-06-30,KRW,1372.990268,84.4,,5.5,EM,True
1998-07-31,KRW,1230.49757,91.5,,5.5,EM,True
1998-08-31,KRW,1349.999516,91.15,,5.5,EM,True
1998-09-30,KRW,1390.742499,84.97,,5.25,EM,True
1998-10-31,KRW,1319.498648,83.86,,5,EM,True
1998-11-30,KRW,1246.00158,86.86,,4.75,EM,True
1998-12-31,KRW,1202.502695,91.95,,4.75,EM,True
1999-01-31,KRW,1174.745257,94.52,,4.75,EM,True
1999-02-28,KRW,1223.951715,95.17,,4.75,EM,True
1999-03-31,KRW,1226.829268,93.25,,4.75,EM,True
1999-04-30,KRW,1187.553081,94.76,,4.75,EM,True
1999-05-31,KRW,1186.237567,95.69,4.75,4.75,EM,True
1999-06-30,KRW,1157.503873,97.71,4.75,5,EM,True
1999-07-31,KRW,1203.674958,95.66,4.75,5,EM,True
1999-08-31,KRW,1179.892178,94.32,4.75,5.25,EM,True
1999-09-30,KRW,1216.558837,93.05,4.75,5.25,EM,True
1999-10-31,KRW,1200.076533,92.62,4.75,5.25,EM,True
1999-11-30,KRW,1160.057443,95.08,4.75,5.5,EM,True
1999-12-31,KRW,1132.072467,98.08,4.75,5.5,EM,True
2000-01-31,KRW,1123.736084,99.03,4.75,5.5,EM,True
2000-02-29,KRW,1130.934733,100.53,5,5.75,EM,True
2000-03-31,KRW,1105.47472,101.95,5,6,EM,True
2000-04-30,KRW,1108.35443,102.18,5,6,EM,True
2000-05-31,KRW,1128.496184,102.51,5,6.5,EM,True
2000-06-30,KRW,1114.148179,101.98,5,6.5,EM,True
2000-07-31,KRW,1118.262469,103.31,5,6.5,EM,True
2000-08-31,KRW,1109.746238,104.36,5,6.5,EM,True
2000-09-30,KRW,1114.512265,105.72,5,6.5,EM,True
2000-10-31,KRW,1139.004396,105.44,5.25,6.5,EM,True
2000-11-30,KRW,1215.49977,102.47,5.25,6.5,EM,True
2000-12-31,KRW,1264.997313,97.7,5.25,6.5,EM,True
2001-01-31,KRW,1259.195093,93.92,5.25,5.5,EM,True
2001-02-28,KRW,1253.795415,96.24,5,5.5,EM,True
2001-03-31,KRW,1331.000906,95.57,5,5,EM,True
2001-04-30,KRW,1319.502028,94.01,5,4.5,EM,True
2001-05-31,KRW,1281.002358,95.85,5,4,EM,True
2001-06-30,KRW,1300.495283,97.04,5,3.75,EM,True
2001-07-31,KRW,1298.001142,97.27,4.75,3.75,EM,True
2001-08-31,KRW,1279.001965,97.42,4.5,3.5,EM,True
2001-09-30,KRW,1303.997372,95.69,4,3,EM,True
2001-10-31,KRW,1295.001106,95.91,4,2.5,EM,True
2001-11-30,KRW,1268.004046,97.5,4,2,EM,True
2001-12-31,KRW,1317.996142,98.05,4,1.75,EM,True
2002-01-31,KRW,1309.401413,97.3,4,1.75,EM,True
2002-02-28,KRW,1323.800717,97.61,4,1.75,EM,True
2002-03-31,KRW,1321.99679,97.3,4,1.75,EM,True
2002-04-30,KRW,1288.998668,97.73,4,1.75,EM,True
2002-05-31,KRW,1214.402898,101.14,4.25,1.75,EM,True
2002-06-30,KRW,1191.298246,103.08,4.25,1.75,EM,True
2002-07-31,KRW,1178.002658,104.38,4.25,1.75,EM,True
2002-08-31,KRW,1196.003254,104.26,4.25,1.75,EM,True
2002-09-30,KRW,1221.997972,103.93,4.25,1.75,EM,True
2002-10-31,KRW,1221.695053,101.8,4.25,1.75,EM,True
2002-11-30,KRW,1196.202277,103.15,4.25,1.25,EM,True
2002-12-31,KRW,1186.001716,103.34,4.25,1.25,EM,True
2003-01-31,KRW,1169.998151,104.56,4.25,1.25,EM,True
2003-02-28,KRW,1192.997589,103.49,4.25,1.25,EM,True
2003-03-31,KRW,1254.502065,100.46,4.25,1.25,EM,True
2003-04-30,KRW,1215.24571,100.37,4.25,1.25,EM,True
2003-05-31,KRW,1205.997293,100.86,4,1.25,EM,True
2003-06-30,KRW,1193.996675,101.29,4,1,EM,True
2003-07-31,KRW,1179.846263,103.06,3.75,1,EM,True
2003-08-31,KRW,1178.246545,104.01,3.75,1,EM,True
2003-09-30,KRW,1150.145898,104.7,3.75,1,EM,True
2003-10-31,KRW,1183.496816,102.33,3.75,1,EM,True
2003-11-30,KRW,1202.051026,100.28,3.75,1,EM,True
2003-12-31,KRW,1192.652415,98.76,3.75,1,EM,True
2004-01-31,KRW,1173.498062,98.66,3.75,1,EM,True
2004-02-29,KRW,1175.503302,100.31,3.75,1,EM,True
2004-03-31,KRW,1146.449607,102.05,3.75,1,EM,True
2004-04-30,KRW,1173.348958,103.02,3.75,1,EM,True
2004-05-31,KRW,1160.050828,101.92,3.75,1,EM,True
2004-06-30,KRW,1155.450432,102.76,3.75,1.25,EM,True
2004-07-31,KRW,1170.147022,103.03,3.75,1.25,EM,True
2004-08-31,KRW,1151.853687,104.3,3.5,1.5,EM,True
2004-09-30,KRW,1151.897816,104.53,3.5,1.75,EM,True
2004-10-31,KRW,1119.400173,103.89,3.5,1.75,EM,True
2004-11-30,KRW,1048.401655,106.37,3.25,2,EM,True
2004-12-31,KRW,1035.202995,109.1,3.25,2.25,EM,True
2005-01-31,KRW,1025.600307,111.75,3.25,2.25,EM,True
2005-02-28,KRW,1006.102436,113.53,3.25,2.5,EM,True
2005-03-31,KRW,1015.49676,115.37,3.25,2.75,EM,True
2005-04-30,KRW,997.098094,115.9,3.25,2.75,EM,True
2005-05-31,KRW,1007.94745,116.9,3.25,3,EM,True
2005-06-30,KRW,1025.347337,117.12,3.25,3.25,EM,True
2005-07-31,KRW,1026.949475,115.38,3.25,3.25,EM,True
2005-08-31,KRW,1038.498114,115.95,3.25,3.5,EM,True
2005-09-30,KRW,1042.152466,115.18,3.25,3.75,EM,True
2005-10-31,KRW,1040.197954,114.22,3.5,3.75,EM,True
2005-11-30,KRW,1033.503271,115.76,3.5,4,EM,True
2005-12-31,KRW,1004.001017,117.68,3.75,4.25,EM,True
2006-01-31,KRW,964.647632,120.91,3.75,4.5,EM,True
2006-02-28,KRW,970.997895,123.16,4,4.5,EM,True
2006-03-31,KRW,971.653999,122.96,4,4.75,EM,True
2006-04-30,KRW,943.200128,124.48,4,4.75,EM,True
2006-05-31,KRW,945.702518,123.53,4,5,EM,True
2006-06-30,KRW,948.698183,123.04,4.25,5.25,EM,True
2006-07-31,KRW,955.502467,123.95,4.25,5.25,EM,True
2006-08-31,KRW,961.302622,122.5,4.5,5.25,EM,True
2006-09-30,KRW,946.303318,124.16,4.5,5.25,EM,True
2006-10-31,KRW,942.296786,124,4.5,5.25,EM,True
2006-11-30,KRW,929.348485,124.4,4.5,5.25,EM,True
2006-12-31,KRW,930,124.46,4.5,5.25,EM,True
2007-01-31,KRW,941.153312,124.05,4.5,5.25,EM,True
2007-02-28,KRW,941.753085,123.99,4.5,5.25,EM,True
2007-03-31,KRW,940.846974,122.6,4.5,5.25,EM,True
2007-04-30,KRW,930.900404,123.52,4.5,5.25,EM,True
2007-05-31,KRW,927.800491,123.62,4.5,5.25,EM,True
2007-06-30,KRW,923.902258,123.61,4.5,5.25,EM,True
2007-07-31,KRW,919.29671,123.7,4.75,5.25,EM,True
2007-08-31,KRW,938.248814,120.88,5,5.25,EM,True
2007-09-30,KRW,915.149164,120.71,5,4.75,EM,True
2007-10-31,KRW,900.802935,121.02,5,4.5,EM,True
2007-11-30,KRW,921.150329,117.85,5,4.5,EM,True
2007-12-31,KRW,936.05054,116.68,5,4.25,EM,True
2008-01-31,KRW,944.203093,113.64,5,3,EM,True
2008-02-29,KRW,939.585943,111.99,5,3,EM,True
2008-03-31,KRW,991.000506,105.89,5,2.25,EM,True
2008-04-30,KRW,1005.501931,104.87,5,2,EM,True
2008-05-31,KRW,1028.752902,100.85,5,2,EM,True
2008-06-30,KRW,1048.09693,101.65,5,2,EM,True
2008-07-31,KRW,1011.498302,102.84,5,2,EM,True
2008-08-31,KRW,1087.750254,101.83,5.25,2,EM,True
2008-09-30,KRW,1206.949591,95.08,5.25,2,EM,True
2008-10-31,KRW,1306.05158,83.35,4.25,1,EM,True
2008-11-30,KRW,1462.002043,80.04,4,1,EM,True
2008-12-31,KRW,1321.498886,80.44,3,0.125,EM,True
2009-01-31,KRW,1394.998439,81.66,2.5,0.125,EM,True
2009-02-28,KRW,1542.953179,78.88,2,0.125,EM,True
2009-03-31,KRW,1383.100391,79.31,2,0.125,EM,True
2009-04-30,KRW,1278.252354,85.72,2,0.125,EM,True
2009-05-31,KRW,1251.269684,89.54,2,0.125,EM,True
2009-06-30,KRW,1275.244092,88.09,2,0.125,EM,True
2009-07-31,KRW,1222.740133,87.98,2,0.125,EM,True
2009-08-31,KRW,1249.495516,89.14,2,0.125,EM,True
2009-09-30,KRW,1177.320221,89.85,2,0.125,EM,True
2009-10-31,KRW,1181.094595,91.72,2,0.125,EM,True
2009-11-30,KRW,1162.803701,92.09,2,0.125,EM,True
2009-12-31,KRW,1157.135916,92.57,2,0.125,EM,True
2010-01-31,KRW,1161.391952,95.71,2,0.125,EM,True
2010-02-28,KRW,1159.874724,94.73,2,0.125,EM,True
2010-03-31,KRW,1131.471177,96.33,2,0.125,EM,True
2010-04-30,KRW,1108.118663,98.61,2,0.125,EM,True
2010-05-31,KRW,1202.096368,95.72,2,0.125,EM,True
2010-06-30,KRW,1222.060142,92.42,2,0.125,EM,True
2010-07-31,KRW,1184.395149,91.57,2.25,0.125,EM,True
2010-08-31,KRW,1198.777603,92.81,2.25,0.125,EM,True
2010-09-30,KRW,1136.173798,93.96,2.25,0.125,EM,True
2010-10-31,KRW,1124.269322,94.43,2.25,0.125,EM,True
2010-11-30,KRW,1162.109555,93.29,2.5,0.125,EM,True
2010-12-31,KRW,1121.882952,92.83,2.5,0.125,EM,True
2011-01-31,KRW,1120.398773,94.99,2.75,0.125,EM,True
2011-02-28,KRW,1126.102357,94.65,2.75,0.125,EM,True
2011-03-31,KRW,1094.185965,93.75,3,0.125,EM,True
2011-04-30,KRW,1069.051144,95.67,3,0.125,EM,True
2011-05-31,KRW,1079.137991,95.3,3,0.125,EM,True
2011-06-30,KRW,1067.729883,95.52,3.25,0.125,EM,True
2011-07-31,KRW,1054.417952,97.53,3.25,0.125,EM,True
2011-08-31,KRW,1065.266436,95.94,3.25,0.125,EM,True
2011-09-30,KRW,1181.159742,93,3.25,0.125,EM,True
2011-10-31,KRW,1109.185058,90.64,3.25,0.125,EM,True
2011-11-30,KRW,1140.475481,92.55,3.25,0.125,EM,True
2011-12-31,KRW,1158.273437,92.23,3.25,0.125,EM,True
2012-01-31,KRW,1121.728901,92.36,3.25,0.125,EM,True
2012-02-29,KRW,1117.518411,93.29,3.25,0.125,EM,True
2012-03-31,KRW,1132.809224,93.46,3.25,0.125,EM,True
2012-04-30,KRW,1129.029817,92.42,3.25,0.125,EM,True
2012-05-31,KRW,1179.561396,91.66,3.25,0.125,EM,True
2012-06-30,KRW,1144.559174,92.11,3.25,0.125,EM,True
2012-07-31,KRW,1129.802996,93.72,3,0.125,EM,True
2012-08-31,KRW,1133.906907,94.16,3,0.125,EM,True
2012-09-30,KRW,1113.17092,94.11,3,0.125,EM,True
2012-10-31,KRW,1090.725775,95.01,2.75,0.125,EM,True
2012-11-30,KRW,1082.94317,96.84,2.75,0.125,EM,True
2012-12-31,KRW,1065.810217,97.69,2.75,0.125,EM,True
2013-01-31,KRW,1086.420664,99.48,2.75,0.125,EM,True
2013-02-28,KRW,1084.400944,97.99,2.75,0.125,EM,True
2013-03-31,KRW,1112.869973,97.39,2.75,0.125,EM,True
2013-04-30,KRW,1101.904835,95.66,2.75,0.125,EM,True
2013-05-31,KRW,1130.901123,96.96,2.5,0.125,EM,True
2013-06-30,KRW,1142.385321,94.6,2.5,0.125,EM,True
2013-07-31,KRW,1122.39548,96.22,2.5,0.125,EM,True
2013-08-31,KRW,1109.860219,96.92,2.5,0.125,EM,True
2013-09-30,KRW,1075.038874,99.56,2.5,0.125,EM,True
2013-10-31,KRW,1060.442783,99.74,2.5,0.125,EM,True
2013-11-30,KRW,1058.202924,100.89,2.5,0.125,EM,True
2013-12-31,KRW,1052.084693,101.86,2.5,0.125,EM,True
2014-01-31,KRW,1083.330867,101.5,2.5,0.125,EM,True
2014-02-28,KRW,1066.582205,101.01,2.5,0.125,EM,True
2014-03-31,KRW,1063.228895,101.28,2.5,0.125,EM,True
2014-04-30,KRW,1032.743682,103.83,2.5,0.125,EM,True
2014-05-31,KRW,1020.9598,105.55,2.5,0.125,EM,True
2014-06-30,KRW,1011.890467,106.18,2.5,0.125,EM,True
2014-07-31,KRW,1030.346065,105.89,2.5,0.125,EM,True
2014-08-31,KRW,1014.535942,106.02,2.25,0.125,EM,True
2014-09-30,KRW,1057.251848,105.76,2.25,0.125,EM,True
2014-10-31,KRW,1072.684446,103.61,2,0.125,EM,True
2014-11-30,KRW,1109.973564,101.55,2,0.125,EM,True
2014-12-31,KRW,1091.178651,102.75,2,0.125,EM,True
2015-01-31,KRW,1102.644847,106.42,2,0.125,EM,True
2015-02-28,KRW,1099.786477,105.31,2,0.125,EM,True
2015-03-31,KRW,1108.448741,105.3,1.75,0.125,EM,True
2015-04-30,KRW,1072.206866,107.22,1.75,0.125,EM,True
2015-05-31,KRW,1112.406563,105.99,1.75,0.125,EM,True
2015-06-30,KRW,1118.303691,104.6,1.5,0.125,EM,True
2015-07-31,KRW,1173.894411,102.43,1.5,0.125,EM,True
2015-08-31,KRW,1183.20107,100.89,1.5,0.125,EM,True
2015-09-30,KRW,1185.637776,100.35,1.5,0.125,EM,True
2015-10-31,KRW,1138.222747,103.43,1.5,0.125,EM,True
2015-11-30,KRW,1157.207676,103.78,1.5,0.125,EM,True
2015-12-31,KRW,1176.430605,102.62,1.5,0.375,EM,True
2016-01-31,KRW,1207.509158,101.47,1.5,0.375,EM,True
2016-02-29,KRW,1237.637766,98.95,1.5,0.375,EM,True
2016-03-31,KRW,1137.35617,100.35,1.5,0.375,EM,True
2016-04-30,KRW,1141.392616,102.36,1.5,0.375,EM,True
2016-05-31,KRW,1188.909808,100.49,1.5,0.375,EM,True
2016-06-30,KRW,1151.576293,101.09,1.25,0.375,EM,True
2016-07-31,KRW,1121.956267,103.63,1.25,0.375,EM,True
2016-08-31,KRW,1117.193676,105.88,1.25,0.375,EM,True
2016-09-30,KRW,1101.836753,106.6,1.25,0.375,EM,True
2016-10-31,KRW,1146.437055,105.84,1.25,0.375,EM,True
2016-11-30,KRW,1172.891396,104.21,1.25,0.375,EM,True
2016-12-31,KRW,1204.212124,104.13,1.25,0.625,EM,True
2017-01-31,KRW,1157.377964,104.8,1.25,0.625,EM,True
2017-02-28,KRW,1126.960461,107.58,1.25,0.625,EM,True
2017-03-31,KRW,1117.332336,108.35,1.25,0.875,EM,True
2017-04-30,KRW,1137.868253,107.35,1.25,0.875,EM,True
2017-05-31,KRW,1118.447554,107.76,1.25,0.875,EM,True
2017-06-30,KRW,1143.147564,106.03,1.25,1.125,EM,True
2017-07-31,KRW,1122.171058,105.47,1.25,1.125,EM,True
2017-08-31,KRW,1125.767442,104.6,1.25,1.125,EM,True
2017-09-30,KRW,1145.036422,103.45,1.25,1.125,EM,True
2017-10-31,KRW,1118.319299,104.28,1.25,1.125,EM,True
2017-11-30,KRW,1086.387037,106.36,1.5,1.125,EM,True
2017-12-31,KRW,1066.964062,107.73,1.5,1.375,EM,True
2018-01-31,KRW,1065.288593,107.58,1.5,1.375,EM,True
2018-02-28,KRW,1080.931718,105.24,1.5,1.375,EM,True
2018-03-31,KRW,1063.947732,106.1,1.5,1.625,EM,True
2018-04-30,KRW,1069.658084,106.73,1.5,1.625,EM,True
2018-05-31,KRW,1078.083597,107.8,1.5,1.625,EM,True
2018-06-30,KRW,1112.300566,106.88,1.5,1.875,EM,True
2018-07-31,KRW,1118.600886,105.48,1.5,1.875,EM,True
2018-08-31,KRW,1117.423397,107.45,1.5,1.875,EM,True
2018-09-30,KRW,1110.703179,108.25,1.5,2.125,EM,True
2018-10-31,KRW,1140.749249,107.37,1.5,2.125,EM,True
2018-11-30,KRW,1121.612818,107.58,1.75,2.125,EM,True
2018-12-31,KRW,1116.09607,107.23,1.75,2.375,EM,True
2019-01-31,KRW,1112.099582,106.12,1.75,2.375,EM,True
2019-02-28,KRW,1122.170638,105.62,1.75,2.375,EM,True
2019-03-31,KRW,1136.145972,104.52,1.75,2.375,EM,True
2019-04-30,KRW,1165.992155,103.86,1.75,2.375,EM,True
2019-05-31,KRW,1191.202583,101.19,1.75,2.375,EM,True
2019-06-30,KRW,1155.843585,101.62,1.75,2.375,EM,True
2019-07-31,KRW,1182.18097,100.66,1.5,2.375,EM,True
2019-08-31,KRW,1208.055455,99.17,1.5,2.125,EM,True
2019-09-30,KRW,1198.301038,100.94,1.5,1.875,EM,True
2019-10-31,KRW,1168.074233,101.39,1.25,1.625,EM,True
2019-11-30,KRW,1179.939902,101.59,1.25,1.625,EM,True
2019-12-31,KRW,1153.889977,100.93,1.25,1.625,EM,True
2020-01-31,KRW,1195.801665,101.06,1.25,1.625,EM,True
2020-02-29,KRW,1207.051107,99.46,1.25,1.625,EM,True
2020-03-31,KRW,1224.014239,98.38,0.75,0.125,EM,True
2020-04-30,KRW,1207.328062,99.11,0.75,0.125,EM,True
2020-05-31,KRW,1235.820761,98.54,0.5,0.125,EM,True
2020-06-30,KRW,1201.848544,99.15,0.5,0.125,EM,True
2020-07-31,KRW,1189.702903,98.57,0.5,0.125,EM,True
2020-08-31,KRW,1185.728643,98.76,0.5,0.125,EM,True
2020-09-30,KRW,1168.867441,99.45,0.5,0.125,EM,True
2020-10-31,KRW,1131.988374,101.33,0.5,0.125,EM,True
2020-11-30,KRW,1106.911519,102.92,0.5,0.125,EM,True
2020-12-31,KRW,1088.745823,103.27,0.5,0.125,EM,True
2021-01-31,KRW,1116.496374,102.64,0.5,0.125,EM,True
2021-02-28,KRW,1127.877238,101.58,0.5,0.125,EM,True
2021-03-31,KRW,1129.373134,101.51,0.5,0.125,EM,True
2021-04-30,KRW,1114.252607,102.79,0.5,0.125,EM,True
2021-05-31,KRW,1108.138677,101.19,0.5,0.125,EM,True
2021-06-30,KRW,1128.752945,101.3,0.5,0.125,EM,True
2021-07-31,KRW,1151.07224,100.21,0.5,0.125,EM,True
2021-08-31,KRW,1157.706608,99.17,0.75,0.125,EM,True
2021-09-30,KRW,1184.540979,98.14,0.75,0.125,EM,True
2021-10-31,KRW,1170.390726,97.58,0.75,0.125,EM,True
2021-11-30,KRW,1188.321746,97.92,1,0.125,EM,True
2021-12-31,KRW,1188.751545,98.23,1,0.125,EM,True
2022-01-31,KRW,1209.286483,97.42,1.25,0.125,EM,True
2022-02-28,KRW,1203.339584,96.92,1.25,0.125,EM,True
2022-03-31,KRW,1213.737501,96.3,1.25,0.375,EM,True
2022-04-30,KRW,1258.73814,96.79,1.5,0.375,EM,True
2022-05-31,KRW,1240.847568,97.04,1.75,0.875,EM,True
2022-06-30,KRW,1301.241937,96.76,1.75,1.625,EM,True
2022-07-31,KRW,1303.588939,96.2,2.25,2.375,EM,True
2022-08-31,KRW,1342.79,95.13,2.5,2.375,EM,True
2022-09-30,KRW,1436.899877,92.32,2.5,3.125,EM,True
2022-10-31,KRW,1428.404277,91.77,3,3.125,EM,True
2022-11-30,KRW,1315.670779,94.72,3.25,3.875,EM,True
2022-12-31,KRW,1260.163135,96.72,3.25,4.375,EM,True
2023-01-31,KRW,1235.945721,98.83,3.5,4.375,EM,True
2023-02-28,KRW,1320.124305,96.86,3.5,4.625,EM,True
2023-03-31,KRW,1305.986207,95.3,3.5,4.875,EM,True
2023-04-30,KRW,1339.486386,93.48,3.5,4.875,EM,True
2023-05-31,KRW,1325.741833,94.46,3.5,5.125,EM,True
2023-06-30,KRW,1321.443033,97.9,3.5,5.125,EM,True
2023-07-31,KRW,1275.052164,98.51,3.5,5.375,EM,True
2023-08-31,KRW,1324.58594,97.26,3.5,5.375,EM,True
2023-09-30,KRW,1345.346423,97.87,3.5,5.375,EM,True
2023-10-31,KRW,1351.031171,97.51,3.5,5.375,EM,True
2023-11-30,KRW,1297.941634,99.32,3.5,5.375,EM,True
2023-12-31,KRW,1297.429864,97.99,3.5,5.375,EM,True
2024-01-31,KRW,1333.053428,97.09,3.5,5.375,EM,True
2024-02-29,KRW,1336.994273,97.22,3.5,5.375,EM,True
2024-03-31,KRW,1349.246138,97.39,3.5,5.375,EM,True
2024-04-30,KRW,1380.546744,95.74,3.5,5.375,EM,True
2024-05-31,KRW,1383.256543,95.84,3.5,5.375,EM,True
2024-06-30,KRW,1377.730033,94.83,3.5,5.375,EM,True
2024-07-31,KRW,1372.330994,94.45,3.5,5.375,EM,True
2024-08-31,KRW,1333.633986,94.63,3.5,5.375,EM,True
2024-09-30,KRW,1312.173991,95.09,3.5,4.875,EM,True
2024-10-31,KRW,1378.469031,94.05,3.25,4.875,EM,True
2024-11-30,KRW,1397.566749,93.43,3,4.625,EM,True
2024-12-31,KRW,1474.781018,91.37,3,4.375,EM,True
2025-01-31,KRW,1449.648802,91.7,3,4.375,EM,True
2025-02-28,KRW,1459.917395,91.36,2.75,4.375,EM,True
2025-03-31,KRW,1474.535368,89.58,2.75,4.375,EM,True
2025-04-30,KRW,1423.010639,89.67,2.75,4.375,EM,True
2025-05-31,KRW,1378.507805,91.67,2.5,4.375,EM,True
2025-06-30,KRW,1355.127986,92.44,2.5,4.375,EM,True
2025-07-31,KRW,1394.626944,91.36,2.5,4.375,EM,True
2025-08-31,KRW,1391.542289,90.7,2.5,4.375,EM,True
2025-09-30,KRW,1403.670897,90.53,2.5,4.125,EM,True
2025-10-31,KRW,1428.137442,89.15,2.5,3.875,EM,True
2025-11-30,KRW,1469.661076,87.23,2.5,3.875,EM,True
2025-12-31,KRW,1444.204255,86.49,2.5,3.625,EM,True
2026-01-31,KRW,1442.629415,87.02,2.5,3.625,EM,True
2026-02-28,KRW,1441.97374,86.49,2.5,3.625,EM,True
2026-03-31,KRW,1524.804314,85.07,2.5,3.625,EM,True
2026-04-30,KRW,1477.003931,85.04,2.5,3.625,EM,True
2026-05-31,KRW,1506.269323,84.72,2.5,3.625,EM,True
2026-06-30,KRW,1550.886431,83.06,2.5,3.625,EM,True
2026-07-31,KRW,1443.613409,,2.75,3.625,EM,True
1995-01-31,MXN,5.82,89.35,,5.5,EM,True
1995-02-28,MXN,5.97,91.93,,6,EM,True
1995-03-31,MXN,6.82,80.53,,6,EM,True
1995-04-30,MXN,6.05,93.45,,6,EM,True
1995-05-31,MXN,6.16,101.4,,6,EM,True
1995-06-30,MXN,6.255,100,,6,EM,True
1995-07-31,MXN,6.115,103.99,,5.75,EM,True
1995-08-31,MXN,6.3,105.02,,5.75,EM,True
1995-09-30,MXN,6.385,105.56,,5.75,EM,True
1995-10-31,MXN,7.15,100.36,,5.75,EM,True
1995-11-30,MXN,7.55,90.27,,5.75,EM,True
1995-12-31,MXN,7.74,93.49,,5.5,EM,True
1996-01-31,MXN,7.452118,99.57,,5.25,EM,True
1996-02-29,MXN,7.596231,100.81,,5.25,EM,True
1996-03-31,MXN,7.533385,101.92,,5.25,EM,True
1996-04-30,MXN,7.393883,106.19,,5.25,EM,True
1996-05-31,MXN,7.427484,108.18,,5.25,EM,True
1996-06-30,MXN,7.58525,108.26,,5.25,EM,True
1996-07-31,MXN,7.586127,108.72,,5.25,EM,True
1996-08-31,MXN,7.583018,111.34,,5.25,EM,True
1996-09-30,MXN,7.55506,112.52,,5.25,EM,True
1996-10-31,MXN,7.980006,111.08,,5.25,EM,True
1996-11-30,MXN,7.892932,109.84,,5.25,EM,True
1996-12-31,MXN,7.876519,114.16,,5.25,EM,True
1997-01-31,MXN,7.821438,117.98,,5.25,EM,True
1997-02-28,MXN,7.973983,120.8,,5.25,EM,True
1997-03-31,MXN,7.931309,119.86,,5.5,EM,True
1997-04-30,MXN,7.951908,122,,5.5,EM,True
1997-05-31,MXN,7.916715,122.85,,5.5,EM,True
1997-06-30,MXN,7.95039,122.82,,5.5,EM,True
1997-07-31,MXN,7.824778,125.53,,5.5,EM,True
1997-08-31,MXN,7.785313,128.63,,5.5,EM,True
1997-09-30,MXN,7.770701,130.05,,5.5,EM,True
1997-10-31,MXN,8.180019,129.66,,5.5,EM,True
1997-11-30,MXN,8.213481,124.92,,5.5,EM,True
1997-12-31,MXN,8.060351,130.8,,5.5,EM,True
1998-01-31,MXN,8.464282,132.96,,5.5,EM,True
1998-02-28,MXN,8.500624,130,,5.5,EM,True
1998-03-31,MXN,8.519188,129.97,,5.5,EM,True
1998-04-30,MXN,8.489796,131.97,,5.5,EM,True
1998-05-31,MXN,8.8164,131.67,,5.5,EM,True
1998-06-30,MXN,9.000949,128.71,,5.5,EM,True
1998-07-31,MXN,8.921475,130.3,,5.5,EM,True
1998-08-31,MXN,10.027014,125.21,,5.5,EM,True
1998-09-30,MXN,10.193242,115.8,,5.25,EM,True
1998-10-31,MXN,10.075001,116.51,,5,EM,True
1998-11-30,MXN,9.967613,120.63,34.37,4.75,EM,True
1998-12-31,MXN,9.890036,124.45,33.14,4.75,EM,True
1999-01-31,MXN,10.207748,123.88,35.85,4.75,EM,True
1999-02-28,MXN,9.971864,128.57,28.46,4.75,EM,True
1999-03-31,MXN,9.547756,133.76,22.96,4.75,EM,True
1999-04-30,MXN,9.278286,138.37,20.24,4.75,EM,True
1999-05-31,MXN,9.664116,139.98,21.78,4.75,EM,True
1999-06-30,MXN,9.428156,139.19,21.01,5,EM,True
1999-07-31,MXN,9.421825,142.01,21.9,5,EM,True
1999-08-31,MXN,9.406318,141.77,19.51,5.25,EM,True
1999-09-30,MXN,9.368683,143.01,18.9,5.25,EM,True
1999-10-31,MXN,9.640103,140.01,17.78,5.25,EM,True
1999-11-30,MXN,9.435575,143.72,19.97,5.5,EM,True
1999-12-31,MXN,9.488354,145.05,18.39,5.5,EM,True
2000-01-31,MXN,9.618425,145.34,19.25,5.5,EM,True
2000-02-29,MXN,9.362055,147.71,17.38,5.75,EM,True
2000-03-31,MXN,9.292683,149.79,13.87,6,EM,True
2000-04-30,MXN,9.398129,149.24,14.46,6,EM,True
2000-05-31,MXN,9.506826,148.92,16.23,6.5,EM,True
2000-06-30,MXN,9.86239,143.51,18.06,6.5,EM,True
2000-07-31,MXN,9.397274,150.18,13.75,6.5,EM,True
2000-08-31,MXN,9.19616,154.03,15.51,6.5,EM,True
2000-09-30,MXN,9.459669,153.79,15.89,6.5,EM,True
2000-10-31,MXN,9.574314,152.27,17.09,6.5,EM,True
2000-11-30,MXN,9.40281,154.26,17.9,6.5,EM,True
2000-12-31,MXN,9.592155,156.29,18.79,6.5,EM,True
2001-01-31,MXN,9.678575,151.12,17.72,5.5,EM,True
2001-02-28,MXN,9.694961,151.79,16.86,5.5,EM,True
2001-03-31,MXN,9.502831,155.12,16.32,5,EM,True
2001-04-30,MXN,9.276589,160.45,15,4.5,EM,True
2001-05-31,MXN,9.176061,163.69,11.47,4,EM,True
2001-06-30,MXN,9.076533,165.26,10.25,3.75,EM,True
2001-07-31,MXN,9.180354,164.28,9.27,3.75,EM,True
2001-08-31,MXN,9.207032,164.65,8.94,3.5,EM,True
2001-09-30,MXN,9.506626,160.49,10.36,3,EM,True
2001-10-31,MXN,9.235014,163.08,8.08,2.5,EM,True
2001-11-30,MXN,9.310519,166.64,7.24,2,EM,True
2001-12-31,MXN,9.130376,168.43,8.04,1.75,EM,True
2002-01-31,MXN,9.141137,170.26,8.08,1.75,EM,True
2002-02-28,MXN,9.098255,171.6,7.63,1.75,EM,True
2002-03-31,MXN,8.989798,171.98,7.11,1.75,EM,True
2002-04-30,MXN,9.346026,169.98,5.47,1.75,EM,True
2002-05-31,MXN,9.688612,162.97,7.33,1.75,EM,True
2002-06-30,MXN,9.991479,158.58,8.13,1.75,EM,True
2002-07-31,MXN,9.753041,157.91,5.37,1.75,EM,True
2002-08-31,MXN,9.917014,157.87,6.64,1.75,EM,True
2002-09-30,MXN,10.235497,155.1,8.05,1.75,EM,True
2002-10-31,MXN,10.170519,155.78,7.72,1.75,EM,True
2002-11-30,MXN,10.134582,154.53,7,1.25,EM,True
2002-12-31,MXN,10.451511,154.52,8.25,1.25,EM,True
2003-01-31,MXN,10.958025,147.59,9.01,1.25,EM,True
2003-02-28,MXN,11.038583,142.65,9.27,1.25,EM,True
2003-03-31,MXN,10.779532,142.78,8.92,1.25,EM,True
2003-04-30,MXN,10.284161,147.2,5.85,1.25,EM,True
2003-05-31,MXN,10.309423,149.86,4.79,1.25,EM,True
2003-06-30,MXN,10.407369,146.16,4.36,1,EM,True
2003-07-31,MXN,10.52094,147.55,4.07,1,EM,True
2003-08-31,MXN,11.05555,143.67,4.57,1,EM,True
2003-09-30,MXN,10.989101,141.43,4.3,1,EM,True
2003-10-31,MXN,11.03588,137.62,4.73,1,EM,True
2003-11-30,MXN,11.410455,139.26,6.26,1,EM,True
2003-12-31,MXN,11.227791,137.57,6.12,1,EM,True
2004-01-31,MXN,11.121851,141.26,5.2,1,EM,True
2004-02-29,MXN,11.069496,140.11,6.71,1,EM,True
2004-03-31,MXN,11.17981,140.77,6.13,1,EM,True
2004-04-30,MXN,11.411233,137.48,6.26,1,EM,True
2004-05-31,MXN,11.417118,134.38,6.35,1,EM,True
2004-06-30,MXN,11.539037,135.36,6.53,1.25,EM,True
2004-07-31,MXN,11.414071,134.43,6.76,1.25,EM,True
2004-08-31,MXN,11.381471,136.21,7.17,1.5,EM,True
2004-09-30,MXN,11.4093,135.62,7.62,1.75,EM,True
2004-10-31,MXN,11.523907,136.28,7.81,1.75,EM,True
2004-11-30,MXN,11.237382,136.32,8.27,2,EM,True
2004-12-31,MXN,11.176492,138.17,8.75,2.25,EM,True
2005-01-31,MXN,11.246874,137.48,8.82,2.25,EM,True
2005-02-28,MXN,11.080863,138.72,9.21,2.5,EM,True
2005-03-31,MXN,11.191453,138.16,9.51,2.75,EM,True
2005-04-30,MXN,11.088678,138.92,9.6,2.75,EM,True
2005-05-31,MXN,10.888979,140.61,9.75,3,EM,True
2005-06-30,MXN,10.75091,143.33,9.76,3.25,EM,True
2005-07-31,MXN,10.598611,145.62,9.75,3.25,EM,True
2005-08-31,MXN,10.816363,144.35,9.51,3.5,EM,True
2005-09-30,MXN,10.785418,142.32,9.26,3.75,EM,True
2005-10-31,MXN,10.827331,142.32,9.01,3.75,EM,True
2005-11-30,MXN,10.597332,146.87,8.76,4,EM,True
2005-12-31,MXN,10.676019,148.32,8.27,4.25,EM,True
2006-01-31,MXN,10.441987,148.44,7.77,4.5,EM,True
2006-02-28,MXN,10.458274,149.42,7.51,4.5,EM,True
2006-03-31,MXN,10.919035,145.36,7.27,4.75,EM,True
2006-04-30,MXN,11.117173,140.2,7.05,4.75,EM,True
2006-05-31,MXN,11.259559,137.09,7.02,5,EM,True
2006-06-30,MXN,11.312672,134.17,7.03,5.25,EM,True
2006-07-31,MXN,10.866374,139.19,7.03,5.25,EM,True
2006-08-31,MXN,10.87962,140.69,7.03,5.25,EM,True
2006-09-30,MXN,11.001817,141.22,7.05,5.25,EM,True
2006-10-31,MXN,10.757719,143.53,7.04,5.25,EM,True
2006-11-30,MXN,11.0075,143.45,7.05,5.25,EM,True
2006-12-31,MXN,10.850342,144,7.02,5.25,EM,True
2007-01-31,MXN,11.043693,143.86,7.02,5.25,EM,True
2007-02-28,MXN,11.15699,142.72,7.08,5.25,EM,True
2007-03-31,MXN,11.005106,140.09,7.04,5.25,EM,True
2007-04-30,MXN,10.931569,140.18,7.26,5.25,EM,True
2007-05-31,MXN,10.754107,140.61,7.3,5.25,EM,True
2007-06-30,MXN,10.807553,140.22,7.3,5.25,EM,True
2007-07-31,MXN,10.900927,140.3,7.29,5.25,EM,True
2007-08-31,MXN,11.043926,137.89,7.29,5.25,EM,True
2007-09-30,MXN,10.924677,137.94,7.28,4.75,EM,True
2007-10-31,MXN,10.714958,139.57,7.49,4.5,EM,True
2007-11-30,MXN,10.898042,138.01,7.51,4.5,EM,True
2007-12-31,MXN,10.918552,139.24,7.57,4.25,EM,True
2008-01-31,MXN,10.83302,137.74,7.5,3,EM,True
2008-02-29,MXN,10.705017,138.62,7.5,3,EM,True
2008-03-31,MXN,10.68701,137.77,7.5,2.25,EM,True
2008-04-30,MXN,10.527477,139.99,7.5,2,EM,True
2008-05-31,MXN,10.324026,140.37,7.5,2,EM,True
2008-06-30,MXN,10.295483,141.42,7.75,2,EM,True
2008-07-31,MXN,10.016975,142.64,8,2,EM,True
2008-08-31,MXN,10.254496,147.21,8.25,2,EM,True
2008-09-30,MXN,10.985528,142.42,8.25,2,EM,True
2008-10-31,MXN,12.675002,124.16,8.25,1,EM,True
2008-11-30,MXN,13.302035,124.13,8.25,1,EM,True
2008-12-31,MXN,13.820004,121.83,8.25,0.125,EM,True
2009-01-31,MXN,14.375,118,7.75,0.125,EM,True
2009-02-28,MXN,15.13888,113.25,7.5,0.125,EM,True
2009-03-31,MXN,14.098512,113.28,6.75,0.125,EM,True
2009-04-30,MXN,13.781544,122.61,6,0.125,EM,True
2009-05-31,MXN,13.075614,122.93,5.25,0.125,EM,True
2009-06-30,MXN,13.126999,120.55,4.75,0.125,EM,True
2009-07-31,MXN,13.203989,120.56,4.5,0.125,EM,True
2009-08-31,MXN,13.330017,123.17,4.5,0.125,EM,True
2009-09-30,MXN,13.484532,119.22,4.5,0.125,EM,True
2009-10-31,MXN,13.055,120.39,4.5,0.125,EM,True
2009-11-30,MXN,12.912468,121.63,4.5,0.125,EM,True
2009-12-31,MXN,13.135013,124.89,4.5,0.125,EM,True
2010-01-31,MXN,13.024989,126.5,4.5,0.125,EM,True
2010-02-28,MXN,12.796021,126.4,4.5,0.125,EM,True
2010-03-31,MXN,12.357964,130.44,4.5,0.125,EM,True
2010-04-30,MXN,12.201277,133.27,4.5,0.125,EM,True
2010-05-31,MXN,12.905013,128.71,4.5,0.125,EM,True
2010-06-30,MXN,12.823975,129.35,4.5,0.125,EM,True
2010-07-31,MXN,12.72183,127.42,4.5,0.125,EM,True
2010-08-31,MXN,13.235016,127.47,4.5,0.125,EM,True
2010-09-30,MXN,12.548212,126.75,4.5,0.125,EM,True
2010-10-31,MXN,12.379592,129.28,4.5,0.125,EM,True
2010-11-30,MXN,12.555008,131.51,4.5,0.125,EM,True
2010-12-31,MXN,12.383999,131.68,4.5,0.125,EM,True
2011-01-31,MXN,12.154324,134.05,4.5,0.125,EM,True
2011-02-28,MXN,12.097007,133.89,4.5,0.125,EM,True
2011-03-31,MXN,11.914971,133.33,4.5,0.125,EM,True
2011-04-30,MXN,11.519919,134.92,4.5,0.125,EM,True
2011-05-31,MXN,11.576017,134.12,4.5,0.125,EM,True
2011-06-30,MXN,11.746004,132.21,4.5,0.125,EM,True
2011-07-31,MXN,11.747405,133.98,4.5,0.125,EM,True
2011-08-31,MXN,12.470035,127.57,4.5,0.125,EM,True
2011-09-30,MXN,13.769977,121.01,4.5,0.125,EM,True
2011-10-31,MXN,13.129991,118.49,4.5,0.125,EM,True
2011-11-30,MXN,13.571993,117.86,4.5,0.125,EM,True
2011-12-31,MXN,13.951001,118.95,4.5,0.125,EM,True
2012-01-31,MXN,12.920006,122.13,4.5,0.125,EM,True
2012-02-29,MXN,12.790969,127.11,4.5,0.125,EM,True
2012-03-31,MXN,12.744984,127.33,4.5,0.125,EM,True
2012-04-30,MXN,12.983427,123.56,4.5,0.125,EM,True
2012-05-31,MXN,14.163025,118.93,4.5,0.125,EM,True
2012-06-30,MXN,13.403892,117.78,4.5,0.125,EM,True
2012-07-31,MXN,13.257571,123.64,4.5,0.125,EM,True
2012-08-31,MXN,13.303465,124.65,4.5,0.125,EM,True
2012-09-30,MXN,12.845012,126.18,4.5,0.125,EM,True
2012-10-31,MXN,13.059724,127.08,4.5,0.125,EM,True
2012-11-30,MXN,12.909903,126.74,4.5,0.125,EM,True
2012-12-31,MXN,13.024481,128.86,4.5,0.125,EM,True
2013-01-31,MXN,12.706494,130.74,4.5,0.125,EM,True
2013-02-28,MXN,12.76213,130.63,4.5,0.125,EM,True
2013-03-31,MXN,12.350332,134.23,4,0.125,EM,True
2013-04-30,MXN,12.194614,137.86,4,0.125,EM,True
2013-05-31,MXN,12.893126,136.31,4,0.125,EM,True
2013-06-30,MXN,13.028517,129.4,4,0.125,EM,True
2013-07-31,MXN,12.812505,131.64,4,0.125,EM,True
2013-08-31,MXN,13.310011,129.9,4,0.125,EM,True
2013-09-30,MXN,13.214513,128.29,3.75,0.125,EM,True
2013-10-31,MXN,12.956015,128.92,3.5,0.125,EM,True
2013-11-30,MXN,13.058776,130.22,3.5,0.125,EM,True
2013-12-31,MXN,13.104996,131.56,3.5,0.125,EM,True
2014-01-31,MXN,13.436964,130.68,3.5,0.125,EM,True
2014-02-28,MXN,13.254977,129.88,3.5,0.125,EM,True
2014-03-31,MXN,13.065492,130.69,3.5,0.125,EM,True
2014-04-30,MXN,13.107004,131.28,3.5,0.125,EM,True
2014-05-31,MXN,12.848754,131.74,3.5,0.125,EM,True
2014-06-30,MXN,12.968517,131.4,3,0.125,EM,True
2014-07-31,MXN,13.181478,131.63,3,0.125,EM,True
2014-08-31,MXN,13.092508,130.94,3,0.125,EM,True
2014-09-30,MXN,13.508464,131.29,3,0.125,EM,True
2014-10-31,MXN,13.471016,130.52,3,0.125,EM,True
2014-11-30,MXN,13.835536,131.62,3,0.125,EM,True
2014-12-31,MXN,14.716992,125.61,3,0.125,EM,True
2015-01-31,MXN,14.894471,125.33,3,0.125,EM,True
2015-02-28,MXN,15.010943,123.72,3,0.125,EM,True
2015-03-31,MXN,15.347523,122.21,3,0.125,EM,True
2015-04-30,MXN,15.237985,121.08,3,0.125,EM,True
2015-05-31,MXN,15.353965,119.29,3,0.125,EM,True
2015-06-30,MXN,15.670033,118.11,3,0.125,EM,True
2015-07-31,MXN,16.182456,115.44,3,0.125,EM,True
2015-08-31,MXN,16.864021,112.3,3,0.125,EM,True
2015-09-30,MXN,16.939034,111.15,3,0.125,EM,True
2015-10-31,MXN,16.565036,113.06,3,0.125,EM,True
2015-11-30,MXN,16.595992,114.3,3,0.125,EM,True
2015-12-31,MXN,17.373473,112.5,3.25,0.375,EM,True
2016-01-31,MXN,18.319963,107.4,3.25,0.375,EM,True
2016-02-29,MXN,18.185617,104.48,3.75,0.375,EM,True
2016-03-31,MXN,17.207115,108.35,3.75,0.375,EM,True
2016-04-30,MXN,17.15075,107.77,3.75,0.375,EM,True
2016-05-31,MXN,18.395643,103.63,3.75,0.375,EM,True
2016-06-30,MXN,18.586471,100.62,4.25,0.375,EM,True
2016-07-31,MXN,18.922703,101.73,4.25,0.375,EM,True
2016-08-31,MXN,18.812792,101.93,4.25,0.375,EM,True
2016-09-30,MXN,19.477556,98.65,4.75,0.375,EM,True
2016-10-31,MXN,18.924721,101.11,4.75,0.375,EM,True
2016-11-30,MXN,20.571227,96.89,5.25,0.375,EM,True
2016-12-31,MXN,20.654492,96,5.75,0.625,EM,True
2017-01-31,MXN,20.72106,93.12,5.75,0.625,EM,True
2017-02-28,MXN,19.892422,97.75,6.25,0.625,EM,True
2017-03-31,MXN,18.723693,103.36,6.5,0.875,EM,True
2017-04-30,MXN,18.984446,105.95,6.5,0.875,EM,True
2017-05-31,MXN,18.764727,105.42,6.75,0.875,EM,True
2017-06-30,MXN,18.037066,108.84,7,1.125,EM,True
2017-07-31,MXN,17.789716,110.67,7,1.125,EM,True
2017-08-31,MXN,17.830275,110.23,7,1.125,EM,True
2017-09-30,MXN,18.178384,109.45,7,1.125,EM,True
2017-10-31,MXN,19.158103,104.97,7,1.125,EM,True
2017-11-30,MXN,18.569922,105.3,7,1.125,EM,True
2017-12-31,MXN,19.729175,104.45,7.25,1.375,EM,True
2018-01-31,MXN,18.645099,104.56,7.25,1.375,EM,True
2018-02-28,MXN,18.784755,105.46,7.5,1.375,EM,True
2018-03-31,MXN,18.281714,105.9,7.5,1.625,EM,True
2018-04-30,MXN,18.708254,106.85,7.5,1.625,EM,True
2018-05-31,MXN,19.87016,101.03,7.5,1.625,EM,True
2018-06-30,MXN,19.627466,98.2,7.75,1.875,EM,True
2018-07-31,MXN,18.559986,106.13,7.75,1.875,EM,True
2018-08-31,MXN,19.193889,108.13,7.75,1.875,EM,True
2018-09-30,MXN,18.814789,107.46,7.75,2.125,EM,True
2018-10-31,MXN,20.235819,107.43,7.75,2.125,EM,True
2018-11-30,MXN,20.328374,103.03,8,2.125,EM,True
2018-12-31,MXN,19.643755,104.55,8.25,2.375,EM,True
2019-01-31,MXN,19.063283,109.1,8.25,2.375,EM,True
2019-02-28,MXN,19.189996,108.33,8.25,2.375,EM,True
2019-03-31,MXN,19.306631,108.22,8.25,2.375,EM,True
2019-04-30,MXN,18.972098,109.4,8.25,2.375,EM,True
2019-05-31,MXN,19.632499,108.71,8.25,2.375,EM,True
2019-06-30,MXN,19.174077,107.59,8.25,2.375,EM,True
2019-07-31,MXN,19.012196,109.12,8.25,2.375,EM,True
2019-08-31,MXN,20.076749,106.35,8,2.125,EM,True
2019-09-30,MXN,19.700799,107.24,7.75,1.875,EM,True
2019-10-31,MXN,19.120047,108.59,7.75,1.625,EM,True
2019-11-30,MXN,19.530413,109.37,7.5,1.625,EM,True
2019-12-31,MXN,18.889265,110.77,7.25,1.625,EM,True
2020-01-31,MXN,18.824104,112.44,7.25,1.625,EM,True
2020-02-29,MXN,19.711214,113.21,7,1.625,EM,True
2020-03-31,MXN,23.893027,96.16,6.5,0.125,EM,True
2020-04-30,MXN,23.717635,88.88,6,0.125,EM,True
2020-05-31,MXN,22.063578,92.51,5.5,0.125,EM,True
2020-06-30,MXN,23.171102,96.66,5,0.125,EM,True
2020-07-31,MXN,22.179271,95.82,5,0.125,EM,True
2020-08-31,MXN,21.824958,96.21,4.5,0.125,EM,True
2020-09-30,MXN,22.364879,98.32,4.25,0.125,EM,True
2020-10-31,MXN,21.235767,100.29,4.25,0.125,EM,True
2020-11-30,MXN,20.075042,104.02,4.25,0.125,EM,True
2020-12-31,MXN,19.897319,105.49,4.25,0.125,EM,True
2021-01-31,MXN,20.222231,105.84,4.25,0.125,EM,True
2021-02-28,MXN,20.862883,104,4,0.125,EM,True
2021-03-31,MXN,20.512239,102.87,4,0.125,EM,True
2021-04-30,MXN,20.058351,106.7,4,0.125,EM,True
2021-05-31,MXN,19.927137,106.09,4,0.125,EM,True
2021-06-30,MXN,19.840458,106.06,4.25,0.125,EM,True
2021-07-31,MXN,19.870238,107.3,4.25,0.125,EM,True
2021-08-31,MXN,20.100051,106.87,4.5,0.125,EM,True
2021-09-30,MXN,20.506002,107.39,4.5,0.125,EM,True
2021-10-31,MXN,20.442078,105.56,4.75,0.125,EM,True
2021-11-30,MXN,21.5664,104.45,5,0.125,EM,True
2021-12-31,MXN,20.434222,104.67,5.5,0.125,EM,True
2022-01-31,MXN,20.783076,106.59,5.5,0.125,EM,True
2022-02-28,MXN,20.449237,106.68,6,0.125,EM,True
2022-03-31,MXN,19.899378,106.91,6.5,0.375,EM,True
2022-04-30,MXN,20.320778,110.2,6.5,0.375,EM,True
2022-05-31,MXN,19.590217,111.73,7,0.875,EM,True
2022-06-30,MXN,20.183017,112.14,7.75,1.625,EM,True
2022-07-31,MXN,20.273093,110.93,7.75,2.375,EM,True
2022-08-31,MXN,20.2044,114.07,8.5,2.375,EM,True
2022-09-30,MXN,20.147005,116.7,9.25,3.125,EM,True
2022-10-31,MXN,19.883195,118.67,9.25,3.125,EM,True
2022-11-30,MXN,19.285948,121.44,10,3.875,EM,True
2022-12-31,MXN,19.553722,118.99,10.5,4.375,EM,True
2023-01-31,MXN,18.827749,121.44,10.5,4.375,EM,True
2023-02-28,MXN,18.314342,124.57,11,4.625,EM,True
2023-03-31,MXN,18.059034,126.54,11.25,4.875,EM,True
2023-04-30,MXN,18.047719,128.14,11.25,4.875,EM,True
2023-05-31,MXN,17.716278,130.9,11.25,5.125,EM,True
2023-06-30,MXN,17.082091,135.33,11.25,5.125,EM,True
2023-07-31,MXN,16.700354,138.01,11.25,5.375,EM,True
2023-08-31,MXN,16.734082,138.81,11.25,5.375,EM,True
2023-09-30,MXN,17.465547,137.42,11.25,5.375,EM,True
2023-10-31,MXN,18.038516,132.55,11.25,5.375,EM,True
2023-11-30,MXN,17.403257,137.78,11.25,5.375,EM,True
2023-12-31,MXN,16.943982,139.08,11.25,5.375,EM,True
2024-01-31,MXN,17.146535,141.49,11.25,5.375,EM,True
2024-02-29,MXN,17.085627,141.01,11.25,5.375,EM,True
2024-03-31,MXN,16.573767,143.61,11,5.375,EM,True
2024-04-30,MXN,16.970983,144.59,11,5.375,EM,True
2024-05-31,MXN,16.991062,143.93,11,5.375,EM,True
2024-06-30,MXN,18.27688,133.34,11,5.375,EM,True
2024-07-31,MXN,18.776967,135.16,11,5.375,EM,True
2024-08-31,MXN,19.624876,126.22,10.75,5.375,EM,True
2024-09-30,MXN,19.635763,122.43,10.5,4.875,EM,True
2024-10-31,MXN,20.041077,123.25,10.5,4.875,EM,True
2024-11-30,MXN,20.391024,121.4,10.25,4.625,EM,True
2024-12-31,MXN,20.743479,122.91,10,4.375,EM,True
2025-01-31,MXN,20.664774,121.41,10,4.375,EM,True
2025-02-28,MXN,20.381423,121.22,9.5,4.375,EM,True
2025-03-31,MXN,20.400092,122.16,9,4.375,EM,True
2025-04-30,MXN,19.521674,122.67,9,4.375,EM,True
2025-05-31,MXN,19.293236,125.88,8.5,4.375,EM,True
2025-06-30,MXN,18.848038,127.84,8,4.375,EM,True
2025-07-31,MXN,18.823607,129.98,8,4.375,EM,True
2025-08-31,MXN,18.69403,129.97,7.75,4.375,EM,True
2025-09-30,MXN,18.338642,131.2,7.5,4.125,EM,True
2025-10-31,MXN,18.546477,132.55,7.5,3.875,EM,True
2025-11-30,MXN,18.344112,133.89,7.25,3.875,EM,True
2025-12-31,MXN,17.972766,136.01,7,3.625,EM,True
2026-01-31,MXN,17.281567,139.28,7,3.625,EM,True
2026-02-28,MXN,17.212114,141.72,7,3.625,EM,True
2026-03-31,MXN,18.011915,138.94,6.75,3.625,EM,True
2026-04-30,MXN,17.516066,140.43,6.75,3.625,EM,True
2026-05-31,MXN,17.339832,140.46,6.5,3.625,EM,True
2026-06-30,MXN,17.467966,140.34,6.5,3.625,EM,True
2026-07-31,MXN,17.371528,,6.5,3.625,EM,True
1995-01-31,MYR,2.558,137.43,,5.5,EM,True
1995-02-28,MYR,2.5532,137.37,,6,EM,True
1995-03-31,MYR,2.531,133.25,,6,EM,True
1995-04-30,MYR,2.472,132.65,,6,EM,True
1995-05-31,MYR,2.465,134.38,,6,EM,True
1995-06-30,MYR,2.4378,135.47,,6,EM,True
1995-07-31,MYR,2.457,136.14,,5.75,EM,True
1995-08-31,MYR,2.495,138.06,,5.75,EM,True
1995-09-30,MYR,2.512,138.95,,5.75,EM,True
1995-10-31,MYR,2.5412,137.19,,5.75,EM,True
1995-11-30,MYR,2.537,137.84,7.14,5.75,EM,True
1995-12-31,MYR,2.54,138.6,7.15,5.5,EM,True
1996-01-31,MYR,2.56,139.48,7.08,5.25,EM,True
1996-02-29,MYR,2.549,140.22,7.1,5.25,EM,True
1996-03-31,MYR,2.5307,139.79,7.28,5.25,EM,True
1996-04-30,MYR,2.4935,142.14,7.35,5.25,EM,True
1996-05-31,MYR,2.498,143.51,7.41,5.25,EM,True
1996-06-30,MYR,2.4945,144.27,7.29,5.25,EM,True
1996-07-31,MYR,2.4962,145.02,7.33,5.25,EM,True
1996-08-31,MYR,2.4935,143.84,7.29,5.25,EM,True
1996-09-30,MYR,2.5065,144.3,7.34,5.25,EM,True
1996-10-31,MYR,2.5268,144.59,7.35,5.25,EM,True
1996-11-30,MYR,2.5275,143.32,7.4,5.25,EM,True
1996-12-31,MYR,2.526,144.46,7.35,5.25,EM,True
1997-01-31,MYR,2.4863,148.71,7.31,5.25,EM,True
1997-02-28,MYR,2.483,152.04,7.35,5.25,EM,True
1997-03-31,MYR,2.476,153.14,7.51,5.5,EM,True
1997-04-30,MYR,2.5107,151.41,7.43,5.5,EM,True
1997-05-31,MYR,2.5132,149.67,8.38,5.5,EM,True
1997-06-30,MYR,2.5245,147.51,7.52,5.5,EM,True
1997-07-31,MYR,2.639,146.18,7.84,5.5,EM,True
1997-08-31,MYR,2.92,139.6,8.3,5.5,EM,True
1997-09-30,MYR,3.2475,128.24,8.5,5.5,EM,True
1997-10-31,MYR,3.325,119.01,8.7,5.5,EM,True
1997-11-30,MYR,3.5125,118.26,10,5.5,EM,True
1997-12-31,MYR,3.885,110.88,8.7,5.5,EM,True
1998-01-31,MYR,4.23,99.52,10,5.5,EM,True
1998-02-28,MYR,3.705,113.61,11,5.5,EM,True
1998-03-31,MYR,3.66,115.68,11,5.5,EM,True
1998-04-30,MYR,3.755,115.31,11,5.5,EM,True
1998-05-31,MYR,3.8702,114.07,11,5.5,EM,True
1998-06-30,MYR,4.13,112.36,11,5.5,EM,True
1998-07-31,MYR,4.145,107.8,11,5.5,EM,True
1998-08-31,MYR,4.195,107.85,9.5,5.5,EM,True
1998-09-30,MYR,3.8,116.06,8,5.25,EM,True
1998-10-31,MYR,3.8,111.01,7.5,5,EM,True
1998-11-30,MYR,3.8,111.46,7,4.75,EM,True
1998-12-31,MYR,3.8,110.85,7,4.75,EM,True
1999-01-31,MYR,3.799104,111.61,7,4.75,EM,True
1999-02-28,MYR,3.80069,113.27,7,4.75,EM,True
1999-03-31,MYR,3.799479,114.79,7,4.75,EM,True
1999-04-30,MYR,3.799377,114.14,6.5,4.75,EM,True
1999-05-31,MYR,3.799637,114.68,6,4.75,EM,True
1999-06-30,MYR,3.799284,114.53,6,5,EM,True
1999-07-31,MYR,3.800729,114.38,6,5,EM,True
1999-08-31,MYR,3.800624,112.6,5.5,5.25,EM,True
1999-09-30,MYR,3.800188,111.65,5.5,5.25,EM,True
1999-10-31,MYR,3.801875,110.54,5.5,5.25,EM,True
1999-11-30,MYR,3.802714,111,5.5,5.5,EM,True
1999-12-31,MYR,3.797332,111.88,5.5,5.5,EM,True
2000-01-31,MYR,3.80145,111.72,5.5,5.5,EM,True
2000-02-29,MYR,3.799465,113.27,5.5,5.75,EM,True
2000-03-31,MYR,3.798597,112.86,5.5,6,EM,True
2000-04-30,MYR,3.795267,112.86,5.5,6,EM,True
2000-05-31,MYR,3.796302,115.1,5.5,6.5,EM,True
2000-06-30,MYR,3.798137,113.73,5.5,6.5,EM,True
2000-07-31,MYR,3.80515,114.67,5.5,6.5,EM,True
2000-08-31,MYR,3.803503,114.87,5.5,6.5,EM,True
2000-09-30,MYR,3.797832,115.32,5.5,6.5,EM,True
2000-10-31,MYR,3.798265,116.8,5.5,6.5,EM,True
2000-11-30,MYR,3.793643,117.63,5.5,6.5,EM,True
2000-12-31,MYR,3.802257,117.84,5.5,6.5,EM,True
2001-01-31,MYR,3.800387,118.27,5.5,5.5,EM,True
2001-02-28,MYR,3.800606,118.56,5.5,5.5,EM,True
2001-03-31,MYR,3.797894,120.38,5.5,5,EM,True
2001-04-30,MYR,3.800699,121.82,5.5,4.5,EM,True
2001-05-31,MYR,3.800472,121.44,5.5,4,EM,True
2001-06-30,MYR,3.800236,122.27,5.5,3.75,EM,True
2001-07-31,MYR,3.798972,122.93,5.5,3.75,EM,True
2001-08-31,MYR,3.798755,119.97,5.5,3.5,EM,True
2001-09-30,MYR,3.805607,119.24,5,3,EM,True
2001-10-31,MYR,3.799049,120.58,5,2.5,EM,True
2001-11-30,MYR,3.800292,122.38,5,2,EM,True
2001-12-31,MYR,3.798366,123.43,5,1.75,EM,True
2002-01-31,MYR,3.800509,124.76,5,1.75,EM,True
2002-02-28,MYR,3.799792,125.12,5,1.75,EM,True
2002-03-31,MYR,3.799633,125.14,5,1.75,EM,True
2002-04-30,MYR,3.800511,123.99,5,1.75,EM,True
2002-05-31,MYR,3.797699,121.9,5,1.75,EM,True
2002-06-30,MYR,3.800401,120.3,5,1.75,EM,True
2002-07-31,MYR,3.799857,118.38,5,1.75,EM,True
2002-08-31,MYR,3.798739,118.87,5,1.75,EM,True
2002-09-30,MYR,3.800203,119.32,5,1.75,EM,True
2002-10-31,MYR,3.800182,120.08,5,1.75,EM,True
2002-11-30,MYR,3.800242,118.99,5,1.25,EM,True
2002-12-31,MYR,3.80061,118.59,5,1.25,EM,True
2003-01-31,MYR,3.801036,116.78,5,1.25,EM,True
2003-02-28,MYR,3.801614,116.8,5,1.25,EM,True
2003-03-31,MYR,3.8,116.24,5,1.25,EM,True
2003-04-30,MYR,3.799479,116.45,5,1.25,EM,True
2003-05-31,MYR,3.802149,114.15,4.5,1.25,EM,True
2003-06-30,MYR,3.800735,114.09,4.5,1,EM,True
2003-07-31,MYR,3.80023,114.91,4.5,1,EM,True
2003-08-31,MYR,3.801409,115.16,4.5,1,EM,True
2003-09-30,MYR,3.800978,113.84,4.5,1,EM,True
2003-10-31,MYR,3.800895,111.79,4.5,1,EM,True
2003-11-30,MYR,3.800484,111.86,4.5,1,EM,True
2003-12-31,MYR,3.801979,110.63,4.5,1,EM,True
2004-01-31,MYR,3.799661,109.09,4.5,1,EM,True
2004-02-29,MYR,3.798679,108.59,4.5,1,EM,True
2004-03-31,MYR,3.800802,109.3,4.5,1,EM,True
2004-04-30,MYR,3.800201,109.19,2.7,1,EM,True
2004-05-31,MYR,3.802017,110.69,2.7,1,EM,True
2004-06-30,MYR,3.8,110.16,2.7,1.25,EM,True
2004-07-31,MYR,3.7999,109.92,2.7,1.25,EM,True
2004-08-31,MYR,3.800017,110.26,2.7,1.5,EM,True
2004-09-30,MYR,3.80079,109.99,2.7,1.75,EM,True
2004-10-31,MYR,3.800031,109.34,2.7,1.75,EM,True
2004-11-30,MYR,3.801053,107.34,2.7,2,EM,True
2004-12-31,MYR,3.803098,106.31,2.7,2.25,EM,True
2005-01-31,MYR,3.801304,106.81,2.7,2.25,EM,True
2005-02-28,MYR,3.799728,106.42,2.7,2.5,EM,True
2005-03-31,MYR,3.798982,105.7,2.7,2.75,EM,True
2005-04-30,MYR,3.799954,106.63,2.7,2.75,EM,True
2005-05-31,MYR,3.800016,107.65,2.7,3,EM,True
2005-06-30,MYR,3.80086,109.36,2.7,3.25,EM,True
2005-07-31,MYR,3.750269,110.36,2.7,3.25,EM,True
2005-08-31,MYR,3.77193,110.46,2.7,3.5,EM,True
2005-09-30,MYR,3.769224,110.21,2.7,3.75,EM,True
2005-10-31,MYR,3.774931,111.1,2.7,3.75,EM,True
2005-11-30,MYR,3.777466,112.5,3,4,EM,True
2005-12-31,MYR,3.779266,112,3,4.25,EM,True
2006-01-31,MYR,3.750536,110.81,3,4.5,EM,True
2006-02-28,MYR,3.715032,111.82,3.25,4.5,EM,True
2006-03-31,MYR,3.68308,113.8,3.25,4.75,EM,True
2006-04-30,MYR,3.624472,113.5,3.5,4.75,EM,True
2006-05-31,MYR,3.631023,113.1,3.5,5,EM,True
2006-06-30,MYR,3.674506,112.99,3.5,5.25,EM,True
2006-07-31,MYR,3.657006,112.65,3.5,5.25,EM,True
2006-08-31,MYR,3.681036,111.65,3.5,5.25,EM,True
2006-09-30,MYR,3.68752,112.19,3.5,5.25,EM,True
2006-10-31,MYR,3.652489,112.32,3.5,5.25,EM,True
2006-11-30,MYR,3.61803,112.56,3.5,5.25,EM,True
2006-12-31,MYR,3.529992,114.25,3.5,5.25,EM,True
2007-01-31,MYR,3.500463,117.01,3.5,5.25,EM,True
2007-02-28,MYR,3.50299,116.53,3.5,5.25,EM,True
2007-03-31,MYR,3.457501,115.4,3.5,5.25,EM,True
2007-04-30,MYR,3.421977,115.89,3.5,5.25,EM,True
2007-05-31,MYR,3.398498,116.76,3.5,5.25,EM,True
2007-06-30,MYR,3.452499,115.58,3.5,5.25,EM,True
2007-07-31,MYR,3.454512,114.35,3.5,5.25,EM,True
2007-08-31,MYR,3.501496,113.02,3.5,5.25,EM,True
2007-09-30,MYR,3.407504,112.28,3.5,4.75,EM,True
2007-10-31,MYR,3.335018,113.55,3.5,4.5,EM,True
2007-11-30,MYR,3.364474,112.74,3.5,4.5,EM,True
2007-12-31,MYR,3.306976,113.85,3.5,4.25,EM,True
2008-01-31,MYR,3.235508,114.91,3.5,3,EM,True
2008-02-29,MYR,3.194501,115.22,3.5,3,EM,True
2008-03-31,MYR,3.19852,113.96,3.5,2.25,EM,True
2008-04-30,MYR,3.159009,114.1,3.5,2,EM,True
2008-05-31,MYR,3.240005,113.28,3.5,2,EM,True
2008-06-30,MYR,3.267508,116.09,3.5,2,EM,True
2008-07-31,MYR,3.255973,116.45,3.5,2,EM,True
2008-08-31,MYR,3.393485,116.49,3.5,2,EM,True
2008-09-30,MYR,3.442495,114.28,3.5,2,EM,True
2008-10-31,MYR,3.550992,114.71,3.5,1,EM,True
2008-11-30,MYR,3.623478,114.15,3.25,1,EM,True
2008-12-31,MYR,3.452468,112.91,3.25,0.125,EM,True
2009-01-31,MYR,3.607522,112.32,2.5,0.125,EM,True
2009-02-28,MYR,3.705473,112.69,2,0.125,EM,True
2009-03-31,MYR,3.645476,111.9,2,0.125,EM,True
2009-04-30,MYR,3.56,111.95,2,0.125,EM,True
2009-05-31,MYR,3.487516,112.14,2,0.125,EM,True
2009-06-30,MYR,3.514999,111.36,2,0.125,EM,True
2009-07-31,MYR,3.522493,110.06,2,0.125,EM,True
2009-08-31,MYR,3.521511,110.04,2,0.125,EM,True
2009-09-30,MYR,3.460971,109.67,2,0.125,EM,True
2009-10-31,MYR,3.4125,111.15,2,0.125,EM,True
2009-11-30,MYR,3.392531,111.1,2,0.125,EM,True
2009-12-31,MYR,3.42399,111.03,2,0.125,EM,True
2010-01-31,MYR,3.410998,112.51,2,0.125,EM,True
2010-02-28,MYR,3.402727,111.74,2,0.125,EM,True
2010-03-31,MYR,3.261963,114.32,2.25,0.125,EM,True
2010-04-30,MYR,3.184529,118.13,2.25,0.125,EM,True
2010-05-31,MYR,3.261477,118.41,2.5,0.125,EM,True
2010-06-30,MYR,3.237715,119.06,2.5,0.125,EM,True
2010-07-31,MYR,3.180995,119.36,2.75,0.125,EM,True
2010-08-31,MYR,3.149527,120.05,2.75,0.125,EM,True
2010-09-30,MYR,3.084774,120.4,2.75,0.125,EM,True
2010-10-31,MYR,3.10962,117.37,2.75,0.125,EM,True
2010-11-30,MYR,3.167487,116.94,2.75,0.125,EM,True
2010-12-31,MYR,3.064661,117.67,2.75,0.125,EM,True
2011-01-31,MYR,3.059524,119.36,2.75,0.125,EM,True
2011-02-28,MYR,3.047998,119.33,2.75,0.125,EM,True
2011-03-31,MYR,3.02548,118.49,2.75,0.125,EM,True
2011-04-30,MYR,2.961978,117.84,2.75,0.125,EM,True
2011-05-31,MYR,3.012513,117.25,3,0.125,EM,True
2011-06-30,MYR,3.018474,116.8,3,0.125,EM,True
2011-07-31,MYR,2.966971,117.49,3,0.125,EM,True
2011-08-31,MYR,2.970311,117.19,3,0.125,EM,True
2011-09-30,MYR,3.192772,115.57,3,0.125,EM,True
2011-10-31,MYR,3.073495,114.52,3,0.125,EM,True
2011-11-30,MYR,3.174989,114.41,3,0.125,EM,True
2011-12-31,MYR,3.172965,114.99,3,0.125,EM,True
2012-01-31,MYR,3.045537,116.33,3,0.125,EM,True
2012-02-29,MYR,2.995983,118.25,3,0.125,EM,True
2012-03-31,MYR,3.063492,117.77,3,0.125,EM,True
2012-04-30,MYR,3.026033,116.88,3,0.125,EM,True
2012-05-31,MYR,3.175038,116.61,3,0.125,EM,True
2012-06-30,MYR,3.173948,115.08,3,0.125,EM,True
2012-07-31,MYR,3.130495,115.42,3,0.125,EM,True
2012-08-31,MYR,3.121085,116.37,3,0.125,EM,True
2012-09-30,MYR,3.062336,116.18,3,0.125,EM,True
2012-10-31,MYR,3.047564,116.77,3,0.125,EM,True
2012-11-30,MYR,3.039812,117.36,3,0.125,EM,True
2012-12-31,MYR,3.057981,116.94,3,0.125,EM,True
2013-01-31,MYR,3.105978,118.25,3,0.125,EM,True
2013-02-28,MYR,3.093686,116.42,3,0.125,EM,True
2013-03-31,MYR,3.096447,117.19,3,0.125,EM,True
2013-04-30,MYR,3.041922,119.81,3,0.125,EM,True
2013-05-31,MYR,3.096033,122,3,0.125,EM,True
2013-06-30,MYR,3.16055,117.15,3,0.125,EM,True
2013-07-31,MYR,3.250697,116.31,3,0.125,EM,True
2013-08-31,MYR,3.29082,112.87,3,0.125,EM,True
2013-09-30,MYR,3.265679,114.17,3,0.125,EM,True
2013-10-31,MYR,3.155414,116.01,3,0.125,EM,True
2013-11-30,MYR,3.2257,116.25,3,0.125,EM,True
2013-12-31,MYR,3.279023,115.14,3,0.125,EM,True
2014-01-31,MYR,3.347514,114.31,3,0.125,EM,True
2014-02-28,MYR,3.276985,113.91,3,0.125,EM,True
2014-03-31,MYR,3.261967,114.75,3,0.125,EM,True
2014-04-30,MYR,3.264404,115.16,3,0.125,EM,True
2014-05-31,MYR,3.216359,115.8,3,0.125,EM,True
2014-06-30,MYR,3.211012,116.58,3,0.125,EM,True
2014-07-31,MYR,3.196726,117.64,3.25,0.125,EM,True
2014-08-31,MYR,3.158022,118.41,3.25,0.125,EM,True
2014-09-30,MYR,3.283319,118.29,3.25,0.125,EM,True
2014-10-31,MYR,3.290482,118.13,3.25,0.125,EM,True
2014-11-30,MYR,3.391813,117.99,3.25,0.125,EM,True
2014-12-31,MYR,3.498312,114.94,3.25,0.125,EM,True
2015-01-31,MYR,3.635559,112.12,3.25,0.125,EM,True
2015-02-28,MYR,3.609964,111.18,3.25,0.125,EM,True
2015-03-31,MYR,3.706014,110.69,3.25,0.125,EM,True
2015-04-30,MYR,3.557289,112.45,3.25,0.125,EM,True
2015-05-31,MYR,3.664084,112.96,3.25,0.125,EM,True
2015-06-30,MYR,3.770221,110.03,3.25,0.125,EM,True
2015-07-31,MYR,3.831039,110.01,3.25,0.125,EM,True
2015-08-31,MYR,4.190638,104.19,3.25,0.125,EM,True
2015-09-30,MYR,4.394983,98.52,3.25,0.125,EM,True
2015-10-31,MYR,4.297903,99.34,3.25,0.125,EM,True
2015-11-30,MYR,4.260043,99.89,3.25,0.125,EM,True
2015-12-31,MYR,4.313309,100.85,3.25,0.375,EM,True
2016-01-31,MYR,4.147985,100.44,3.25,0.375,EM,True
2016-02-29,MYR,4.212895,102.59,3.25,0.375,EM,True
2016-03-31,MYR,3.871585,103.58,3.25,0.375,EM,True
2016-04-30,MYR,3.906516,106.94,3.25,0.375,EM,True
2016-05-31,MYR,4.118702,104.11,3.25,0.375,EM,True
2016-06-30,MYR,3.990362,103.18,3.25,0.375,EM,True
2016-07-31,MYR,4.067309,105.21,3,0.375,EM,True
2016-08-31,MYR,4.089023,104.4,3,0.375,EM,True
2016-09-30,MYR,4.134755,101.91,3,0.375,EM,True
2016-10-31,MYR,4.199708,101.54,3,0.375,EM,True
2016-11-30,MYR,4.466008,100.36,3,0.375,EM,True
2016-12-31,MYR,4.486007,99.23,3,0.625,EM,True
2017-01-31,MYR,4.426592,99.71,3,0.625,EM,True
2017-02-28,MYR,4.44003,100.14,3,0.625,EM,True
2017-03-31,MYR,4.425498,99.95,3,0.875,EM,True
2017-04-30,MYR,4.340988,99.78,3,0.875,EM,True
2017-05-31,MYR,4.280991,101.21,3,0.875,EM,True
2017-06-30,MYR,4.292499,101.03,3,1.125,EM,True
2017-07-31,MYR,4.281487,100.23,3,1.125,EM,True
2017-08-31,MYR,4.271121,99.86,3,1.125,EM,True
2017-09-30,MYR,4.220481,100.84,3,1.125,EM,True
2017-10-31,MYR,4.231999,101.2,3,1.125,EM,True
2017-11-30,MYR,4.090303,103.12,3,1.125,EM,True
2017-12-31,MYR,4.047027,104.79,3,1.375,EM,True
2018-01-31,MYR,3.899655,106.2,3.25,1.375,EM,True
2018-02-28,MYR,3.924185,105.78,3.25,1.375,EM,True
2018-03-31,MYR,3.86803,105.9,3.25,1.625,EM,True
2018-04-30,MYR,3.924911,106.45,3.25,1.625,EM,True
2018-05-31,MYR,3.979998,106.08,3.25,1.625,EM,True
2018-06-30,MYR,4.038429,104.86,3.25,1.875,EM,True
2018-07-31,MYR,4.058538,105.26,3.25,1.875,EM,True
2018-08-31,MYR,4.116986,104.85,3.25,1.875,EM,True
2018-09-30,MYR,4.137008,103.93,3.25,2.125,EM,True
2018-10-31,MYR,4.184485,104.21,3.25,2.125,EM,True
2018-11-30,MYR,4.184523,104.15,3.25,2.125,EM,True
2018-12-31,MYR,4.132489,104.28,3.25,2.375,EM,True
2019-01-31,MYR,4.090181,104.1,3.25,2.375,EM,True
2019-02-28,MYR,4.0685,104.63,3.25,2.375,EM,True
2019-03-31,MYR,4.079929,104.93,3.25,2.375,EM,True
2019-04-30,MYR,4.128543,103.84,3.25,2.375,EM,True
2019-05-31,MYR,4.19218,103.53,3,2.375,EM,True
2019-06-30,MYR,4.137258,103.38,3,2.375,EM,True
2019-07-31,MYR,4.126536,104.07,3,2.375,EM,True
2019-08-31,MYR,4.205509,103.81,3,2.125,EM,True
2019-09-30,MYR,4.186978,103.81,3,1.875,EM,True
2019-10-31,MYR,4.178501,103.19,3,1.625,EM,True
2019-11-30,MYR,4.177928,103.46,3,1.625,EM,True
2019-12-31,MYR,4.090529,103.46,3,1.625,EM,True
2020-01-31,MYR,4.098534,104.4,2.75,1.625,EM,True
2020-02-29,MYR,4.214539,103.38,2.75,1.625,EM,True
2020-03-31,MYR,4.320007,100.4,2.5,0.125,EM,True
2020-04-30,MYR,4.300018,97.88,2.5,0.125,EM,True
2020-05-31,MYR,4.347522,98.22,2,0.125,EM,True
2020-06-30,MYR,4.285497,99.07,2,0.125,EM,True
2020-07-31,MYR,4.239534,99.02,1.75,0.125,EM,True
2020-08-31,MYR,4.165494,99.71,1.75,0.125,EM,True
2020-09-30,MYR,4.155535,100,1.75,0.125,EM,True
2020-10-31,MYR,4.153531,99.42,1.75,0.125,EM,True
2020-11-30,MYR,4.07404,99.09,1.75,0.125,EM,True
2020-12-31,MYR,4.020862,99.41,1.75,0.125,EM,True
2021-01-31,MYR,4.042518,100.21,1.75,0.125,EM,True
2021-02-28,MYR,4.050491,99.95,1.75,0.125,EM,True
2021-03-31,MYR,4.146525,100.06,1.75,0.125,EM,True
2021-04-30,MYR,4.095514,99.85,1.75,0.125,EM,True
2021-05-31,MYR,4.124498,98.64,1.75,0.125,EM,True
2021-06-30,MYR,4.151464,98.59,1.75,0.125,EM,True
2021-07-31,MYR,4.219998,97.37,1.75,0.125,EM,True
2021-08-31,MYR,4.157005,96.8,1.75,0.125,EM,True
2021-09-30,MYR,4.186458,97.77,1.75,0.125,EM,True
2021-10-31,MYR,4.141005,98.57,1.75,0.125,EM,True
2021-11-30,MYR,4.202499,98.31,1.75,0.125,EM,True
2021-12-31,MYR,4.16599,98.1,1.75,0.125,EM,True
2022-01-31,MYR,4.185461,98.26,1.75,0.125,EM,True
2022-02-28,MYR,4.1985,97.67,1.75,0.125,EM,True
2022-03-31,MYR,4.204756,98.29,1.75,0.375,EM,True
2022-04-30,MYR,4.35351,97.73,1.75,0.375,EM,True
2022-05-31,MYR,4.378512,97.51,2,0.875,EM,True
2022-06-30,MYR,4.407529,97.63,2,1.625,EM,True
2022-07-31,MYR,4.45048,98.28,2.25,2.375,EM,True
2022-08-31,MYR,4.4755,97.77,2.25,2.375,EM,True
2022-09-30,MYR,4.636951,98.48,2.5,3.125,EM,True
2022-10-31,MYR,4.72796,97.03,2.5,3.125,EM,True
2022-11-30,MYR,4.447475,97.08,2.75,3.875,EM,True
2022-12-31,MYR,4.405025,98.7,2.75,4.375,EM,True
2023-01-31,MYR,4.265762,98.42,2.75,4.375,EM,True
2023-02-28,MYR,4.487522,98.06,2.75,4.625,EM,True
2023-03-31,MYR,4.412506,96.46,2.75,4.875,EM,True
2023-04-30,MYR,4.460523,96.73,2.75,4.875,EM,True
2023-05-31,MYR,4.615464,95.61,3,5.125,EM,True
2023-06-30,MYR,4.667495,94.27,3,5.125,EM,True
2023-07-31,MYR,4.509027,94.67,3,5.375,EM,True
2023-08-31,MYR,4.640044,95.22,3,5.375,EM,True
2023-09-30,MYR,4.695205,94.57,3,5.375,EM,True
2023-10-31,MYR,4.764479,93.9,3,5.375,EM,True
2023-11-30,MYR,4.659501,94.03,3,5.375,EM,True
2023-12-31,MYR,4.595023,93.41,3,5.375,EM,True
2024-01-31,MYR,4.729999,93.45,3,5.375,EM,True
2024-02-29,MYR,4.74552,92.21,3,5.375,EM,True
2024-03-31,MYR,4.732957,93.46,3,5.375,EM,True
2024-04-30,MYR,4.77048,93.65,3,5.375,EM,True
2024-05-31,MYR,4.706966,94.6,3,5.375,EM,True
2024-06-30,MYR,4.717515,95.17,3,5.375,EM,True
2024-07-31,MYR,4.594477,95.48,3,5.375,EM,True
2024-08-31,MYR,4.320465,98.89,3,5.375,EM,True
2024-09-30,MYR,4.123526,101.06,3,4.875,EM,True
2024-10-31,MYR,4.378974,101.43,3,4.875,EM,True
2024-11-30,MYR,4.444991,100.12,3,4.625,EM,True
2024-12-31,MYR,4.47146,100.27,3,4.375,EM,True
2025-01-31,MYR,4.455018,100.9,3,4.375,EM,True
2025-02-28,MYR,4.462492,100.75,3,4.375,EM,True
2025-03-31,MYR,4.43754,100.08,3,4.375,EM,True
2025-04-30,MYR,4.314956,99.74,3,4.375,EM,True
2025-05-31,MYR,4.25646,101.48,3,4.375,EM,True
2025-06-30,MYR,4.212031,101.08,3,4.375,EM,True
2025-07-31,MYR,4.264983,100.97,2.75,4.375,EM,True
2025-08-31,MYR,4.224996,101.64,2.75,4.375,EM,True
2025-09-30,MYR,4.2085,101.81,2.75,4.125,EM,True
2025-10-31,MYR,4.187987,102.16,2.75,3.875,EM,True
2025-11-30,MYR,4.132457,104.31,2.75,3.875,EM,True
2025-12-31,MYR,4.058043,105.41,2.75,3.625,EM,True
2026-01-31,MYR,3.946975,106.92,2.75,3.625,EM,True
2026-02-28,MYR,3.890978,108.8,2.75,3.625,EM,True
2026-03-31,MYR,4.048965,109.12,2.75,3.625,EM,True
2026-04-30,MYR,3.970005,107.92,2.75,3.625,EM,True
2026-05-31,MYR,3.96496,108.38,2.75,3.625,EM,True
2026-06-30,MYR,4.084957,105.96,2.75,3.625,EM,True
2026-07-31,MYR,4.086461,,2.75,3.625,EM,True
1995-01-31,NOK,6.626988,120.14,4.75,5.5,DM,True
1995-02-28,NOK,6.481998,120.89,4.75,6,DM,True
1995-03-31,NOK,6.194981,123.28,4.75,6,DM,True
1995-04-30,NOK,6.224493,122.25,4.75,6,DM,True
1995-05-31,NOK,6.173484,121.37,4.75,6,DM,True
1995-06-30,NOK,6.17448,121.8,4.75,6,DM,True
1995-07-31,NOK,6.111496,122.51,4.75,5.75,DM,True
1995-08-31,NOK,6.409027,121.73,4.75,5.75,DM,True
1995-09-30,NOK,6.270488,121.56,4.75,5.75,DM,True
1995-10-31,NOK,6.24151,122.05,4.75,5.75,DM,True
1995-11-30,NOK,6.339513,121.32,4.75,5.75,DM,True
1995-12-31,NOK,6.324507,120.39,4.75,5.5,DM,True
1996-01-31,NOK,6.526021,119.83,4.75,5.25,DM,True
1996-02-29,NOK,6.410982,120.14,4.75,5.25,DM,True
1996-03-31,NOK,6.409482,119.71,4.5,5.25,DM,True
1996-04-30,NOK,6.566992,119.48,4.5,5.25,DM,True
1996-05-31,NOK,6.557504,119.06,4.5,5.25,DM,True
1996-06-30,NOK,6.50348,119.3,4.5,5.25,DM,True
1996-07-31,NOK,6.351015,120.49,4.5,5.25,DM,True
1996-08-31,NOK,6.422483,120.4,4.5,5.25,DM,True
1996-09-30,NOK,6.512525,120.37,4.5,5.25,DM,True
1996-10-31,NOK,6.379489,120.61,4.5,5.25,DM,True
1996-11-30,NOK,6.408012,121.62,4,5.25,DM,True
1996-12-31,NOK,6.433028,121.32,4,5.25,DM,True
1997-01-31,NOK,6.467507,124.85,3.25,5.25,DM,True
1997-02-28,NOK,6.745486,125.67,3.25,5.25,DM,True
1997-03-31,NOK,6.647112,124.14,3.25,5.5,DM,True
1997-04-30,NOK,7.104009,121.09,3.25,5.5,DM,True
1997-05-31,NOK,7.096018,118.9,3.25,5.5,DM,True
1997-06-30,NOK,7.325516,117.06,3.25,5.5,DM,True
1997-07-31,NOK,7.596487,115.18,3.5,5.5,DM,True
1997-08-31,NOK,7.441524,115.02,3.5,5.5,DM,True
1997-09-30,NOK,7.093001,118.05,3.5,5.5,DM,True
1997-10-31,NOK,6.97801,121.04,3.5,5.5,DM,True
1997-11-30,NOK,7.186985,120.42,3.5,5.5,DM,True
1997-12-31,NOK,7.348023,120.51,3.5,5.5,DM,True
1998-01-31,NOK,7.565982,120.04,3.5,5.5,DM,True
1998-02-28,NOK,7.552523,118.52,3.5,5.5,DM,True
1998-03-31,NOK,7.609991,118.41,3.75,5.5,DM,True
1998-04-30,NOK,7.456493,118.14,3.75,5.5,DM,True
1998-05-31,NOK,7.543506,118.42,4.25,5.5,DM,True
1998-06-30,NOK,7.66747,118.06,4.5,5.5,DM,True
1998-07-31,NOK,7.545987,118.03,5,5.5,DM,True
1998-08-31,NOK,7.896485,116.55,8,5.5,DM,True
1998-09-30,NOK,7.410971,115.82,8,5.25,DM,True
1998-10-31,NOK,7.36651,114.71,8,5,DM,True
1998-11-30,NOK,7.484492,116.52,8,4.75,DM,True
1998-12-31,NOK,7.603514,113.75,8,4.75,DM,True
1999-01-31,NOK,7.535576,116.58,7.5,4.75,DM,True
1999-02-28,NOK,7.892993,115.51,7.5,4.75,DM,True
1999-03-31,NOK,7.770899,117.03,7,4.75,DM,True
1999-04-30,NOK,7.786638,118.7,6.5,4.75,DM,True
1999-05-31,NOK,7.878252,119.52,6.5,4.75,DM,True
1999-06-30,NOK,7.847115,119.14,6,5,DM,True
1999-07-31,NOK,7.793623,118.64,6,5,DM,True
1999-08-31,NOK,7.830795,117.39,6,5.25,DM,True
1999-09-30,NOK,7.764651,117.51,5.5,5.25,DM,True
1999-10-31,NOK,7.888644,117.65,5.5,5.25,DM,True
1999-11-30,NOK,8.046449,117.9,5.5,5.5,DM,True
1999-12-31,NOK,8.039518,117.99,5.5,5.5,DM,True
2000-01-31,NOK,8.25503,118.41,5.5,5.5,DM,True
2000-02-29,NOK,8.318406,117.74,5.5,5.75,DM,True
2000-03-31,NOK,8.466974,116.26,5.5,6,DM,True
2000-04-30,NOK,8.968079,114.67,5.75,6,DM,True
2000-05-31,NOK,8.927228,113.04,5.75,6.5,DM,True
2000-06-30,NOK,8.565299,114.63,6.25,6.5,DM,True
2000-07-31,NOK,8.870497,115.11,6.25,6.5,DM,True
2000-08-31,NOK,9.06636,114.64,6.75,6.5,DM,True
2000-09-30,NOK,9.156303,114.94,7,6.5,DM,True
2000-10-31,NOK,9.354283,114.63,7,6.5,DM,True
2000-11-30,NOK,9.272801,115.58,7,6.5,DM,True
2000-12-31,NOK,8.848469,115.45,7,6.5,DM,True
2001-01-31,NOK,8.829226,117.56,7,5.5,DM,True
2001-02-28,NOK,8.91436,118.18,7,5.5,DM,True
2001-03-31,NOK,9.122509,118.94,7,5,DM,True
2001-04-30,NOK,9.117283,119.08,7,4.5,DM,True
2001-05-31,NOK,9.351415,119.61,7,4,DM,True
2001-06-30,NOK,9.300118,119.83,7,3.75,DM,True
2001-07-31,NOK,9.120503,118.82,7,3.75,DM,True
2001-08-31,NOK,8.809238,118.97,7,3.5,DM,True
2001-09-30,NOK,8.881831,120.93,7,3,DM,True
2001-10-31,NOK,8.845941,120.81,7,2.5,DM,True
2001-11-30,NOK,8.935716,120.94,7,2,DM,True
2001-12-31,NOK,9.022467,120.25,6.5,1.75,DM,True
2002-01-31,NOK,9.078384,120.78,6.5,1.75,DM,True
2002-02-28,NOK,8.914576,122.24,6.5,1.75,DM,True
2002-03-31,NOK,8.829665,123.08,6.5,1.75,DM,True
2002-04-30,NOK,8.406972,124.64,6.5,1.75,DM,True
2002-05-31,NOK,7.966336,127.72,6.5,1.75,DM,True
2002-06-30,NOK,7.449123,131.43,6.5,1.75,DM,True
2002-07-31,NOK,7.591741,132.88,7,1.75,DM,True
2002-08-31,NOK,7.506865,131.45,7,1.75,DM,True
2002-09-30,NOK,7.44574,132.8,7,1.75,DM,True
2002-10-31,NOK,7.466545,133.47,7,1.75,DM,True
2002-11-30,NOK,7.33555,134.74,7,1.25,DM,True
2002-12-31,NOK,6.937732,136.7,6.5,1.25,DM,True
2003-01-31,NOK,6.889793,140.83,6,1.25,DM,True
2003-02-28,NOK,7.164719,136.93,6,1.25,DM,True
2003-03-31,NOK,7.250574,130.76,5.5,1.25,DM,True
2003-04-30,NOK,7.041596,129.79,5.5,1.25,DM,True
2003-05-31,NOK,6.66427,130.71,5,1.25,DM,True
2003-06-30,NOK,7.25781,125.77,4,1,DM,True
2003-07-31,NOK,7.210638,123.19,4,1,DM,True
2003-08-31,NOK,7.54736,123.13,3,1,DM,True
2003-09-30,NOK,7.023687,123.74,2.5,1,DM,True
2003-10-31,NOK,7.065049,124.06,2.5,1,DM,True
2003-11-30,NOK,6.805486,124.65,2.5,1,DM,True
2003-12-31,NOK,6.661995,125.37,2.25,1,DM,True
2004-01-31,NOK,7.040536,120.75,2,1,DM,True
2004-02-29,NOK,7.035755,118.21,2,1,DM,True
2004-03-31,NOK,6.901178,120.35,1.75,1,DM,True
2004-04-30,NOK,6.881225,122.62,1.75,1,DM,True
2004-05-31,NOK,6.72184,124.32,1.75,1,DM,True
2004-06-30,NOK,6.940765,123.16,1.75,1.25,DM,True
2004-07-31,NOK,6.993936,120.67,1.75,1.25,DM,True
2004-08-31,NOK,6.936669,122.27,1.75,1.5,DM,True
2004-09-30,NOK,6.721734,122.08,1.75,1.75,DM,True
2004-10-31,NOK,6.395933,124.48,1.75,1.75,DM,True
2004-11-30,NOK,6.096277,126.67,1.75,2,DM,True
2004-12-31,NOK,6.046913,125.63,1.75,2.25,DM,True
2005-01-31,NOK,6.336786,125.14,1.75,2.25,DM,True
2005-02-28,NOK,6.200498,122.44,1.75,2.5,DM,True
2005-03-31,NOK,6.329836,124.98,1.75,2.75,DM,True
2005-04-30,NOK,6.284634,125.01,1.75,2.75,DM,True
2005-05-31,NOK,6.438245,126.12,1.75,3,DM,True
2005-06-30,NOK,6.546064,127.81,1.75,3.25,DM,True
2005-07-31,NOK,6.521955,127.37,2,3.25,DM,True
2005-08-31,NOK,6.448598,127.52,2,3.5,DM,True
2005-09-30,NOK,6.541272,129.12,2,3.75,DM,True
2005-10-31,NOK,6.492556,128.25,2,3.75,DM,True
2005-11-30,NOK,6.773303,128.34,2.25,4,DM,True
2005-12-31,NOK,6.76867,125.56,2.25,4.25,DM,True
2006-01-31,NOK,6.67767,124.43,2.25,4.5,DM,True
2006-02-28,NOK,6.757053,124.19,2.25,4.5,DM,True
2006-03-31,NOK,6.582535,125.96,2.5,4.75,DM,True
2006-04-30,NOK,6.187286,129,2.5,4.75,DM,True
2006-05-31,NOK,6.073593,130.24,2.5,5,DM,True
2006-06-30,NOK,6.242429,129.11,2.75,5.25,DM,True
2006-07-31,NOK,6.157672,127.47,2.75,5.25,DM,True
2006-08-31,NOK,6.287059,126.4,3,5.25,DM,True
2006-09-30,NOK,6.504739,123.88,3,5.25,DM,True
2006-10-31,NOK,6.562697,121.41,3,5.25,DM,True
2006-11-30,NOK,6.186364,123.64,3.25,5.25,DM,True
2006-12-31,NOK,6.255125,124.47,3.5,5.25,DM,True
2007-01-31,NOK,6.289949,120.98,3.75,5.25,DM,True
2007-02-28,NOK,6.146393,124.27,3.75,5.25,DM,True
2007-03-31,NOK,6.096261,124.36,4,5.25,DM,True
2007-04-30,NOK,5.973172,124.3,4,5.25,DM,True
2007-05-31,NOK,6.035457,123.54,4.25,5.25,DM,True
2007-06-30,NOK,5.903369,124.54,4.5,5.25,DM,True
2007-07-31,NOK,5.806887,126.25,4.5,5.25,DM,True
2007-08-31,NOK,5.796425,125.64,4.75,5.25,DM,True
2007-09-30,NOK,5.443614,128.66,5,4.75,DM,True
2007-10-31,NOK,5.392815,130.83,5,4.5,DM,True
2007-11-30,NOK,5.496918,129.04,5,4.5,DM,True
2007-12-31,NOK,5.405883,129.04,5.25,4.25,DM,True
2008-01-31,NOK,5.431069,129.6,5.25,3,DM,True
2008-02-29,NOK,5.217907,129.18,5.25,3,DM,True
2008-03-31,NOK,5.091703,130.09,5.25,2.25,DM,True
2008-04-30,NOK,5.131274,130.26,5.5,2,DM,True
2008-05-31,NOK,5.099304,130.77,5.5,2,DM,True
2008-06-30,NOK,5.080563,128.29,5.75,2,DM,True
2008-07-31,NOK,5.137723,128.59,5.75,2,DM,True
2008-08-31,NOK,5.390906,128.13,5.75,2,DM,True
2008-09-30,NOK,5.82605,126.26,5.75,2,DM,True
2008-10-31,NOK,6.686525,119.01,4.75,1,DM,True
2008-11-30,NOK,7.008722,115.88,4.75,1,DM,True
2008-12-31,NOK,7.00582,112.25,3,0.125,DM,True
2009-01-31,NOK,6.934691,114.48,3,0.125,DM,True
2009-02-28,NOK,7.027839,120.34,2.5,0.125,DM,True
2009-03-31,NOK,6.680192,120.96,2,0.125,DM,True
2009-04-30,NOK,6.572128,120.76,2,0.125,DM,True
2009-05-31,NOK,6.297702,120.91,1.5,0.125,DM,True
2009-06-30,NOK,6.380359,120.47,1.25,0.125,DM,True
2009-07-31,NOK,6.164238,119.98,1.25,0.125,DM,True
2009-08-31,NOK,6.030689,122.51,1.25,0.125,DM,True
2009-09-30,NOK,5.777505,124.87,1.25,0.125,DM,True
2009-10-31,NOK,5.669932,128.74,1.5,0.125,DM,True
2009-11-30,NOK,5.666312,128.07,1.5,0.125,DM,True
2009-12-31,NOK,5.761488,127.62,1.75,0.125,DM,True
2010-01-31,NOK,5.879994,129.74,1.75,0.125,DM,True
2010-02-28,NOK,5.927413,129.89,1.75,0.125,DM,True
2010-03-31,NOK,5.945174,129.82,1.75,0.125,DM,True
2010-04-30,NOK,5.891476,130.44,1.75,0.125,DM,True
2010-05-31,NOK,6.4508,127.95,2,0.125,DM,True
2010-06-30,NOK,6.497026,126.43,2,0.125,DM,True
2010-07-31,NOK,6.094949,125.37,2,0.125,DM,True
2010-08-31,NOK,6.32847,125.79,2,0.125,DM,True
2010-09-30,NOK,5.838218,126.46,2,0.125,DM,True
2010-10-31,NOK,5.911814,125.47,2,0.125,DM,True
2010-11-30,NOK,6.224804,124.07,2,0.125,DM,True
2010-12-31,NOK,5.837449,126.83,2,0.125,DM,True
2011-01-31,NOK,5.789512,127.12,2,0.125,DM,True
2011-02-28,NOK,5.572503,127.51,2,0.125,DM,True
2011-03-31,NOK,5.513479,128.18,2,0.125,DM,True
2011-04-30,NOK,5.236878,129.9,2,0.125,DM,True
2011-05-31,NOK,5.393813,128.17,2.25,0.125,DM,True
2011-06-30,NOK,5.388155,128.44,2.25,0.125,DM,True
2011-07-31,NOK,5.425666,128.43,2.25,0.125,DM,True
2011-08-31,NOK,5.356055,127.62,2.25,0.125,DM,True
2011-09-30,NOK,5.841665,128.33,2.25,0.125,DM,True
2011-10-31,NOK,5.500679,127.78,2.25,0.125,DM,True
2011-11-30,NOK,5.778059,126.66,2.25,0.125,DM,True
2011-12-31,NOK,5.992735,125.7,1.75,0.125,DM,True
2012-01-31,NOK,5.810565,125.15,1.75,0.125,DM,True
2012-02-29,NOK,5.534851,128.27,1.75,0.125,DM,True
2012-03-31,NOK,5.693321,127.87,1.5,0.125,DM,True
2012-04-30,NOK,5.742016,126.78,1.5,0.125,DM,True
2012-05-31,NOK,6.065871,126.3,1.5,0.125,DM,True
2012-06-30,NOK,5.98332,125.49,1.5,0.125,DM,True
2012-07-31,NOK,6.041599,124.91,1.5,0.125,DM,True
2012-08-31,NOK,5.78265,125.71,1.5,0.125,DM,True
2012-09-30,NOK,5.699536,126.84,1.5,0.125,DM,True
2012-10-31,NOK,5.684215,127.69,1.5,0.125,DM,True
2012-11-30,NOK,5.679963,128.62,1.5,0.125,DM,True
2012-12-31,NOK,5.569425,129.5,1.5,0.125,DM,True
2013-01-31,NOK,5.487085,130.13,1.5,0.125,DM,True
2013-02-28,NOK,5.702643,130.04,1.5,0.125,DM,True
2013-03-31,NOK,5.866458,127.56,1.5,0.125,DM,True
2013-04-30,NOK,5.819691,127.64,1.5,0.125,DM,True
2013-05-31,NOK,5.854221,127.59,1.5,0.125,DM,True
2013-06-30,NOK,6.027905,125.46,1.5,0.125,DM,True
2013-07-31,NOK,5.925047,123.77,1.5,0.125,DM,True
2013-08-31,NOK,6.112958,123.3,1.5,0.125,DM,True
2013-09-30,NOK,6.008145,122.64,1.5,0.125,DM,True
2013-10-31,NOK,5.940913,121.25,1.5,0.125,DM,True
2013-11-30,NOK,6.112703,120.24,1.5,0.125,DM,True
2013-12-31,NOK,6.0641,117.86,1.5,0.125,DM,True
2014-01-31,NOK,6.296981,118.4,1.5,0.125,DM,True
2014-02-28,NOK,5.990733,119.15,1.5,0.125,DM,True
2014-03-31,NOK,5.98709,120.79,1.5,0.125,DM,True
2014-04-30,NOK,5.972563,121.45,1.5,0.125,DM,True
2014-05-31,NOK,5.984052,122.48,1.5,0.125,DM,True
2014-06-30,NOK,6.152804,120.62,1.5,0.125,DM,True
2014-07-31,NOK,6.282233,119.28,1.5,0.125,DM,True
2014-08-31,NOK,6.177207,120.09,1.5,0.125,DM,True
2014-09-30,NOK,6.452356,120.38,1.5,0.125,DM,True
2014-10-31,NOK,6.778984,118.15,1.5,0.125,DM,True
2014-11-30,NOK,6.967476,115.96,1.5,0.125,DM,True
2014-12-31,NOK,7.447492,109.97,1.25,0.125,DM,True
2015-01-31,NOK,7.813799,109.15,1.25,0.125,DM,True
2015-02-28,NOK,7.628114,111.77,1.25,0.125,DM,True
2015-03-31,NOK,8.089506,109.03,1.25,0.125,DM,True
2015-04-30,NOK,7.476148,110.24,1.25,0.125,DM,True
2015-05-31,NOK,7.781222,113.05,1.25,0.125,DM,True
2015-06-30,NOK,7.856824,109.58,1,0.125,DM,True
2015-07-31,NOK,8.207805,107.1,1,0.125,DM,True
2015-08-31,NOK,8.344628,105.52,1,0.125,DM,True
2015-09-30,NOK,8.501741,105.23,0.75,0.125,DM,True
2015-10-31,NOK,8.525914,105.43,0.75,0.125,DM,True
2015-11-30,NOK,8.69033,104.67,0.75,0.125,DM,True
2015-12-31,NOK,8.820612,102.83,0.75,0.375,DM,True
2016-01-31,NOK,8.68544,103.51,0.75,0.375,DM,True
2016-02-29,NOK,8.729151,104.89,0.75,0.375,DM,True
2016-03-31,NOK,8.269214,105.52,0.5,0.375,DM,True
2016-04-30,NOK,8.081207,107.32,0.5,0.375,DM,True
2016-05-31,NOK,8.355747,107.98,0.5,0.375,DM,True
2016-06-30,NOK,8.37759,108.09,0.5,0.375,DM,True
2016-07-31,NOK,8.556825,108.54,0.5,0.375,DM,True
2016-08-31,NOK,8.333184,108.77,0.5,0.375,DM,True
2016-09-30,NOK,8.051698,110.34,0.5,0.375,DM,True
2016-10-31,NOK,8.2537,113.1,0.5,0.375,DM,True
2016-11-30,NOK,8.480489,112.48,0.5,0.375,DM,True
2016-12-31,NOK,8.61996,111.39,0.5,0.625,DM,True
2017-01-31,NOK,8.264063,111.75,0.5,0.625,DM,True
2017-02-28,NOK,8.369633,112.96,0.5,0.625,DM,True
2017-03-31,NOK,8.575718,110.53,0.5,0.875,DM,True
2017-04-30,NOK,8.530924,108.95,0.5,0.875,DM,True
2017-05-31,NOK,8.411728,108.1,0.5,0.875,DM,True
2017-06-30,NOK,8.387049,107.95,0.5,1.125,DM,True
2017-07-31,NOK,7.934681,110.16,0.5,1.125,DM,True
2017-08-31,NOK,7.846934,110.82,0.5,1.125,DM,True
2017-09-30,NOK,7.972641,110.91,0.5,1.125,DM,True
2017-10-31,NOK,8.183365,109.85,0.5,1.125,DM,True
2017-11-30,NOK,8.304329,107.77,0.5,1.125,DM,True
2017-12-31,NOK,8.205036,105.27,0.5,1.375,DM,True
2018-01-31,NOK,7.676005,107.73,0.5,1.375,DM,True
2018-02-28,NOK,7.87236,108.36,0.5,1.375,DM,True
2018-03-31,NOK,7.85407,109.62,0.5,1.625,DM,True
2018-04-30,NOK,7.999007,109.45,0.5,1.625,DM,True
2018-05-31,NOK,8.152406,108.9,0.5,1.625,DM,True
2018-06-30,NOK,8.158775,110.62,0.5,1.875,DM,True
2018-07-31,NOK,8.123551,112.05,0.5,1.875,DM,True
2018-08-31,NOK,8.338168,110.4,0.5,1.875,DM,True
2018-09-30,NOK,8.177695,111,0.75,2.125,DM,True
2018-10-31,NOK,8.44036,111.65,0.75,2.125,DM,True
2018-11-30,NOK,8.574698,110.1,0.75,2.125,DM,True
2018-12-31,NOK,8.688472,107.93,0.75,2.375,DM,True
2019-01-31,NOK,8.410776,108.24,0.75,2.375,DM,True
2019-02-28,NOK,8.520322,108.65,0.75,2.375,DM,True
2019-03-31,NOK,8.597241,108.42,1,2.375,DM,True
2019-04-30,NOK,8.618114,109.43,1,2.375,DM,True
2019-05-31,NOK,8.780827,107.96,1,2.375,DM,True
2019-06-30,NOK,8.518278,108.44,1.25,2.375,DM,True
2019-07-31,NOK,8.768541,109.79,1.25,2.375,DM,True
2019-08-31,NOK,9.095687,106.12,1.25,2.125,DM,True
2019-09-30,NOK,9.087428,106.41,1.5,1.875,DM,True
2019-10-31,NOK,9.191321,104.26,1.5,1.625,DM,True
2019-11-30,NOK,9.200965,104.1,1.5,1.625,DM,True
2019-12-31,NOK,8.78031,104.31,1.5,1.625,DM,True
2020-01-31,NOK,9.219417,105.3,1.5,1.625,DM,True
2020-02-29,NOK,9.464152,102.55,1.5,1.625,DM,True
2020-03-31,NOK,10.505659,93.96,0.25,0.125,DM,True
2020-04-30,NOK,10.283192,94.18,0.25,0.125,DM,True
2020-05-31,NOK,9.6875,96.89,0,0.125,DM,True
2020-06-30,NOK,9.744597,99.85,0,0.125,DM,True
2020-07-31,NOK,9.058322,101.45,0,0.125,DM,True
2020-08-31,NOK,8.756281,102.68,0,0.125,DM,True
2020-09-30,NOK,9.48138,101.08,0,0.125,DM,True
2020-10-31,NOK,9.483672,99.74,0,0.125,DM,True
2020-11-30,NOK,8.815526,100.14,0,0.125,DM,True
2020-12-31,NOK,8.532556,102.19,0,0.125,DM,True
2021-01-31,NOK,8.522577,104.73,0,0.125,DM,True
2021-02-28,NOK,8.58114,105.5,0,0.125,DM,True
2021-03-31,NOK,8.524947,106.3,0,0.125,DM,True
2021-04-30,NOK,8.238123,107.76,0,0.125,DM,True
2021-05-31,NOK,8.374969,106.93,0,0.125,DM,True
2021-06-30,NOK,8.559155,106.12,0,0.125,DM,True
2021-07-31,NOK,8.78017,104.27,0,0.125,DM,True
2021-08-31,NOK,8.669934,103.21,0,0.125,DM,True
2021-09-30,NOK,8.778824,106.34,0.25,0.125,DM,True
2021-10-31,NOK,8.372263,108.57,0.25,0.125,DM,True
2021-11-30,NOK,9.046467,106.9,0.25,0.125,DM,True
2021-12-31,NOK,8.819354,105.49,0.5,0.125,DM,True
2022-01-31,NOK,8.971406,105.1,0.5,0.125,DM,True
2022-02-28,NOK,8.881597,105.19,0.5,0.125,DM,True
2022-03-31,NOK,8.747861,107.34,0.75,0.375,DM,True
2022-04-30,NOK,9.252846,107.9,0.75,0.375,DM,True
2022-05-31,NOK,9.426211,102.18,0.75,0.875,DM,True
2022-06-30,NOK,9.962934,100.85,1.25,1.625,DM,True
2022-07-31,NOK,9.685527,102,1.25,2.375,DM,True
2022-08-31,NOK,9.9388,104.51,1.75,2.375,DM,True
2022-09-30,NOK,10.857407,102.15,2.25,3.125,DM,True
2022-10-31,NOK,10.392173,100.18,2.25,3.125,DM,True
2022-11-30,NOK,9.89283,101.13,2.5,3.875,DM,True
2022-12-31,NOK,9.857304,100.56,2.75,4.375,DM,True
2023-01-31,NOK,10.06951,98.18,2.75,4.375,DM,True
2023-02-28,NOK,10.331764,95.81,2.75,4.625,DM,True
2023-03-31,NOK,10.477241,93.58,3,4.875,DM,True
2023-04-30,NOK,10.737638,93.08,3,4.875,DM,True
2023-05-31,NOK,11.237012,91.68,3.25,5.125,DM,True
2023-06-30,NOK,10.771213,92.86,3.75,5.125,DM,True
2023-07-31,NOK,10.142883,96.72,3.75,5.375,DM,True
2023-08-31,NOK,10.655134,95.23,4,5.375,DM,True
2023-09-30,NOK,10.622522,94.38,4.25,5.375,DM,True
2023-10-31,NOK,11.181373,93.28,4.25,5.375,DM,True
2023-11-30,NOK,10.7218,92.78,4.25,5.375,DM,True
2023-12-31,NOK,10.172398,94.32,4.5,5.375,DM,True
2024-01-31,NOK,10.474301,96.05,4.5,5.375,DM,True
2024-02-29,NOK,10.615186,95.09,4.5,5.375,DM,True
2024-03-31,NOK,10.821386,94.27,4.5,5.375,DM,True
2024-04-30,NOK,11.023512,93.51,4.5,5.375,DM,True
2024-05-31,NOK,10.489311,94.03,4.5,5.375,DM,True
2024-06-30,NOK,10.64596,95.36,4.5,5.375,DM,True
2024-07-31,NOK,10.913835,93.63,4.5,5.375,DM,True
2024-08-31,NOK,10.518625,92.07,4.5,5.375,DM,True
2024-09-30,NOK,10.507771,92.17,4.5,4.875,DM,True
2024-10-31,NOK,10.970869,92.2,4.5,4.875,DM,True
2024-11-30,NOK,11.058985,92.86,4.5,4.625,DM,True
2024-12-31,NOK,11.353355,92.08,4.5,4.375,DM,True
2025-01-31,NOK,11.293467,91.94,4.5,4.375,DM,True
2025-02-28,NOK,11.261646,93.07,4.5,4.375,DM,True
2025-03-31,NOK,10.552936,94,4.5,4.375,DM,True
2025-04-30,NOK,10.383364,93.3,4.5,4.375,DM,True
2025-05-31,NOK,10.17797,95.23,4.5,4.375,DM,True
2025-06-30,NOK,10.097696,96.03,4.25,4.375,DM,True
2025-07-31,NOK,10.286563,94.94,4.25,4.375,DM,True
2025-08-31,NOK,10.075914,94.19,4.25,4.375,DM,True
2025-09-30,NOK,9.98765,96.05,4,4.125,DM,True
2025-10-31,NOK,10.08179,95.73,4,3.875,DM,True
2025-11-30,NOK,10.171624,95.39,4,3.875,DM,True
2025-12-31,NOK,10.079149,94.66,4,3.625,DM,True
2026-01-31,NOK,9.554912,96.23,4,3.625,DM,True
2026-02-28,NOK,9.494706,99.04,4,3.625,DM,True
2026-03-31,NOK,9.751696,99.87,4,3.625,DM,True
2026-04-30,NOK,9.325158,101.08,4,3.625,DM,True
2026-05-31,NOK,9.252405,103.19,4.25,3.625,DM,True
2026-06-30,NOK,9.926716,100.52,4.25,3.625,DM,True
2026-07-31,NOK,9.527209,,4.25,3.625,DM,True
1995-01-31,NZD,1.564452,93.12,8.3,5.5,DM,True
1995-02-28,NZD,1.578031,92.44,9,6,DM,True
1995-03-31,NZD,1.536565,92.47,9,6,DM,True
1995-04-30,NZD,1.486545,93.3,8.9,6,DM,True
1995-05-31,NZD,1.504437,93.95,9.05,6,DM,True
1995-06-30,NZD,1.495882,94.19,9,6,DM,True
1995-07-31,NZD,1.484782,95.01,8.9,5.75,DM,True
1995-08-31,NZD,1.534216,94.12,9.65,5.75,DM,True
1995-09-30,NZD,1.518601,94.59,9.45,5.75,DM,True
1995-10-31,NZD,1.514696,94.58,8.35,5.75,DM,True
1995-11-30,NZD,1.52976,94.55,8.5,5.75,DM,True
1995-12-31,NZD,1.529759,94.62,9,5.5,DM,True
1996-01-31,NZD,1.490321,96.98,8.45,5.25,DM,True
1996-02-29,NZD,1.485438,98.42,9.1,5.25,DM,True
1996-03-31,NZD,1.471017,98.81,9.15,5.25,DM,True
1996-04-30,NZD,1.456665,98.72,9.55,5.25,DM,True
1996-05-31,NZD,1.469508,99.02,9.5,5.25,DM,True
1996-06-30,NZD,1.459636,98.29,9.8,5.25,DM,True
1996-07-31,NZD,1.447597,100.32,10,5.25,DM,True
1996-08-31,NZD,1.447174,100.05,9.9,5.25,DM,True
1996-09-30,NZD,1.428577,101.33,10.05,5.25,DM,True
1996-10-31,NZD,1.414428,102.67,9.45,5.25,DM,True
1996-11-30,NZD,1.409644,103.58,9.4,5.25,DM,True
1996-12-31,NZD,1.412637,103.31,7.9,5.25,DM,True
1997-01-31,NZD,1.452434,104.14,7.4,5.25,DM,True
1997-02-28,NZD,1.444454,104.15,7.4,5.25,DM,True
1997-03-31,NZD,1.44092,104.82,7.5,5.5,DM,True
1997-04-30,NZD,1.441343,104.35,6.35,5.5,DM,True
1997-05-31,NZD,1.44928,103.45,7,5.5,DM,True
1997-06-30,NZD,1.476452,103.12,6.55,5.5,DM,True
1997-07-31,NZD,1.54511,100.7,8.1,5.5,DM,True
1997-08-31,NZD,1.564464,99.21,7.8,5.5,DM,True
1997-09-30,NZD,1.560548,99.04,7.5,5.5,DM,True
1997-10-31,NZD,1.605651,99.37,7.5,5.5,DM,True
1997-11-30,NZD,1.621,99.36,6.9,5.5,DM,True
1997-12-31,NZD,1.715561,98.07,8.35,5.5,DM,True
1998-01-31,NZD,1.721758,97.98,8.6,5.5,DM,True
1998-02-28,NZD,1.704459,96.48,8.9,5.5,DM,True
1998-03-31,NZD,1.805051,94.76,10.1,5.5,DM,True
1998-04-30,NZD,1.802771,91.99,9,5.5,DM,True
1998-05-31,NZD,1.871612,90.69,8.65,5.5,DM,True
1998-06-30,NZD,1.932731,88.7,8.45,5.5,DM,True
1998-07-31,NZD,1.949692,89.78,6.9,5.5,DM,True
1998-08-31,NZD,2.017752,88.37,6,5.5,DM,True
1998-09-30,NZD,1.992028,86.48,4.5,5.25,DM,True
1998-10-31,NZD,1.887861,85.52,3.85,5,DM,True
1998-11-30,NZD,1.891074,86.6,2.9,4.75,DM,True
1998-12-31,NZD,1.893225,84.64,3.85,4.75,DM,True
1999-01-31,NZD,1.854093,86.35,2.75,4.75,DM,True
1999-02-28,NZD,1.912416,88.01,4.3,4.75,DM,True
1999-03-31,NZD,1.884472,87.37,4.5,4.75,DM,True
1999-04-30,NZD,1.789374,88.6,4.5,4.75,DM,True
1999-05-31,NZD,1.867923,89.74,4.5,4.75,DM,True
1999-06-30,NZD,1.878776,87.04,4.5,5,DM,True
1999-07-31,NZD,1.885917,86.05,4.5,5,DM,True
1999-08-31,NZD,1.933132,85.25,4.5,5.25,DM,True
1999-09-30,NZD,1.936146,83.8,4.5,5.25,DM,True
1999-10-31,NZD,1.969674,81.84,4.5,5.25,DM,True
1999-11-30,NZD,1.956918,82.16,5,5.5,DM,True
1999-12-31,NZD,1.926837,81.51,5,5.5,DM,True
2000-01-31,NZD,2.027168,82.05,5.25,5.5,DM,True
2000-02-29,NZD,2.057443,80.01,5.25,5.75,DM,True
2000-03-31,NZD,2.023239,80.58,5.75,6,DM,True
2000-04-30,NZD,2.06197,82.15,6,6,DM,True
2000-05-31,NZD,2.181554,79.44,6.5,6.5,DM,True
2000-06-30,NZD,2.125366,78.44,6.5,6.5,DM,True
2000-07-31,NZD,2.205561,77.47,6.5,6.5,DM,True
2000-08-31,NZD,2.335616,75.67,6.5,6.5,DM,True
2000-09-30,NZD,2.454079,72.29,6.5,6.5,DM,True
2000-10-31,NZD,2.537127,70.96,6.5,6.5,DM,True
2000-11-30,NZD,2.462805,71.31,6.5,6.5,DM,True
2000-12-31,NZD,2.269747,75.47,6.5,6.5,DM,True
2001-01-31,NZD,2.271925,77.5,6.5,5.5,DM,True
2001-02-28,NZD,2.315636,76.47,6.5,5.5,DM,True
2001-03-31,NZD,2.486639,75.39,6.25,5,DM,True
2001-04-30,NZD,2.437697,74.04,6,4.5,DM,True
2001-05-31,NZD,2.432547,76.43,5.75,4,DM,True
2001-06-30,NZD,2.481722,75.79,5.75,3.75,DM,True
2001-07-31,NZD,2.433352,75.32,5.75,3.75,DM,True
2001-08-31,NZD,2.268508,77.8,5.75,3.5,DM,True
2001-09-30,NZD,2.452634,75.81,5.25,3,DM,True
2001-10-31,NZD,2.425348,75.72,5.25,2.5,DM,True
2001-11-30,NZD,2.398067,76.23,4.75,2,DM,True
2001-12-31,NZD,2.407239,76.65,4.75,1.75,DM,True
2002-01-31,NZD,2.398981,78.73,4.75,1.75,DM,True
2002-02-28,NZD,2.378453,78.2,4.75,1.75,DM,True
2002-03-31,NZD,2.272467,80.06,5,1.75,DM,True
2002-04-30,NZD,2.238344,81.43,5.25,1.75,DM,True
2002-05-31,NZD,2.071056,83.32,5.5,1.75,DM,True
2002-06-30,NZD,2.044812,86.7,5.5,1.75,DM,True
2002-07-31,NZD,2.124911,84.4,5.75,1.75,DM,True
2002-08-31,NZD,2.132615,82.29,5.75,1.75,DM,True
2002-09-30,NZD,2.123327,83.43,5.75,1.75,DM,True
2002-10-31,NZD,2.068633,85.85,5.75,1.75,DM,True
2002-11-30,NZD,2.0137,87.54,5.75,1.25,DM,True
2002-12-31,NZD,1.904739,89.52,5.75,1.25,DM,True
2003-01-31,NZD,1.83247,92.57,5.75,1.25,DM,True
2003-02-28,NZD,1.791319,93.99,5.75,1.25,DM,True
2003-03-31,NZD,1.810096,93.56,5.75,1.25,DM,True
2003-04-30,NZD,1.7878,92.66,5.5,1.25,DM,True
2003-05-31,NZD,1.733971,93.89,5.5,1.25,DM,True
2003-06-30,NZD,1.712523,94.13,5.25,1,DM,True
2003-07-31,NZD,1.724775,95.81,5,1,DM,True
2003-08-31,NZD,1.740276,95.88,5,1,DM,True
2003-09-30,NZD,1.676794,94.95,5,1,DM,True
2003-10-31,NZD,1.636723,95.3,5,1,DM,True
2003-11-30,NZD,1.560614,99,5,1,DM,True
2003-12-31,NZD,1.523674,99.81,5,1,DM,True
2004-01-31,NZD,1.504037,101.59,5.25,1,DM,True
2004-02-29,NZD,1.462715,104.11,5.25,1,DM,True
2004-03-31,NZD,1.502372,101.01,5.25,1,DM,True
2004-04-30,NZD,1.603164,98.35,5.5,1,DM,True
2004-05-31,NZD,1.581489,96.75,5.5,1,DM,True
2004-06-30,NZD,1.58042,98.61,5.75,1.25,DM,True
2004-07-31,NZD,1.57131,100.55,6,1.25,DM,True
2004-08-31,NZD,1.535464,102.37,6,1.5,DM,True
2004-09-30,NZD,1.483923,103.2,6.25,1.75,DM,True
2004-10-31,NZD,1.465494,105.24,6.5,1.75,DM,True
2004-11-30,NZD,1.395637,105.05,6.5,2,DM,True
2004-12-31,NZD,1.385434,106.39,6.5,2.25,DM,True
2005-01-31,NZD,1.403989,105.21,6.5,2.25,DM,True
2005-02-28,NZD,1.3712,106.19,6.5,2.5,DM,True
2005-03-31,NZD,1.406742,107.83,6.75,2.75,DM,True
2005-04-30,NZD,1.363664,107.6,6.75,2.75,DM,True
2005-05-31,NZD,1.415457,108.21,6.75,3,DM,True
2005-06-30,NZD,1.437893,108.42,6.75,3.25,DM,True
2005-07-31,NZD,1.463409,105.24,6.75,3.25,DM,True
2005-08-31,NZD,1.454665,106.6,6.75,3.5,DM,True
2005-09-30,NZD,1.446105,107.05,6.75,3.75,DM,True
2005-10-31,NZD,1.422939,108.21,7,3.75,DM,True
2005-11-30,NZD,1.422126,108.72,7,4,DM,True
2005-12-31,NZD,1.463932,108.92,7.25,4.25,DM,True
2006-01-31,NZD,1.460472,106.08,7.25,4.5,DM,True
2006-02-28,NZD,1.5152,104.56,7.25,4.5,DM,True
2006-03-31,NZD,1.633675,99.02,7.25,4.75,DM,True
2006-04-30,NZD,1.580761,96.18,7.25,4.75,DM,True
2006-05-31,NZD,1.5652,95.5,7.25,5,DM,True
2006-06-30,NZD,1.641155,95.32,7.25,5.25,DM,True
2006-07-31,NZD,1.621994,94.96,7.25,5.25,DM,True
2006-08-31,NZD,1.534511,96.68,7.25,5.25,DM,True
2006-09-30,NZD,1.534518,100.12,7.25,5.25,DM,True
2006-10-31,NZD,1.502205,101.55,7.25,5.25,DM,True
2006-11-30,NZD,1.464394,101.17,7.25,5.25,DM,True
2006-12-31,NZD,1.421792,103.19,7.25,5.25,DM,True
2007-01-31,NZD,1.464799,104.6,7.25,5.25,DM,True
2007-02-28,NZD,1.428355,104.02,7.25,5.25,DM,True
2007-03-31,NZD,1.39991,103.96,7.5,5.25,DM,True
2007-04-30,NZD,1.351929,107.74,7.75,5.25,DM,True
2007-05-31,NZD,1.361183,107.39,7.75,5.25,DM,True
2007-06-30,NZD,1.295964,110.57,8,5.25,DM,True
2007-07-31,NZD,1.294959,112.98,8.25,5.25,DM,True
2007-08-31,NZD,1.411675,105.07,8.25,5.25,DM,True
2007-09-30,NZD,1.321461,102.89,8.25,4.75,DM,True
2007-10-31,NZD,1.305669,106.67,8.25,4.5,DM,True
2007-11-30,NZD,1.294289,105.81,8.25,4.5,DM,True
2007-12-31,NZD,1.292304,107.56,8.25,4.25,DM,True
2008-01-31,NZD,1.27505,106.48,8.25,3,DM,True
2008-02-29,NZD,1.243094,107.97,8.25,3,DM,True
2008-03-31,NZD,1.269858,106.61,8.25,2.25,DM,True
2008-04-30,NZD,1.286486,104.57,8.25,2,DM,True
2008-05-31,NZD,1.277534,103.38,8.25,2,DM,True
2008-06-30,NZD,1.308805,101.58,8.25,2,DM,True
2008-07-31,NZD,1.364166,100.15,8,2,DM,True
2008-08-31,NZD,1.417713,97.88,8,2,DM,True
2008-09-30,NZD,1.478221,95.54,7.5,2,DM,True
2008-10-31,NZD,1.715686,91.06,6.5,1,DM,True
2008-11-30,NZD,1.823839,86.97,6.5,1,DM,True
2008-12-31,NZD,1.738234,84.69,5,0.125,DM,True
2009-01-31,NZD,1.971598,83.53,3.5,0.125,DM,True
2009-02-28,NZD,1.998972,80.11,3.5,0.125,DM,True
2009-03-31,NZD,1.749925,82.65,3,0.125,DM,True
2009-04-30,NZD,1.761055,86.6,2.5,0.125,DM,True
2009-05-31,NZD,1.570081,88.74,2.5,0.125,DM,True
2009-06-30,NZD,1.532192,92.79,2.5,0.125,DM,True
2009-07-31,NZD,1.526241,93.86,2.5,0.125,DM,True
2009-08-31,NZD,1.469521,97.38,2.5,0.125,DM,True
2009-09-30,NZD,1.38544,99.63,2.5,0.125,DM,True
2009-10-31,NZD,1.37473,102.32,2.5,0.125,DM,True
2009-11-30,NZD,1.399121,100.03,2.5,0.125,DM,True
2009-12-31,NZD,1.374636,99.01,2.5,0.125,DM,True
2010-01-31,NZD,1.415652,100.39,2.5,0.125,DM,True
2010-02-28,NZD,1.440604,97.64,2.5,0.125,DM,True
2010-03-31,NZD,1.411381,97.66,2.5,0.125,DM,True
2010-04-30,NZD,1.370935,98.48,2.5,0.125,DM,True
2010-05-31,NZD,1.472333,99.05,2.5,0.125,DM,True
2010-06-30,NZD,1.447396,99.22,2.75,0.125,DM,True
2010-07-31,NZD,1.382637,100.39,3,0.125,DM,True
2010-08-31,NZD,1.434306,99.64,3,0.125,DM,True
2010-09-30,NZD,1.350821,100.55,3,0.125,DM,True
2010-10-31,NZD,1.319189,101.4,3,0.125,DM,True
2010-11-30,NZD,1.350746,104.74,3,0.125,DM,True
2010-12-31,NZD,1.287232,102.69,3,0.125,DM,True
2011-01-31,NZD,1.297327,103.72,3,0.125,DM,True
2011-02-28,NZD,1.329334,101.82,3,0.125,DM,True
2011-03-31,NZD,1.309073,98.28,2.5,0.125,DM,True
2011-04-30,NZD,1.239166,102.66,2.5,0.125,DM,True
2011-05-31,NZD,1.21578,103.48,2.5,0.125,DM,True
2011-06-30,NZD,1.208607,106.09,2.5,0.125,DM,True
2011-07-31,NZD,1.156452,109.51,2.5,0.125,DM,True
2011-08-31,NZD,1.171557,108.33,2.5,0.125,DM,True
2011-09-30,NZD,1.307858,106.66,2.5,0.125,DM,True
2011-10-31,NZD,1.230126,103.82,2.5,0.125,DM,True
2011-11-30,NZD,1.295275,101.7,2.5,0.125,DM,True
2011-12-31,NZD,1.293531,102.27,2.5,0.125,DM,True
2012-01-31,NZD,1.208106,105.62,2.5,0.125,DM,True
2012-02-29,NZD,1.18292,108.67,2.5,0.125,DM,True
2012-03-31,NZD,1.216981,107.49,2.5,0.125,DM,True
2012-04-30,NZD,1.220902,107.35,2.5,0.125,DM,True
2012-05-31,NZD,1.325405,103.08,2.5,0.125,DM,True
2012-06-30,NZD,1.250675,105,2.5,0.125,DM,True
2012-07-31,NZD,1.234614,107.09,2.5,0.125,DM,True
2012-08-31,NZD,1.245579,107.43,2.5,0.125,DM,True
2012-09-30,NZD,1.201547,106.94,2.5,0.125,DM,True
2012-10-31,NZD,1.216809,106.88,2.5,0.125,DM,True
2012-11-30,NZD,1.2217,106.97,2.5,0.125,DM,True
2012-12-31,NZD,1.216083,108.08,2.5,0.125,DM,True
2013-01-31,NZD,1.192915,109.16,2.5,0.125,DM,True
2013-02-28,NZD,1.204204,109.94,2.5,0.125,DM,True
2013-03-31,NZD,1.195471,109.34,2.5,0.125,DM,True
2013-04-30,NZD,1.168299,111.81,2.5,0.125,DM,True
2013-05-31,NZD,1.250577,109.9,2.5,0.125,DM,True
2013-06-30,NZD,1.283792,106.52,2.5,0.125,DM,True
2013-07-31,NZD,1.254087,107.72,2.5,0.125,DM,True
2013-08-31,NZD,1.287571,108.02,2.5,0.125,DM,True
2013-09-30,NZD,1.206664,110.05,2.5,0.125,DM,True
2013-10-31,NZD,1.205923,111.17,2.5,0.125,DM,True
2013-11-30,NZD,1.226802,111.11,2.5,0.125,DM,True
2013-12-31,NZD,1.21543,111.34,2.5,0.125,DM,True
2014-01-31,NZD,1.234241,112.73,2.5,0.125,DM,True
2014-02-28,NZD,1.187287,112.43,2.5,0.125,DM,True
2014-03-31,NZD,1.156948,115.38,2.75,0.125,DM,True
2014-04-30,NZD,1.168736,115.63,3,0.125,DM,True
2014-05-31,NZD,1.180054,115.52,3,0.125,DM,True
2014-06-30,NZD,1.144091,115.9,3.25,0.125,DM,True
2014-07-31,NZD,1.17804,116.75,3.5,0.125,DM,True
2014-08-31,NZD,1.194419,113.93,3.5,0.125,DM,True
2014-09-30,NZD,1.288167,111.42,3.5,0.125,DM,True
2014-10-31,NZD,1.28114,108.93,3.5,0.125,DM,True
2014-11-30,NZD,1.27205,110.03,3.5,0.125,DM,True
2014-12-31,NZD,1.278725,111,3.5,0.125,DM,True
2015-01-31,NZD,1.37709,111.21,3.5,0.125,DM,True
2015-02-28,NZD,1.321085,109.15,3.5,0.125,DM,True
2015-03-31,NZD,1.337299,110.68,3.5,0.125,DM,True
2015-04-30,NZD,1.313152,111.94,3.5,0.125,DM,True
2015-05-31,NZD,1.404284,108.15,3.5,0.125,DM,True
2015-06-30,NZD,1.478953,103.22,3.25,0.125,DM,True
2015-07-31,NZD,1.529042,99.62,3,0.125,DM,True
2015-08-31,NZD,1.56362,99.19,3,0.125,DM,True
2015-09-30,NZD,1.568151,96.36,2.75,0.125,DM,True
2015-10-31,NZD,1.485795,100.72,2.75,0.125,DM,True
2015-11-30,NZD,1.523774,100.02,2.75,0.125,DM,True
2015-12-31,NZD,1.46257,102.82,2.5,0.375,DM,True
2016-01-31,NZD,1.537363,101.16,2.5,0.375,DM,True
2016-02-29,NZD,1.520665,101.09,2.5,0.375,DM,True
2016-03-31,NZD,1.441458,101.12,2.25,0.375,DM,True
2016-04-30,NZD,1.434447,101.98,2.25,0.375,DM,True
2016-05-31,NZD,1.480724,101.9,2.25,0.375,DM,True
2016-06-30,NZD,1.406593,105.31,2.25,0.375,DM,True
2016-07-31,NZD,1.405111,107.17,2.25,0.375,DM,True
2016-08-31,NZD,1.379177,107.66,2,0.375,DM,True
2016-09-30,NZD,1.377027,108.84,2,0.375,DM,True
2016-10-31,NZD,1.398959,107.41,2,0.375,DM,True
2016-11-30,NZD,1.402069,109.33,1.75,0.375,DM,True
2016-12-31,NZD,1.438004,109.87,1.75,0.625,DM,True
2017-01-31,NZD,1.367643,110.8,1.75,0.625,DM,True
2017-02-28,NZD,1.387846,111.3,1.75,0.625,DM,True
2017-03-31,NZD,1.431952,107.99,1.75,0.875,DM,True
2017-04-30,NZD,1.454437,106.8,1.75,0.875,DM,True
2017-05-31,NZD,1.407094,106.02,1.75,0.875,DM,True
2017-06-30,NZD,1.362951,109.24,1.75,1.125,DM,True
2017-07-31,NZD,1.336403,110.3,1.75,1.125,DM,True
2017-08-31,NZD,1.401353,107.99,1.75,1.125,DM,True
2017-09-30,NZD,1.385228,106.09,1.75,1.125,DM,True
2017-10-31,NZD,1.461162,104.03,1.75,1.125,DM,True
2017-11-30,NZD,1.461642,101.88,1.75,1.125,DM,True
2017-12-31,NZD,1.404986,102.46,1.75,1.375,DM,True
2018-01-31,NZD,1.34888,104.36,1.75,1.375,DM,True
2018-02-28,NZD,1.384067,103.92,1.75,1.375,DM,True
2018-03-31,NZD,1.387712,103.52,1.75,1.625,DM,True
2018-04-30,NZD,1.419406,103.62,1.75,1.625,DM,True
2018-05-31,NZD,1.425848,101.41,1.75,1.625,DM,True
2018-06-30,NZD,1.479413,102.5,1.75,1.875,DM,True
2018-07-31,NZD,1.466684,102.07,1.75,1.875,DM,True
2018-08-31,NZD,1.507081,101.25,1.75,1.875,DM,True
2018-09-30,NZD,1.51218,100.15,1.75,2.125,DM,True
2018-10-31,NZD,1.530482,99.77,1.75,2.125,DM,True
2018-11-30,NZD,1.457523,103.61,1.75,2.125,DM,True
2018-12-31,NZD,1.489607,104.17,1.75,2.375,DM,True
2019-01-31,NZD,1.445595,102.75,1.75,2.375,DM,True
2019-02-28,NZD,1.461545,103.13,1.75,2.375,DM,True
2019-03-31,NZD,1.468625,103.34,1.75,2.375,DM,True
2019-04-30,NZD,1.498039,101.66,1.75,2.375,DM,True
2019-05-31,NZD,1.536544,100.48,1.5,2.375,DM,True
2019-06-30,NZD,1.490334,100.96,1.5,2.375,DM,True
2019-07-31,NZD,1.514035,102.27,1.5,2.375,DM,True
2019-08-31,NZD,1.584813,99.88,1,2.125,DM,True
2019-09-30,NZD,1.595647,98.57,1,1.875,DM,True
2019-10-31,NZD,1.556303,97.86,1,1.625,DM,True
2019-11-30,NZD,1.556183,98.56,1,1.625,DM,True
2019-12-31,NZD,1.482375,101.4,1,1.625,DM,True
2020-01-31,NZD,1.545693,101.38,1,1.625,DM,True
2020-02-29,NZD,1.604081,99.34,1,1.625,DM,True
2020-03-31,NZD,1.680997,95.87,0.25,0.125,DM,True
2020-04-30,NZD,1.627896,96.13,0.25,0.125,DM,True
2020-05-31,NZD,1.604077,97,0.25,0.125,DM,True
2020-06-30,NZD,1.560993,100.41,0.25,0.125,DM,True
2020-07-31,NZD,1.499916,101.57,0.25,0.125,DM,True
2020-08-31,NZD,1.484757,100.3,0.25,0.125,DM,True
2020-09-30,NZD,1.520243,100.94,0.25,0.125,DM,True
2020-10-31,NZD,1.501539,100.28,0.25,0.125,DM,True
2020-11-30,NZD,1.421285,102.62,0.25,0.125,DM,True
2020-12-31,NZD,1.384076,104.16,0.25,0.125,DM,True
2021-01-31,NZD,1.389502,104.76,0.25,0.125,DM,True
2021-02-28,NZD,1.371339,105.43,0.25,0.125,DM,True
2021-03-31,NZD,1.430192,105.3,0.25,0.125,DM,True
2021-04-30,NZD,1.385367,105.51,0.25,0.125,DM,True
2021-05-31,NZD,1.376854,106.41,0.25,0.125,DM,True
2021-06-30,NZD,1.432683,105.78,0.25,0.125,DM,True
2021-07-31,NZD,1.428812,106.05,0.25,0.125,DM,True
2021-08-31,NZD,1.416258,106.9,0.25,0.125,DM,True
2021-09-30,NZD,1.455912,108.22,0.25,0.125,DM,True
2021-10-31,NZD,1.395878,108.23,0.5,0.125,DM,True
2021-11-30,NZD,1.464754,108.27,0.75,0.125,DM,True
2021-12-31,NZD,1.4638,105.72,0.75,0.125,DM,True
2022-01-31,NZD,1.52232,104.97,0.75,0.125,DM,True
2022-02-28,NZD,1.484775,103.61,1,0.125,DM,True
2022-03-31,NZD,1.442573,107.03,1,0.375,DM,True
2022-04-30,NZD,1.529317,106.85,1.5,0.375,DM,True
2022-05-31,NZD,1.536358,104.18,2,0.875,DM,True
2022-06-30,NZD,1.60826,103.98,2,1.625,DM,True
2022-07-31,NZD,1.596686,103.71,2.5,2.375,DM,True
2022-08-31,NZD,1.6322,105.38,3,2.375,DM,True
2022-09-30,NZD,1.762105,102.8,3,3.125,DM,True
2022-10-31,NZD,1.724733,100.57,3.5,3.125,DM,True
2022-11-30,NZD,1.603123,105.24,4.25,3.875,DM,True
2022-12-31,NZD,1.574911,107.58,4.25,4.375,DM,True
2023-01-31,NZD,1.556171,106.04,4.25,4.375,DM,True
2023-02-28,NZD,1.621245,105.24,4.75,4.625,DM,True
2023-03-31,NZD,1.599264,104.91,4.75,4.875,DM,True
2023-04-30,NZD,1.62681,104.29,5.25,4.875,DM,True
2023-05-31,NZD,1.665543,105.77,5.5,5.125,DM,True
2023-06-30,NZD,1.643475,105.72,5.5,5.125,DM,True
2023-07-31,NZD,1.612356,107.38,5.5,5.375,DM,True
2023-08-31,NZD,1.68007,105.17,5.5,5.375,DM,True
2023-09-30,NZD,1.658958,105.29,5.5,5.375,DM,True
2023-10-31,NZD,1.716169,105.49,5.5,5.375,DM,True
2023-11-30,NZD,1.62492,105.92,5.5,5.375,DM,True
2023-12-31,NZD,1.584072,108.3,5.5,5.375,DM,True
2024-01-31,NZD,1.633755,108.26,5.5,5.375,DM,True
2024-02-29,NZD,1.644837,107.83,5.5,5.375,DM,True
2024-03-31,NZD,1.673481,107.04,5.5,5.375,DM,True
2024-04-30,NZD,1.682683,105.93,5.5,5.375,DM,True
2024-05-31,NZD,1.630667,107.25,5.5,5.375,DM,True
2024-06-30,NZD,1.644185,109.01,5.5,5.375,DM,True
2024-07-31,NZD,1.689047,106.83,5.5,5.375,DM,True
2024-08-31,NZD,1.597276,105.84,5.25,5.375,DM,True
2024-09-30,NZD,1.573419,107.05,5.25,4.875,DM,True
2024-10-31,NZD,1.674325,105.86,4.75,4.875,DM,True
2024-11-30,NZD,1.692198,105.39,4.25,4.625,DM,True
2024-12-31,NZD,1.78381,103.59,4.25,4.375,DM,True
2025-01-31,NZD,1.769556,102.59,4.25,4.375,DM,True
2025-02-28,NZD,1.784555,102.66,3.75,4.375,DM,True
2025-03-31,NZD,1.760055,102.59,3.75,4.375,DM,True
2025-04-30,NZD,1.68988,103.58,3.5,4.375,DM,True
2025-05-31,NZD,1.677132,104.12,3.25,4.375,DM,True
2025-06-30,NZD,1.649659,104.86,3.25,4.375,DM,True
2025-07-31,NZD,1.692731,104.18,3.25,4.375,DM,True
2025-08-31,NZD,1.699348,103.02,3,4.375,DM,True
2025-09-30,NZD,1.725322,102.22,3,4.125,DM,True
2025-10-31,NZD,1.749351,100.67,2.5,3.875,DM,True
2025-11-30,NZD,1.750562,99.52,2.25,3.875,DM,True
2025-12-31,NZD,1.734468,100.8,2.25,3.625,DM,True
2026-01-31,NZD,1.649467,101.41,2.25,3.625,DM,True
2026-02-28,NZD,1.67141,102.76,2.25,3.625,DM,True
2026-03-31,NZD,1.744738,101.36,2.25,3.625,DM,True
2026-04-30,NZD,1.705435,100.63,2.25,3.625,DM,True
2026-05-31,NZD,1.673909,101.72,2.25,3.625,DM,True
2026-06-30,NZD,1.767246,101.12,2.25,3.625,DM,True
2026-07-31,NZD,1.705616,,2.5,3.625,DM,True
1995-01-31,PHP,24.573,94.4,9,5.5,EM,True
1995-02-28,PHP,25.732,92.95,25,6,EM,True
1995-03-31,PHP,25.987,87.39,12,6,EM,True
1995-04-30,PHP,26.021,84.31,11,6,EM,True
1995-05-31,PHP,25.797,85.47,9.5,6,EM,True
1995-06-30,PHP,25.575,86.41,8.75,6,EM,True
1995-07-31,PHP,25.585,88.18,7.25,5.75,EM,True
1995-08-31,PHP,25.906,90.65,7.5,5.75,EM,True
1995-09-30,PHP,26.065,92.59,8.5,5.75,EM,True
1995-10-31,PHP,25.992,92.1,9.125,5.75,EM,True
1995-11-30,PHP,26.183,92.05,14,5.75,EM,True
1995-12-31,PHP,26.214,92.12,14,5.5,EM,True
1996-01-31,PHP,26.185,95.69,13.875,5.25,EM,True
1996-02-29,PHP,26.177,96.03,14,5.25,EM,True
1996-03-31,PHP,26.197,95.96,13.75,5.25,EM,True
1996-04-30,PHP,26.173,96.35,12.6875,5.25,EM,True
1996-05-31,PHP,26.222,96.47,12,5.25,EM,True
1996-06-30,PHP,26.203,97.52,11.875,5.25,EM,True
1996-07-31,PHP,26.228,97.77,11,5.25,EM,True
1996-08-31,PHP,26.202,97.79,10.25,5.25,EM,True
1996-09-30,PHP,26.257,97.94,11,5.25,EM,True
1996-10-31,PHP,26.285,98.57,11,5.25,EM,True
1996-11-30,PHP,26.287,98.19,10.75,5.25,EM,True
1996-12-31,PHP,26.288,99.51,10.75,5.25,EM,True
1997-01-31,PHP,26.344,101.57,10.5,5.25,EM,True
1997-02-28,PHP,26.333,103.63,10.5,5.25,EM,True
1997-03-31,PHP,26.367,104.52,9.9,5.5,EM,True
1997-04-30,PHP,26.369,104.5,10.25,5.5,EM,True
1997-05-31,PHP,26.374,103.11,16,5.5,EM,True
1997-06-30,PHP,26.384,103.38,15,5.5,EM,True
1997-07-31,PHP,28.968,100.03,20,5.5,EM,True
1997-08-31,PHP,30.165,96.38,12,5.5,EM,True
1997-09-30,PHP,33.873,87.89,12,5.5,EM,True
1997-10-31,PHP,34.938,83.49,12,5.5,EM,True
1997-11-30,PHP,34.655,85.52,12,5.5,EM,True
1997-12-31,PHP,39.975,83.52,11,5.5,EM,True
1998-01-31,PHP,42.41,75.89,14,5.5,EM,True
1998-02-28,PHP,40.364,79.19,13,5.5,EM,True
1998-03-31,PHP,37.081,82.37,13,5.5,EM,True
1998-04-30,PHP,39.979,83.63,13.5,5.5,EM,True
1998-05-31,PHP,38.898,83.31,13.125,5.5,EM,True
1998-06-30,PHP,42.091,84.01,13.125,5.5,EM,True
1998-07-31,PHP,42.016,81.39,13,5.5,EM,True
1998-08-31,PHP,43.874,80.13,16,5.5,EM,True
1998-09-30,PHP,43.809,76.9,16,5.25,EM,True
1998-10-31,PHP,40.831,75.3,13.75,5,EM,True
1998-11-30,PHP,39.462,81.71,13.5,4.75,EM,True
1998-12-31,PHP,39.059,82.85,13.375,4.75,EM,True
1999-01-31,PHP,38.491743,85.57,12.875,4.75,EM,True
1999-02-28,PHP,38.957161,85.85,12.5,4.75,EM,True
1999-03-31,PHP,38.770248,86.58,11.875,4.75,EM,True
1999-04-30,PHP,37.997546,87.58,10.375,4.75,EM,True
1999-05-31,PHP,37.9715,88.74,9.875,4.75,EM,True
1999-06-30,PHP,37.992835,89.15,9.125,5,EM,True
1999-07-31,PHP,38.477651,88.24,9,5,EM,True
1999-08-31,PHP,39.676535,84.64,9,5.25,EM,True
1999-09-30,PHP,40.957337,82.05,9,5.25,EM,True
1999-10-31,PHP,40.169329,81.52,9,5.25,EM,True
1999-11-30,PHP,40.978508,81.55,8.75,5.5,EM,True
1999-12-31,PHP,40.221979,80.88,8.75,5.5,EM,True
2000-01-31,PHP,40.587274,83.87,8.75,5.5,EM,True
2000-02-29,PHP,40.973852,84.87,8.75,5.75,EM,True
2000-03-31,PHP,41.125301,83.76,8.75,6,EM,True
2000-04-30,PHP,41.248211,83.37,8.75,6,EM,True
2000-05-31,PHP,42.604536,83.57,10,6.5,EM,True
2000-06-30,PHP,43.180201,81.3,10,6.5,EM,True
2000-07-31,PHP,44.960511,78.99,10,6.5,EM,True
2000-08-31,PHP,45.180777,78.76,10,6.5,EM,True
2000-09-30,PHP,46.13919,77.49,11,6.5,EM,True
2000-10-31,PHP,51.101343,74.48,15,6.5,EM,True
2000-11-30,PHP,49.517503,73.54,15,6.5,EM,True
2000-12-31,PHP,50.039764,74.04,13.5,6.5,EM,True
2001-01-31,PHP,48.930378,73.62,12,5.5,EM,True
2001-02-28,PHP,48.308824,77.8,11,5.5,EM,True
2001-03-31,PHP,49.522192,78.51,10,5,EM,True
2001-04-30,PHP,51.408292,76.48,9.5,4.5,EM,True
2001-05-31,PHP,50.505896,76.05,9,4,EM,True
2001-06-30,PHP,52.428066,75.47,9,3.75,EM,True
2001-07-31,PHP,53.509994,73.93,9,3.75,EM,True
2001-08-31,PHP,50.983839,74.63,9,3.5,EM,True
2001-09-30,PHP,51.425912,75.01,9,3,EM,True
2001-10-31,PHP,51.935413,75.14,8.75,2.5,EM,True
2001-11-30,PHP,51.953248,75.48,8.25,2,EM,True
2001-12-31,PHP,51.556791,76.6,7.75,1.75,EM,True
2002-01-31,PHP,51.230751,78.39,7.5,1.75,EM,True
2002-02-28,PHP,51.247255,78.68,7.25,1.75,EM,True
2002-03-31,PHP,51.024759,78.69,7,1.75,EM,True
2002-04-30,PHP,50.630551,78.25,7,1.75,EM,True
2002-05-31,PHP,50.183232,78.64,7,1.75,EM,True
2002-06-30,PHP,50.329825,76.68,7,1.75,EM,True
2002-07-31,PHP,51.272616,75.27,7,1.75,EM,True
2002-08-31,PHP,51.842774,74.2,7,1.75,EM,True
2002-09-30,PHP,52.427992,73.98,7,1.75,EM,True
2002-10-31,PHP,53.127534,73.5,7,1.75,EM,True
2002-11-30,PHP,53.527753,72.13,7,1.25,EM,True
2002-12-31,PHP,53.70268,71.78,7,1.25,EM,True
2003-01-31,PHP,53.839682,70.38,7,1.25,EM,True
2003-02-28,PHP,54.532554,69.96,7,1.25,EM,True
2003-03-31,PHP,53.52547,69.39,7,1.25,EM,True
2003-04-30,PHP,52.528075,71.86,7,1.25,EM,True
2003-05-31,PHP,53.274404,70.85,7,1.25,EM,True
2003-06-30,PHP,53.41472,70.33,7,1,EM,True
2003-07-31,PHP,54.697826,70.21,6.75,1,EM,True
2003-08-31,PHP,54.87508,68.82,6.75,1,EM,True
2003-09-30,PHP,54.889289,67.82,6.75,1,EM,True
2003-10-31,PHP,55.332129,66.59,6.75,1,EM,True
2003-11-30,PHP,55.732033,66.12,6.75,1,EM,True
2003-12-31,PHP,55.558987,65.47,6.75,1,EM,True
2004-01-31,PHP,55.920543,64.95,6.75,1,EM,True
2004-02-29,PHP,56.30939,64.08,6.75,1,EM,True
2004-03-31,PHP,56.156741,64.56,6.75,1,EM,True
2004-04-30,PHP,56.057588,64.99,6.75,1,EM,True
2004-05-31,PHP,55.795212,66.15,6.75,1,EM,True
2004-06-30,PHP,56.125051,66.3,6.75,1.25,EM,True
2004-07-31,PHP,55.943185,66.98,6.75,1.25,EM,True
2004-08-31,PHP,56.175378,67.65,6.75,1.5,EM,True
2004-09-30,PHP,56.277702,67.17,6.75,1.75,EM,True
2004-10-31,PHP,56.32488,66.34,6.75,1.75,EM,True
2004-11-30,PHP,56.169989,65.31,6.75,2,EM,True
2004-12-31,PHP,56.170619,65.17,6.75,2.25,EM,True
2005-01-31,PHP,55.103951,66.36,6.75,2.25,EM,True
2005-02-28,PHP,54.660934,67.36,6.75,2.5,EM,True
2005-03-31,PHP,54.920549,67.44,6.75,2.75,EM,True
2005-04-30,PHP,54.125183,68.23,7,2.75,EM,True
2005-05-31,PHP,54.520315,68.73,7,3,EM,True
2005-06-30,PHP,55.975025,69.01,7,3.25,EM,True
2005-07-31,PHP,56.105185,69.2,7,3.25,EM,True
2005-08-31,PHP,56.245286,68.69,7,3.5,EM,True
2005-09-30,PHP,56.024747,68.57,7.25,3.75,EM,True
2005-10-31,PHP,54.894785,70.27,7.5,3.75,EM,True
2005-11-30,PHP,54.10995,73.04,7.5,4,EM,True
2005-12-31,PHP,53.165211,74.3,7.5,4.25,EM,True
2006-01-31,PHP,52.149695,74.7,7.5,4.5,EM,True
2006-02-28,PHP,51.530105,76.57,7.5,4.5,EM,True
2006-03-31,PHP,51.130205,77.36,7.5,4.75,EM,True
2006-04-30,PHP,51.797878,76.19,7.5,4.75,EM,True
2006-05-31,PHP,52.900218,73.49,7.5,5,EM,True
2006-06-30,PHP,53.110202,73.45,7.5,5.25,EM,True
2006-07-31,PHP,51.480379,74.87,7.5,5.25,EM,True
2006-08-31,PHP,50.799938,76.16,7.5,5.25,EM,True
2006-09-30,PHP,50.150079,77.85,7.5,5.25,EM,True
2006-10-31,PHP,49.840107,78.88,7.5,5.25,EM,True
2006-11-30,PHP,49.619697,78.42,7.5,5.25,EM,True
2006-12-31,PHP,49.009871,78.35,7.5,5.25,EM,True
2007-01-31,PHP,48.879883,80.24,7.5,5.25,EM,True
2007-02-28,PHP,48.549693,80.63,7.5,5.25,EM,True
2007-03-31,PHP,48.205436,79.57,7.5,5.25,EM,True
2007-04-30,PHP,47.475193,80.29,7.5,5.25,EM,True
2007-05-31,PHP,46.249907,81.98,7.5,5.25,EM,True
2007-06-30,PHP,46.250278,83.48,7.5,5.25,EM,True
2007-07-31,PHP,45.300212,84.09,6,5.25,EM,True
2007-08-31,PHP,46.539949,82.67,6,5.25,EM,True
2007-09-30,PHP,45.025037,82.14,6,4.75,EM,True
2007-10-31,PHP,43.679657,84.27,5.75,4.5,EM,True
2007-11-30,PHP,42.770138,85.14,5.5,4.5,EM,True
2007-12-31,PHP,41.249915,89.13,5.25,4.25,EM,True
2008-01-31,PHP,40.500336,90.67,5,3,EM,True
2008-02-29,PHP,40.319773,90.3,5,3,EM,True
2008-03-31,PHP,41.560207,87.46,5,2.25,EM,True
2008-04-30,PHP,42.220077,86.97,5,2,EM,True
2008-05-31,PHP,43.734847,85.86,5,2,EM,True
2008-06-30,PHP,44.954961,84.46,5.25,2,EM,True
2008-07-31,PHP,44.135545,83.67,5.75,2,EM,True
2008-08-31,PHP,45.985748,85.66,6,2,EM,True
2008-09-30,PHP,47.053066,83.6,6,2,EM,True
2008-10-31,PHP,48.749706,83.27,6,1,EM,True
2008-11-30,PHP,48.951049,83.17,6,1,EM,True
2008-12-31,PHP,47.373716,83.61,5.5,0.125,EM,True
2009-01-31,PHP,46.551186,86,5,0.125,EM,True
2009-02-28,PHP,48.702942,87.17,5,0.125,EM,True
2009-03-31,PHP,48.33183,86.6,4.75,0.125,EM,True
2009-04-30,PHP,48.153672,86.1,4.5,0.125,EM,True
2009-05-31,PHP,47.18116,85.45,4.25,0.125,EM,True
2009-06-30,PHP,48.015424,84.38,4.25,0.125,EM,True
2009-07-31,PHP,48.055595,83.78,4,0.125,EM,True
2009-08-31,PHP,48.813761,82.79,4,0.125,EM,True
2009-09-30,PHP,47.33866,82.2,4,0.125,EM,True
2009-10-31,PHP,47.622297,83.53,4,0.125,EM,True
2009-11-30,PHP,47.206284,82.97,4,0.125,EM,True
2009-12-31,PHP,46.166181,85.05,4,0.125,EM,True
2010-01-31,PHP,46.485751,85.77,4,0.125,EM,True
2010-02-28,PHP,46.128224,86.02,4,0.125,EM,True
2010-03-31,PHP,45.196231,86.91,4,0.125,EM,True
2010-04-30,PHP,44.452122,89.27,4,0.125,EM,True
2010-05-31,PHP,46.248476,88.53,4,0.125,EM,True
2010-06-30,PHP,46.347486,87.98,4,0.125,EM,True
2010-07-31,PHP,45.550353,86.74,4,0.125,EM,True
2010-08-31,PHP,45.312303,88.04,4,0.125,EM,True
2010-09-30,PHP,43.866501,88.77,4,0.125,EM,True
2010-10-31,PHP,43.112506,87.83,4,0.125,EM,True
2010-11-30,PHP,44.130635,88.34,4,0.125,EM,True
2010-12-31,PHP,43.631193,88.37,4,0.125,EM,True
2011-01-31,PHP,44.332457,87.05,4,0.125,EM,True
2011-02-28,PHP,43.536215,88.47,4,0.125,EM,True
2011-03-31,PHP,43.330049,88.19,4.25,0.125,EM,True
2011-04-30,PHP,42.715343,88.02,4.25,0.125,EM,True
2011-05-31,PHP,43.331943,87.45,4.5,0.125,EM,True
2011-06-30,PHP,43.325953,87.26,4.5,0.125,EM,True
2011-07-31,PHP,42.164797,87.96,4.5,0.125,EM,True
2011-08-31,PHP,42.242215,87.99,4.5,0.125,EM,True
2011-09-30,PHP,43.722876,88.12,4.5,0.125,EM,True
2011-10-31,PHP,42.674809,88.37,4.5,0.125,EM,True
2011-11-30,PHP,43.64883,89.1,4.5,0.125,EM,True
2011-12-31,PHP,43.862741,88.82,4.5,0.125,EM,True
2012-01-31,PHP,42.885549,88.95,4.25,0.125,EM,True
2012-02-29,PHP,42.72707,89.88,4.25,0.125,EM,True
2012-03-31,PHP,42.887841,90.18,4,0.125,EM,True
2012-04-30,PHP,42.151506,91,4,0.125,EM,True
2012-05-31,PHP,43.474966,90.99,4,0.125,EM,True
2012-06-30,PHP,42.140588,92.77,4,0.125,EM,True
2012-07-31,PHP,41.716053,94.8,3.75,0.125,EM,True
2012-08-31,PHP,42.178257,94.21,3.75,0.125,EM,True
2012-09-30,PHP,41.733179,93.65,3.75,0.125,EM,True
2012-10-31,PHP,41.196798,94.01,3.5,0.125,EM,True
2012-11-30,PHP,40.804713,95.24,3.5,0.125,EM,True
2012-12-31,PHP,41.008792,95.16,3.5,0.125,EM,True
2013-01-31,PHP,40.676015,96.87,3.5,0.125,EM,True
2013-02-28,PHP,40.693884,97.73,3.5,0.125,EM,True
2013-03-31,PHP,40.840297,98.51,3.5,0.125,EM,True
2013-04-30,PHP,41.154376,97.91,3.5,0.125,EM,True
2013-05-31,PHP,42.31201,98.13,3.5,0.125,EM,True
2013-06-30,PHP,43.15367,94.85,3.5,0.125,EM,True
2013-07-31,PHP,43.4629,94.78,3.5,0.125,EM,True
2013-08-31,PHP,44.575746,93.19,3.5,0.125,EM,True
2013-09-30,PHP,43.513514,93.73,3.5,0.125,EM,True
2013-10-31,PHP,43.230702,93.95,3.5,0.125,EM,True
2013-11-30,PHP,43.675703,94.17,3.5,0.125,EM,True
2013-12-31,PHP,44.441302,94.18,3.5,0.125,EM,True
2014-01-31,PHP,45.398047,93.19,3.5,0.125,EM,True
2014-02-28,PHP,44.649243,93.11,3.5,0.125,EM,True
2014-03-31,PHP,44.767914,92.95,3.5,0.125,EM,True
2014-04-30,PHP,44.581949,92.95,3.5,0.125,EM,True
2014-05-31,PHP,43.831116,94.58,3.5,0.125,EM,True
2014-06-30,PHP,43.675502,95.19,3.5,0.125,EM,True
2014-07-31,PHP,43.509231,96.15,3.75,0.125,EM,True
2014-08-31,PHP,43.663179,95.91,3.75,0.125,EM,True
2014-09-30,PHP,44.97894,96.32,4,0.125,EM,True
2014-10-31,PHP,44.997605,95.74,4,0.125,EM,True
2014-11-30,PHP,44.97797,97.27,4,0.125,EM,True
2014-12-31,PHP,44.836504,99.16,4,0.125,EM,True
2015-01-31,PHP,44.169836,100.69,4,0.125,EM,True
2015-02-28,PHP,44.02669,101.86,4,0.125,EM,True
2015-03-31,PHP,44.666791,102.05,4,0.125,EM,True
2015-04-30,PHP,44.661614,101.62,4,0.125,EM,True
2015-05-31,PHP,44.620784,100.63,4,0.125,EM,True
2015-06-30,PHP,45.110376,100.37,4,0.125,EM,True
2015-07-31,PHP,45.724446,100.82,4,0.125,EM,True
2015-08-31,PHP,46.800713,100.02,4,0.125,EM,True
2015-09-30,PHP,46.725877,99.04,4,0.125,EM,True
2015-10-31,PHP,46.738677,99.24,4,0.125,EM,True
2015-11-30,PHP,47.18877,99.4,4,0.125,EM,True
2015-12-31,PHP,46.843942,99.47,4,0.375,EM,True
2016-01-31,PHP,47.694139,99.66,4,0.375,EM,True
2016-02-29,PHP,47.4054,97.75,4,0.375,EM,True
2016-03-31,PHP,45.923584,98.58,4,0.375,EM,True
2016-04-30,PHP,46.920986,97.67,4,0.375,EM,True
2016-05-31,PHP,46.753631,97.65,4,0.375,EM,True
2016-06-30,PHP,47.055485,98.22,3,0.375,EM,True
2016-07-31,PHP,47.179879,97.19,3,0.375,EM,True
2016-08-31,PHP,46.689723,97.02,3,0.375,EM,True
2016-09-30,PHP,48.396201,95.22,3,0.375,EM,True
2016-10-31,PHP,48.477069,94.6,3,0.375,EM,True
2016-11-30,PHP,49.753644,95.34,3,0.375,EM,True
2016-12-31,PHP,49.585428,96.53,3,0.625,EM,True
2017-01-31,PHP,49.734077,96.19,3,0.625,EM,True
2017-02-28,PHP,50.25762,94.88,3,0.625,EM,True
2017-03-31,PHP,50.189879,94.32,3,0.875,EM,True
2017-04-30,PHP,50.103385,94.6,3,0.875,EM,True
2017-05-31,PHP,49.770074,94.18,3,0.875,EM,True
2017-06-30,PHP,50.451279,93.33,3,1.125,EM,True
2017-07-31,PHP,50.479236,91.76,3,1.125,EM,True
2017-08-31,PHP,51.236364,90.07,3,1.125,EM,True
2017-09-30,PHP,50.863967,89.8,3,1.125,EM,True
2017-10-31,PHP,51.593916,89.89,3,1.125,EM,True
2017-11-30,PHP,50.324078,90.95,3,1.125,EM,True
2017-12-31,PHP,49.858251,91.44,3,1.375,EM,True
2018-01-31,PHP,51.273982,89.91,3,1.375,EM,True
2018-02-28,PHP,52.104962,86.87,3,1.375,EM,True
2018-03-31,PHP,52.247383,87.05,3,1.625,EM,True
2018-04-30,PHP,51.702956,87.67,3,1.625,EM,True
2018-05-31,PHP,52.574579,88.81,3.25,1.625,EM,True
2018-06-30,PHP,53.331618,88.56,3.5,1.875,EM,True
2018-07-31,PHP,53.099864,90.25,3.5,1.875,EM,True
2018-08-31,PHP,53.487254,91.57,4,1.875,EM,True
2018-09-30,PHP,54.118867,91.09,4.5,2.125,EM,True
2018-10-31,PHP,53.429051,91.91,4.5,2.125,EM,True
2018-11-30,PHP,52.413065,94.04,4.75,2.125,EM,True
2018-12-31,PHP,52.500437,93.03,4.75,2.375,EM,True
2019-01-31,PHP,52.091748,92.77,4.75,2.375,EM,True
2019-02-28,PHP,51.680974,92.71,4.75,2.375,EM,True
2019-03-31,PHP,52.581219,92.34,4.75,2.375,EM,True
2019-04-30,PHP,51.814049,93.45,4.75,2.375,EM,True
2019-05-31,PHP,52.215048,93.85,4.5,2.375,EM,True
2019-06-30,PHP,51.260984,94.29,4.5,2.375,EM,True
2019-07-31,PHP,50.834006,95.46,4.5,2.375,EM,True
2019-08-31,PHP,52.067778,94.42,4.25,2.125,EM,True
2019-09-30,PHP,51.935899,94.65,4,1.875,EM,True
2019-10-31,PHP,50.837368,95.47,4,1.625,EM,True
2019-11-30,PHP,50.845019,96.62,4,1.625,EM,True
2019-12-31,PHP,50.649813,96.77,4,1.625,EM,True
2020-01-31,PHP,51.015201,96.4,4,1.625,EM,True
2020-02-29,PHP,51.040357,97.2,3.75,1.625,EM,True
2020-03-31,PHP,50.990325,98.31,3.25,0.125,EM,True
2020-04-30,PHP,50.360427,100.49,2.75,0.125,EM,True
2020-05-31,PHP,50.494792,100.45,2.75,0.125,EM,True
2020-06-30,PHP,49.860689,100.35,2.25,0.125,EM,True
2020-07-31,PHP,49.058069,101.31,2.25,0.125,EM,True
2020-08-31,PHP,48.439698,101.28,2.25,0.125,EM,True
2020-09-30,PHP,48.49163,101.26,2.25,0.125,EM,True
2020-10-31,PHP,48.414259,101,2.25,0.125,EM,True
2020-11-30,PHP,48.155259,101.15,2,0.125,EM,True
2020-12-31,PHP,48.182707,100.81,2,0.125,EM,True
2021-01-31,PHP,48.066084,101.09,2,0.125,EM,True
2021-02-28,PHP,48.750103,100.48,2,0.125,EM,True
2021-03-31,PHP,48.529638,101.17,2,0.125,EM,True
2021-04-30,PHP,48.242013,101.31,2,0.125,EM,True
2021-05-31,PHP,47.650193,101.56,2,0.125,EM,True
2021-06-30,PHP,48.858129,101.27,2,0.125,EM,True
2021-07-31,PHP,50.020183,98.77,2,0.125,EM,True
2021-08-31,PHP,49.657766,99.1,2,0.125,EM,True
2021-09-30,PHP,51.011314,98.47,2,0.125,EM,True
2021-10-31,PHP,50.368398,97.76,2,0.125,EM,True
2021-11-30,PHP,50.401302,98.94,2,0.125,EM,True
2021-12-31,PHP,51.000353,99.35,2,0.125,EM,True
2022-01-31,PHP,51.080136,98.13,2,0.125,EM,True
2022-02-28,PHP,51.28315,97.32,2,0.125,EM,True
2022-03-31,PHP,51.809747,97.14,2,0.375,EM,True
2022-04-30,PHP,52.371917,99.12,2,0.375,EM,True
2022-05-31,PHP,52.574442,100.72,2.25,0.875,EM,True
2022-06-30,PHP,55.020699,99.26,2.5,1.625,EM,True
2022-07-31,PHP,55.280447,97.28,3.25,2.375,EM,True
2022-08-31,PHP,56.153,97.78,3.75,2.375,EM,True
2022-09-30,PHP,58.756668,97.67,4.25,3.125,EM,True
2022-10-31,PHP,58.301392,98.47,4.25,3.125,EM,True
2022-11-30,PHP,56.569969,99.47,5,3.875,EM,True
2022-12-31,PHP,55.615976,99.98,5.5,4.375,EM,True
2023-01-31,PHP,54.64045,100.16,5.5,4.375,EM,True
2023-02-28,PHP,55.334777,101.04,6,4.625,EM,True
2023-03-31,PHP,54.298851,101.75,6.25,4.875,EM,True
2023-04-30,PHP,55.480375,99.63,6.25,4.875,EM,True
2023-05-31,PHP,56.21361,100,6.25,5.125,EM,True
2023-06-30,PHP,55.293576,101.18,6.25,5.125,EM,True
2023-07-31,PHP,54.905198,102.42,6.25,5.375,EM,True
2023-08-31,PHP,56.629555,101.87,6.25,5.375,EM,True
2023-09-30,PHP,56.60657,103.15,6.25,5.375,EM,True
2023-10-31,PHP,56.780299,103.71,6.5,5.375,EM,True
2023-11-30,PHP,55.459702,104.54,6.5,5.375,EM,True
2023-12-31,PHP,55.459729,103.53,6.5,5.375,EM,True
2024-01-31,PHP,56.309864,103.86,6.5,5.375,EM,True
2024-02-29,PHP,56.214668,104.44,6.5,5.375,EM,True
2024-03-31,PHP,56.236241,105.03,6.5,5.375,EM,True
2024-04-30,PHP,57.688001,104.09,6.5,5.375,EM,True
2024-05-31,PHP,58.610394,102.46,6.5,5.375,EM,True
2024-06-30,PHP,58.439981,101.33,6.5,5.375,EM,True
2024-07-31,PHP,58.38382,101.99,6.5,5.375,EM,True
2024-08-31,PHP,56.200054,101.82,6.25,5.375,EM,True
2024-09-30,PHP,56.037871,101.61,6.25,4.875,EM,True
2024-10-31,PHP,58.228267,100.5,6,4.875,EM,True
2024-11-30,PHP,58.643249,100.79,6,4.625,EM,True
2024-12-31,PHP,58.043123,102.57,5.75,4.375,EM,True
2025-01-31,PHP,58.387376,103.68,5.75,4.375,EM,True
2025-02-28,PHP,57.972337,102.99,5.75,4.375,EM,True
2025-03-31,PHP,57.25289,103.18,5.75,4.375,EM,True
2025-04-30,PHP,55.867405,102.78,5.5,4.375,EM,True
2025-05-31,PHP,55.744775,103.07,5.5,4.375,EM,True
2025-06-30,PHP,56.451365,100.84,5.25,4.375,EM,True
2025-07-31,PHP,58.334789,99.93,5.25,4.375,EM,True
2025-08-31,PHP,57.202779,100.42,5,4.375,EM,True
2025-09-30,PHP,58.236096,99.77,5,4.125,EM,True
2025-10-31,PHP,58.711269,98.56,4.75,3.875,EM,True
2025-11-30,PHP,58.665917,98.54,4.75,3.875,EM,True
2025-12-31,PHP,58.949787,98.6,4.5,3.625,EM,True
2026-01-31,PHP,58.906787,98.54,4.5,3.625,EM,True
2026-02-28,PHP,57.683185,99.02,4.25,3.625,EM,True
2026-03-31,PHP,60.688815,99.17,4.25,3.625,EM,True
2026-04-30,PHP,61.45787,99.72,4.5,3.625,EM,True
2026-05-31,PHP,61.571625,97.19,4.5,3.625,EM,True
2026-06-30,PHP,61.357732,98.1,4.75,3.625,EM,True
2026-07-31,PHP,61.268611,,4.75,3.625,EM,True
1995-01-31,PLN,2.4325,77.41,31,5.5,EM,True
1995-02-28,PLN,2.4194,77.42,34,6,EM,True
1995-03-31,PLN,2.402,77.22,34,6,EM,True
1995-04-30,PLN,2.3971,77.54,34,6,EM,True
1995-05-31,PLN,2.322,79.52,30,6,EM,True
1995-06-30,PLN,2.342,81.05,30,6,EM,True
1995-07-31,PLN,2.3685,78.93,30,5.75,EM,True
1995-08-31,PLN,2.472,78.55,30,5.75,EM,True
1995-09-30,PLN,2.433,80.71,28,5.75,EM,True
1995-10-31,PLN,2.4525,80.88,28,5.75,EM,True
1995-11-30,PLN,2.51,80.66,28,5.75,EM,True
1995-12-31,PLN,2.468,81.52,28,5.5,EM,True
1996-01-31,PLN,2.552,85,26,5.25,EM,True
1996-02-29,PLN,2.5615,84.91,26,5.25,EM,True
1996-03-31,PLN,2.5875,85.09,26,5.25,EM,True
1996-04-30,PLN,2.658,86.1,26,5.25,EM,True
1996-05-31,PLN,2.691,86.23,26,5.25,EM,True
1996-06-30,PLN,2.72,85.48,26,5.25,EM,True
1996-07-31,PLN,2.7005,84.55,25,5.25,EM,True
1996-08-31,PLN,2.742,83.87,25,5.25,EM,True
1996-09-30,PLN,2.811,84.41,25,5.25,EM,True
1996-10-31,PLN,2.8105,84.79,25,5.25,EM,True
1996-11-30,PLN,2.8485,84.86,25,5.25,EM,True
1996-12-31,PLN,2.8755,85.92,25,5.25,EM,True
1997-01-31,PLN,2.9995,85.8,25,5.25,EM,True
1997-02-28,PLN,3.058,88.72,25,5.25,EM,True
1997-03-31,PLN,3.075,89.03,25,5.5,EM,True
1997-04-30,PLN,3.1595,88.9,25,5.5,EM,True
1997-05-31,PLN,3.198,87.49,25,5.5,EM,True
1997-06-30,PLN,3.286,87.57,25,5.5,EM,True
1997-07-31,PLN,3.463,84.92,25,5.5,EM,True
1997-08-31,PLN,3.472,84.98,27,5.5,EM,True
1997-09-30,PLN,3.4205,85.18,27,5.5,EM,True
1997-10-31,PLN,3.489,85.77,27,5.5,EM,True
1997-11-30,PLN,3.527491,84.17,27,5.5,EM,True
1997-12-31,PLN,3.514005,86.91,27,5.5,EM,True
1998-01-31,PLN,3.539244,91.46,27,5.5,EM,True
1998-02-28,PLN,3.483514,92.15,24,5.5,EM,True
1998-03-31,PLN,3.44749,94.66,24,5.5,EM,True
1998-04-30,PLN,3.3993,95.55,23,5.5,EM,True
1998-05-31,PLN,3.489998,94.79,21.5,5.5,EM,True
1998-06-30,PLN,3.482489,94.21,21.5,5.5,EM,True
1998-07-31,PLN,3.434242,94.64,19,5.5,EM,True
1998-08-31,PLN,3.738492,91.24,19,5.5,EM,True
1998-09-30,PLN,3.577489,88.63,18,5.25,EM,True
1998-10-31,PLN,3.445303,88.97,17,5,EM,True
1998-11-30,PLN,3.480498,92.16,17,4.75,EM,True
1998-12-31,PLN,3.50501,91.15,15.5,4.75,EM,True
1999-01-31,PLN,3.65513,91.89,13,4.75,EM,True
1999-02-28,PLN,3.946451,88.64,13,4.75,EM,True
1999-03-31,PLN,3.998045,87.87,13,4.75,EM,True
1999-04-30,PLN,3.952345,88.25,13,4.75,EM,True
1999-05-31,PLN,3.970735,90.62,13,4.75,EM,True
1999-06-30,PLN,3.929125,92.03,13,5,EM,True
1999-07-31,PLN,3.860015,93.3,13,5,EM,True
1999-08-31,PLN,3.980327,90.04,13,5.25,EM,True
1999-09-30,PLN,4.096296,88.76,14,5.25,EM,True
1999-10-31,PLN,4.223668,87.72,14,5.25,EM,True
1999-11-30,PLN,4.288204,87.74,16.5,5.5,EM,True
1999-12-31,PLN,4.139658,91.46,16.5,5.5,EM,True
2000-01-31,PLN,4.203146,94.25,16.5,5.5,EM,True
2000-02-29,PLN,4.152254,96.08,17.5,5.75,EM,True
2000-03-31,PLN,4.148644,99.35,17.5,6,EM,True
2000-04-30,PLN,4.469675,97.67,17.5,6,EM,True
2000-05-31,PLN,4.393744,95.98,17.5,6.5,EM,True
2000-06-30,PLN,4.377878,95.14,17.5,6.5,EM,True
2000-07-31,PLN,4.3395,98.31,17.5,6.5,EM,True
2000-08-31,PLN,4.385807,99.63,19,6.5,EM,True
2000-09-30,PLN,4.543639,100.14,19,6.5,EM,True
2000-10-31,PLN,4.665558,99.17,19,6.5,EM,True
2000-11-30,PLN,4.466029,101.32,19,6.5,EM,True
2000-12-31,PLN,4.137346,103.17,19,6.5,EM,True
2001-01-31,PLN,4.085871,106.03,19,5.5,EM,True
2001-02-28,PLN,4.040549,108.09,19,5.5,EM,True
2001-03-31,PLN,4.083107,110.37,17,5,EM,True
2001-04-30,PLN,3.971834,113.61,17,4.5,EM,True
2001-05-31,PLN,4.001179,117.06,17,4,EM,True
2001-06-30,PLN,3.973585,119.51,15.5,3.75,EM,True
2001-07-31,PLN,4.237921,112.18,15.5,3.75,EM,True
2001-08-31,PLN,4.227124,106.83,14.5,3.5,EM,True
2001-09-30,PLN,4.227138,106.59,14.5,3,EM,True
2001-10-31,PLN,4.097545,109.74,13,2.5,EM,True
2001-11-30,PLN,4.074511,112.55,11.5,2,EM,True
2001-12-31,PLN,3.966073,114.03,11.5,1.75,EM,True
2002-01-31,PLN,4.166609,114.11,10,1.75,EM,True
2002-02-28,PLN,4.216276,111.97,10,1.75,EM,True
2002-03-31,PLN,4.115314,112.41,10,1.75,EM,True
2002-04-30,PLN,4.000555,113.34,9.5,1.75,EM,True
2002-05-31,PLN,4.025035,110.18,9,1.75,EM,True
2002-06-30,PLN,4.069975,106.89,8.5,1.75,EM,True
2002-07-31,PLN,4.183277,100.94,8.5,1.75,EM,True
2002-08-31,PLN,4.141157,100.43,8,1.75,EM,True
2002-09-30,PLN,4.15071,100.74,7.5,1.75,EM,True
2002-10-31,PLN,4.032543,101.62,7,1.75,EM,True
2002-11-30,PLN,4.015312,103.98,6.75,1.25,EM,True
2002-12-31,PLN,3.834271,103.33,6.75,1.25,EM,True
2003-01-31,PLN,3.822578,102.43,6.5,1.25,EM,True
2003-02-28,PLN,3.909108,100.17,6.25,1.25,EM,True
2003-03-31,PLN,4.056907,96.32,6,1.25,EM,True
2003-04-30,PLN,3.834337,97.33,5.75,1.25,EM,True
2003-05-31,PLN,3.727965,97.76,5.5,1.25,EM,True
2003-06-30,PLN,3.918351,95.59,5.25,1,EM,True
2003-07-31,PLN,3.86358,94.85,5.25,1,EM,True
2003-08-31,PLN,3.989201,95.41,5.25,1,EM,True
2003-09-30,PLN,3.967302,93.42,5.25,1,EM,True
2003-10-31,PLN,4.044226,91.73,5.25,1,EM,True
2003-11-30,PLN,3.922545,91.51,5.25,1,EM,True
2003-12-31,PLN,3.722803,91.57,5.25,1,EM,True
2004-01-31,PLN,3.855701,91.2,5.25,1,EM,True
2004-02-29,PLN,3.923418,88.28,5.25,1,EM,True
2004-03-31,PLN,3.872382,89.17,5.25,1,EM,True
2004-04-30,PLN,4.026785,88.98,5.25,1,EM,True
2004-05-31,PLN,3.808411,90.65,5.25,1,EM,True
2004-06-30,PLN,3.721596,94.07,5.25,1.25,EM,True
2004-07-31,PLN,3.647811,96.94,6,1.25,EM,True
2004-08-31,PLN,3.681116,97.08,6.5,1.5,EM,True
2004-09-30,PLN,3.529454,98.54,6.5,1.75,EM,True
2004-10-31,PLN,3.395462,100.42,6.5,1.75,EM,True
2004-11-30,PLN,3.164724,102.61,6.5,2,EM,True
2004-12-31,PLN,2.998679,105.8,6.5,2.25,EM,True
2005-01-31,PLN,3.130495,106.96,6.5,2.25,EM,True
2005-02-28,PLN,2.946821,108.4,6.5,2.5,EM,True
2005-03-31,PLN,3.147717,107.52,6,2.75,EM,True
2005-04-30,PLN,3.296674,103.44,5.5,2.75,EM,True
2005-05-31,PLN,3.337929,102.64,5.5,3,EM,True
2005-06-30,PLN,3.34006,104.13,5,3.25,EM,True
2005-07-31,PLN,3.366824,102.95,4.75,3.25,EM,True
2005-08-31,PLN,3.30505,104.2,4.75,3.5,EM,True
2005-09-30,PLN,3.254028,107.31,4.5,3.75,EM,True
2005-10-31,PLN,3.309573,107.09,4.5,3.75,EM,True
2005-11-30,PLN,3.321013,105.31,4.5,4,EM,True
2005-12-31,PLN,3.272018,108.11,4.5,4.25,EM,True
2006-01-31,PLN,3.166942,109.44,4.5,4.5,EM,True
2006-02-28,PLN,3.189474,109.36,4.25,4.5,EM,True
2006-03-31,PLN,3.257188,106.7,4,4.75,EM,True
2006-04-30,PLN,3.090612,106.24,4,4.75,EM,True
2006-05-31,PLN,3.059294,107.78,4,5,EM,True
2006-06-30,PLN,3.189334,104.14,4,5.25,EM,True
2006-07-31,PLN,3.08334,105.05,4,5.25,EM,True
2006-08-31,PLN,3.064197,107.66,4,5.25,EM,True
2006-09-30,PLN,3.136888,106.03,4,5.25,EM,True
2006-10-31,PLN,3.050646,107.49,4,5.25,EM,True
2006-11-30,PLN,2.887348,109.68,4,5.25,EM,True
2006-12-31,PLN,2.908884,109.73,4,5.25,EM,True
2007-01-31,PLN,3.031805,108.09,4,5.25,EM,True
2007-02-28,PLN,2.965786,107.68,4,5.25,EM,True
2007-03-31,PLN,2.903439,108.22,4,5.25,EM,True
2007-04-30,PLN,2.779125,110.51,4.25,5.25,EM,True
2007-05-31,PLN,2.835947,111.66,4.25,5.25,EM,True
2007-06-30,PLN,2.789856,110.56,4.5,5.25,EM,True
2007-07-31,PLN,2.764281,111.64,4.5,5.25,EM,True
2007-08-31,PLN,2.784531,109.67,4.75,5.25,EM,True
2007-09-30,PLN,2.660978,111.1,4.75,4.75,EM,True
2007-10-31,PLN,2.517962,113.95,4.75,4.5,EM,True
2007-11-30,PLN,2.447869,116.35,5,4.5,EM,True
2007-12-31,PLN,2.441071,117.93,5,4.25,EM,True
2008-01-31,PLN,2.437391,118.57,5.25,3,EM,True
2008-02-29,PLN,2.327751,119.16,5.5,3,EM,True
2008-03-31,PLN,2.227422,121.84,5.75,2.25,EM,True
2008-04-30,PLN,2.221042,125.68,5.75,2,EM,True
2008-05-31,PLN,2.176232,127.07,5.75,2,EM,True
2008-06-30,PLN,2.12592,127.67,6,2,EM,True
2008-07-31,PLN,2.053872,132.07,6,2,EM,True
2008-08-31,PLN,2.274041,128.94,6,2,EM,True
2008-09-30,PLN,2.374816,125.28,6,2,EM,True
2008-10-31,PLN,2.819315,117.43,6,1,EM,True
2008-11-30,PLN,2.965978,113.07,5.75,1,EM,True
2008-12-31,PLN,2.984479,108.04,5,0.125,EM,True
2009-01-31,PLN,3.481586,103.08,4.25,0.125,EM,True
2009-02-28,PLN,3.719551,94.15,4,0.125,EM,True
2009-03-31,PLN,3.523069,95.82,3.75,0.125,EM,True
2009-04-30,PLN,3.313974,99.84,3.75,0.125,EM,True
2009-05-31,PLN,3.17506,100.91,3.75,0.125,EM,True
2009-06-30,PLN,3.149851,99.26,3.5,0.125,EM,True
2009-07-31,PLN,2.941717,104.58,3.5,0.125,EM,True
2009-08-31,PLN,2.875561,108.09,3.5,0.125,EM,True
2009-09-30,PLN,2.888411,107.72,3.5,0.125,EM,True
2009-10-31,PLN,2.865541,106.59,3.5,0.125,EM,True
2009-11-30,PLN,2.758504,108.04,3.5,0.125,EM,True
2009-12-31,PLN,2.84916,107.81,3.5,0.125,EM,True
2010-01-31,PLN,2.89725,109.54,3.5,0.125,EM,True
2010-02-28,PLN,2.925424,109.55,3.5,0.125,EM,True
2010-03-31,PLN,2.86913,112.16,3.5,0.125,EM,True
2010-04-30,PLN,2.941269,111.74,3.5,0.125,EM,True
2010-05-31,PLN,3.314455,105.52,3.5,0.125,EM,True
2010-06-30,PLN,3.379513,103.88,3.5,0.125,EM,True
2010-07-31,PLN,3.076835,105.41,3.5,0.125,EM,True
2010-08-31,PLN,3.165221,107.04,3.5,0.125,EM,True
2010-09-30,PLN,2.919622,108.42,3.5,0.125,EM,True
2010-10-31,PLN,2.873638,110.31,3.5,0.125,EM,True
2010-11-30,PLN,3.130635,109.57,3.5,0.125,EM,True
2010-12-31,PLN,2.974854,107.24,3.5,0.125,EM,True
2011-01-31,PLN,2.874817,111.51,3.75,0.125,EM,True
2011-02-28,PLN,2.858754,110.59,3.75,0.125,EM,True
2011-03-31,PLN,2.822975,108.94,3.75,0.125,EM,True
2011-04-30,PLN,2.648452,110.9,4,0.125,EM,True
2011-05-31,PLN,2.749948,111.88,4.25,0.125,EM,True
2011-06-30,PLN,2.76088,110.72,4.5,0.125,EM,True
2011-07-31,PLN,2.81108,109.53,4.5,0.125,EM,True
2011-08-31,PLN,2.870657,106.23,4.5,0.125,EM,True
2011-09-30,PLN,3.262238,99.96,4.5,0.125,EM,True
2011-10-31,PLN,3.103135,100.29,4.5,0.125,EM,True
2011-11-30,PLN,3.359666,98.79,4.5,0.125,EM,True
2011-12-31,PLN,3.445398,97.16,4.5,0.125,EM,True
2012-01-31,PLN,3.206056,99.35,4.5,0.125,EM,True
2012-02-29,PLN,3.065685,104.08,4.5,0.125,EM,True
2012-03-31,PLN,3.108865,104.97,4.5,0.125,EM,True
2012-04-30,PLN,3.156425,104.07,4.5,0.125,EM,True
2012-05-31,PLN,3.540676,100.99,4.75,0.125,EM,True
2012-06-30,PLN,3.374742,101.01,4.75,0.125,EM,True
2012-07-31,PLN,3.341745,102.55,4.75,0.125,EM,True
2012-08-31,PLN,3.311791,104.03,4.75,0.125,EM,True
2012-09-30,PLN,3.173859,103.53,4.75,0.125,EM,True
2012-10-31,PLN,3.185561,104.68,4.75,0.125,EM,True
2012-11-30,PLN,3.161251,103.98,4.5,0.125,EM,True
2012-12-31,PLN,3.087767,105.39,4.25,0.125,EM,True
2013-01-31,PLN,3.095572,105.35,4,0.125,EM,True
2013-02-28,PLN,3.162084,104.59,3.75,0.125,EM,True
2013-03-31,PLN,3.264662,103.79,3.25,0.125,EM,True
2013-04-30,PLN,3.175031,104.87,3.25,0.125,EM,True
2013-05-31,PLN,3.290174,103.56,3,0.125,EM,True
2013-06-30,PLN,3.316208,101.79,2.75,0.125,EM,True
2013-07-31,PLN,3.191714,102.53,2.5,0.125,EM,True
2013-08-31,PLN,3.221232,103.78,2.5,0.125,EM,True
2013-09-30,PLN,3.131285,103.23,2.5,0.125,EM,True
2013-10-31,PLN,3.063045,104.98,2.5,0.125,EM,True
2013-11-30,PLN,3.090148,104.94,2.5,0.125,EM,True
2013-12-31,PLN,3.012327,105.94,2.5,0.125,EM,True
2014-01-31,PLN,3.143534,106.4,2.5,0.125,EM,True
2014-02-28,PLN,3.017158,106.49,2.5,0.125,EM,True
2014-03-31,PLN,3.025747,106.04,2.5,0.125,EM,True
2014-04-30,PLN,3.034224,106.02,2.5,0.125,EM,True
2014-05-31,PLN,3.04336,105.56,2.5,0.125,EM,True
2014-06-30,PLN,3.043491,106.23,2.5,0.125,EM,True
2014-07-31,PLN,3.116152,105.92,2.5,0.125,EM,True
2014-08-31,PLN,3.19768,103.88,2.5,0.125,EM,True
2014-09-30,PLN,3.320035,102.8,2.5,0.125,EM,True
2014-10-31,PLN,3.367694,102.08,2,0.125,EM,True
2014-11-30,PLN,3.351678,101.97,2,0.125,EM,True
2014-12-31,PLN,3.519644,101.83,2,0.125,EM,True
2015-01-31,PLN,3.721805,99.68,2,0.125,EM,True
2015-02-28,PLN,3.694306,100.48,2,0.125,EM,True
2015-03-31,PLN,3.797193,99.65,1.5,0.125,EM,True
2015-04-30,PLN,3.588943,101.76,1.5,0.125,EM,True
2015-05-31,PLN,3.764631,101.01,1.5,0.125,EM,True
2015-06-30,PLN,3.745732,99.67,1.5,0.125,EM,True
2015-07-31,PLN,3.778153,99.54,1.5,0.125,EM,True
2015-08-31,PLN,3.770753,99.42,1.5,0.125,EM,True
2015-09-30,PLN,3.788985,99.1,1.5,0.125,EM,True
2015-10-31,PLN,3.870745,98.01,1.5,0.125,EM,True
2015-11-30,PLN,4.038283,96.8,1.5,0.125,EM,True
2015-12-31,PLN,3.916506,96.66,1.5,0.375,EM,True
2016-01-31,PLN,4.065751,95.09,1.5,0.375,EM,True
2016-02-29,PLN,3.999173,95.29,1.5,0.375,EM,True
2016-03-31,PLN,3.739657,96.66,1.5,0.375,EM,True
2016-04-30,PLN,3.855564,96.55,1.5,0.375,EM,True
2016-05-31,PLN,3.93267,94.54,1.5,0.375,EM,True
2016-06-30,PLN,3.995857,94.5,1.5,0.375,EM,True
2016-07-31,PLN,3.926033,94.42,1.5,0.375,EM,True
2016-08-31,PLN,3.910618,96.56,1.5,0.375,EM,True
2016-09-30,PLN,3.869904,95.86,1.5,0.375,EM,True
2016-10-31,PLN,3.953773,96.3,1.5,0.375,EM,True
2016-11-30,PLN,4.182699,94.57,1.5,0.375,EM,True
2016-12-31,PLN,4.183948,93.51,1.5,0.625,EM,True
2017-01-31,PLN,4.020363,95.74,1.5,0.625,EM,True
2017-02-28,PLN,4.071718,96.66,1.5,0.625,EM,True
2017-03-31,PLN,3.953325,96.83,1.5,0.875,EM,True
2017-04-30,PLN,3.863129,97.68,1.5,0.875,EM,True
2017-05-31,PLN,3.717316,99.54,1.5,0.875,EM,True
2017-06-30,PLN,3.703032,99.44,1.5,1.125,EM,True
2017-07-31,PLN,3.623518,99.59,1.5,1.125,EM,True
2017-08-31,PLN,3.601015,99.15,1.5,1.125,EM,True
2017-09-30,PLN,3.645773,99.09,1.5,1.125,EM,True
2017-10-31,PLN,3.646675,99.51,1.5,1.125,EM,True
2017-11-30,PLN,3.540805,100.99,1.5,1.125,EM,True
2017-12-31,PLN,3.482865,101.61,1.5,1.375,EM,True
2018-01-31,PLN,3.331701,103.44,1.5,1.375,EM,True
2018-02-28,PLN,3.420747,102.96,1.5,1.375,EM,True
2018-03-31,PLN,3.417417,101.4,1.5,1.625,EM,True
2018-04-30,PLN,3.498965,102.04,1.5,1.625,EM,True
2018-05-31,PLN,3.680486,99.08,1.5,1.625,EM,True
2018-06-30,PLN,3.751244,98.63,1.5,1.875,EM,True
2018-07-31,PLN,3.644342,98.77,1.5,1.875,EM,True
2018-08-31,PLN,3.683203,99.84,1.5,1.875,EM,True
2018-09-30,PLN,3.695059,99.74,1.5,2.125,EM,True
2018-10-31,PLN,3.833893,99.23,1.5,2.125,EM,True
2018-11-30,PLN,3.776741,99.22,1.5,2.125,EM,True
2018-12-31,PLN,3.756681,99.56,1.5,2.375,EM,True
2019-01-31,PLN,3.720056,99.43,1.5,2.375,EM,True
2019-02-28,PLN,3.774439,98.41,1.5,2.375,EM,True
2019-03-31,PLN,3.827859,98.43,1.5,2.375,EM,True
2019-04-30,PLN,3.821359,99.2,1.5,2.375,EM,True
2019-05-31,PLN,3.842077,99.46,1.5,2.375,EM,True
2019-06-30,PLN,3.734271,100.59,1.5,2.375,EM,True
2019-07-31,PLN,3.848265,100.43,1.5,2.375,EM,True
2019-08-31,PLN,3.969917,98.7,1.5,2.125,EM,True
2019-09-30,PLN,4.020755,97.97,1.5,1.875,EM,True
2019-10-31,PLN,3.817554,99.09,1.5,1.625,EM,True
2019-11-30,PLN,3.932344,99.32,1.5,1.625,EM,True
2019-12-31,PLN,3.789211,100.18,1.5,1.625,EM,True
2020-01-31,PLN,3.891513,101.17,1.5,1.625,EM,True
2020-02-29,PLN,3.940876,100.58,1.5,1.625,EM,True
2020-03-31,PLN,4.153523,99.26,1,0.125,EM,True
2020-04-30,PLN,4.168444,97.05,0.5,0.125,EM,True
2020-05-31,PLN,3.9956,97.39,0.1,0.125,EM,True
2020-06-30,PLN,3.979282,100.37,0.1,0.125,EM,True
2020-07-31,PLN,3.716577,100.42,0.1,0.125,EM,True
2020-08-31,PLN,3.682663,102.67,0.1,0.125,EM,True
2020-09-30,PLN,3.882986,100.99,0.1,0.125,EM,True
2020-10-31,PLN,3.951274,99.29,0.1,0.125,EM,True
2020-11-30,PLN,3.732053,100.01,0.1,0.125,EM,True
2020-12-31,PLN,3.715834,100.8,0.1,0.125,EM,True
2021-01-31,PLN,3.733026,100.01,0.1,0.125,EM,True
2021-02-28,PLN,3.72791,100.34,0.1,0.125,EM,True
2021-03-31,PLN,3.966567,98.76,0.1,0.125,EM,True
2021-04-30,PLN,3.777106,100.32,0.1,0.125,EM,True
2021-05-31,PLN,3.67642,101.41,0.1,0.125,EM,True
2021-06-30,PLN,3.803517,101.43,0.1,0.125,EM,True
2021-07-31,PLN,3.837861,99.84,0.1,0.125,EM,True
2021-08-31,PLN,3.827615,99.36,0.1,0.125,EM,True
2021-09-30,PLN,3.989723,99.7,0.1,0.125,EM,True
2021-10-31,PLN,3.968656,99.09,0.5,0.125,EM,True
2021-11-30,PLN,4.104462,98.07,1.25,0.125,EM,True
2021-12-31,PLN,4.058714,99.32,1.75,0.125,EM,True
2022-01-31,PLN,4.113661,101.44,2.25,0.125,EM,True
2022-02-28,PLN,4.18207,100.34,2.75,0.125,EM,True
2022-03-31,PLN,4.191604,97.48,3.5,0.375,EM,True
2022-04-30,PLN,4.43833,99.8,4.5,0.375,EM,True
2022-05-31,PLN,4.275646,101.08,5.25,0.875,EM,True
2022-06-30,PLN,4.515645,102.07,6,1.625,EM,True
2022-07-31,PLN,4.645519,98.22,6.5,2.375,EM,True
2022-08-31,PLN,4.7283,99.44,6.5,2.375,EM,True
2022-09-30,PLN,4.973636,100.11,6.75,3.125,EM,True
2022-10-31,PLN,4.749344,100.49,6.75,3.125,EM,True
2022-11-30,PLN,4.494507,104.4,6.75,3.875,EM,True
2022-12-31,PLN,4.388524,105.65,6.75,4.375,EM,True
2023-01-31,PLN,4.346903,107.21,6.75,4.375,EM,True
2023-02-28,PLN,4.4378,106.79,6.75,4.625,EM,True
2023-03-31,PLN,4.294253,109.07,6.75,4.875,EM,True
2023-04-30,PLN,4.172207,111.73,6.75,4.875,EM,True
2023-05-31,PLN,4.246747,114.17,6.75,5.125,EM,True
2023-06-30,PLN,4.085036,116.82,6.75,5.125,EM,True
2023-07-31,PLN,3.998004,118.09,6.75,5.375,EM,True
2023-08-31,PLN,4.110508,116.98,6.75,5.375,EM,True
2023-09-30,PLN,4.368794,112.05,6,5.375,EM,True
2023-10-31,PLN,4.181656,114.11,5.75,5.375,EM,True
2023-11-30,PLN,3.978593,118.63,5.75,5.375,EM,True
2023-12-31,PLN,3.927149,120.23,5.75,5.375,EM,True
2024-01-31,PLN,3.998339,119.93,5.75,5.375,EM,True
2024-02-29,PLN,3.991132,120.35,5.75,5.375,EM,True
2024-03-31,PLN,3.988808,121.49,5.75,5.375,EM,True
2024-04-30,PLN,4.02855,122.36,5.75,5.375,EM,True
2024-05-31,PLN,3.92969,123.02,5.75,5.375,EM,True
2024-06-30,PLN,4.025222,121.67,5.75,5.375,EM,True
2024-07-31,PLN,3.962689,124.74,5.75,5.375,EM,True
2024-08-31,PLN,3.85704,124.35,5.75,5.375,EM,True
2024-09-30,PLN,3.821722,124.78,5.75,4.875,EM,True
2024-10-31,PLN,3.998162,123.18,5.75,4.875,EM,True
2024-11-30,PLN,4.067411,123.05,5.75,4.625,EM,True
2024-12-31,PLN,4.114929,124.13,5.75,4.375,EM,True
2025-01-31,PLN,4.05369,125.37,5.75,4.375,EM,True
2025-02-28,PLN,3.986457,127.21,5.75,4.375,EM,True
2025-03-31,PLN,3.868701,128.73,5.75,4.375,EM,True
2025-04-30,PLN,3.759166,128.58,5.75,4.375,EM,True
2025-05-31,PLN,3.74795,127.96,5.25,4.375,EM,True
2025-06-30,PLN,3.61971,128.36,5.25,4.375,EM,True
2025-07-31,PLN,3.733007,129.57,5,4.375,EM,True
2025-08-31,PLN,3.659719,129.11,5,4.375,EM,True
2025-09-30,PLN,3.636658,129.27,4.75,4.125,EM,True
2025-10-31,PLN,3.683573,129.05,4.5,3.875,EM,True
2025-11-30,PLN,3.665053,129.52,4.25,3.875,EM,True
2025-12-31,PLN,3.59234,130.21,4,3.625,EM,True
2026-01-31,PLN,3.52991,131.18,4,3.625,EM,True
2026-02-28,PLN,3.578399,130.34,4,3.625,EM,True
2026-03-31,PLN,3.730214,128.74,3.75,3.625,EM,True
2026-04-30,PLN,3.640831,129.48,3.75,3.625,EM,True
2026-05-31,PLN,3.630625,128.84,3.75,3.625,EM,True
2026-06-30,PLN,3.769967,127.15,3.75,3.625,EM,True
2026-07-31,PLN,3.755768,,3.75,3.625,EM,True
1995-01-31,SEK,7.445487,135.08,7.6,5.5,DM,True
1995-02-28,SEK,7.369998,135.11,7.83,6,DM,True
1995-03-31,SEK,7.407979,132.58,8.2,6,DM,True
1995-04-30,SEK,7.261491,129.19,8.41,6,DM,True
1995-05-31,SEK,7.24348,131.18,8.41,6,DM,True
1995-06-30,SEK,7.285478,130.65,8.66,6,DM,True
1995-07-31,SEK,7.037593,131.5,8.91,5.75,DM,True
1995-08-31,SEK,7.297027,133.53,8.91,5.75,DM,True
1995-09-30,SEK,6.95019,137.15,8.91,5.75,DM,True
1995-10-31,SEK,6.66051,141,8.91,5.75,DM,True
1995-11-30,SEK,6.530417,146.13,8.91,5.75,DM,True
1995-12-31,SEK,6.617711,146.3,8.91,5.5,DM,True
1996-01-31,SEK,6.950223,144.91,8.45,5.25,DM,True
1996-02-29,SEK,6.747485,141.51,8.05,5.25,DM,True
1996-03-31,SEK,6.698481,145.18,7.4,5.25,DM,True
1996-04-30,SEK,6.780987,146.84,6.9,5.25,DM,True
1996-05-31,SEK,6.758009,145.85,6.5,5.25,DM,True
1996-06-30,SEK,6.651779,147.42,6.1,5.25,DM,True
1996-07-31,SEK,6.590014,146.77,5.55,5.25,DM,True
1996-08-31,SEK,6.629977,145.44,5.25,5.25,DM,True
1996-09-30,SEK,6.634023,146.38,5.05,5.25,DM,True
1996-10-31,SEK,6.560489,147.83,4.6,5.25,DM,True
1996-11-30,SEK,6.697519,144.92,4.35,5.25,DM,True
1996-12-31,SEK,6.885929,142.28,4.1,5.25,DM,True
1997-01-31,SEK,7.226011,139.74,4.1,5.25,DM,True
1997-02-28,SEK,7.497493,136.75,4.1,5.25,DM,True
1997-03-31,SEK,7.581211,133.97,4.1,5.5,DM,True
1997-04-30,SEK,7.823306,134.45,4.1,5.5,DM,True
1997-05-31,SEK,7.709014,133.65,4.1,5.5,DM,True
1997-06-30,SEK,7.740518,133.03,4.1,5.5,DM,True
1997-07-31,SEK,7.955482,134.27,4.1,5.5,DM,True
1997-08-31,SEK,7.838529,134.43,4.1,5.5,DM,True
1997-09-30,SEK,7.581006,138.45,4.1,5.5,DM,True
1997-10-31,SEK,7.496408,139.24,4.1,5.5,DM,True
1997-11-30,SEK,7.732485,137.88,4.1,5.5,DM,True
1997-12-31,SEK,7.908224,137.37,4.35,5.5,DM,True
1998-01-31,SEK,8.087976,135.07,4.35,5.5,DM,True
1998-02-28,SEK,8.016028,132.66,4.35,5.5,DM,True
1998-03-31,SEK,7.97099,134.56,4.35,5.5,DM,True
1998-04-30,SEK,7.744998,136.56,4.35,5.5,DM,True
1998-05-31,SEK,7.839503,138.05,4.35,5.5,DM,True
1998-06-30,SEK,7.972169,135.28,4.1,5.5,DM,True
1998-07-31,SEK,7.921485,134.09,4.1,5.5,DM,True
1998-08-31,SEK,8.092988,131.29,4.1,5.5,DM,True
1998-09-30,SEK,7.851475,131.17,4.1,5.25,DM,True
1998-10-31,SEK,7.797505,128.42,4.1,5,DM,True
1998-11-30,SEK,8.101493,127.47,3.6,4.75,DM,True
1998-12-31,SEK,8.132016,125.61,3.4,4.75,DM,True
1999-01-31,SEK,7.800422,130.24,3.4,4.75,DM,True
1999-02-28,SEK,8.170721,131.36,3.15,4.75,DM,True
1999-03-31,SEK,8.273133,129.81,2.9,4.75,DM,True
1999-04-30,SEK,8.405681,128.89,2.9,4.75,DM,True
1999-05-31,SEK,8.576894,127.66,2.9,4.75,DM,True
1999-06-30,SEK,8.46921,128.65,2.9,5,DM,True
1999-07-31,SEK,8.204133,129.26,2.9,5,DM,True
1999-08-31,SEK,8.219994,129.82,2.9,5.25,DM,True
1999-09-30,SEK,8.179559,131.13,2.9,5.25,DM,True
1999-10-31,SEK,8.284703,130.44,2.9,5.25,DM,True
1999-11-30,SEK,8.473804,129.57,3.25,5.5,DM,True
1999-12-31,SEK,8.523293,128.84,3.25,5.5,DM,True
2000-01-31,SEK,8.783577,127.46,3.25,5.5,DM,True
2000-02-29,SEK,8.680255,127.84,3.75,5.75,DM,True
2000-03-31,SEK,8.670051,128.87,3.75,6,DM,True
2000-04-30,SEK,8.959824,129.51,3.75,6,DM,True
2000-05-31,SEK,9.012684,129.13,3.75,6.5,DM,True
2000-06-30,SEK,8.812265,129.81,3.75,6.5,DM,True
2000-07-31,SEK,9.190739,127.26,3.75,6.5,DM,True
2000-08-31,SEK,9.449809,125.57,3.75,6.5,DM,True
2000-09-30,SEK,9.727895,124.02,3.75,6.5,DM,True
2000-10-31,SEK,10.079957,121.69,3.75,6.5,DM,True
2000-11-30,SEK,10.035698,120.47,3.75,6.5,DM,True
2000-12-31,SEK,9.490919,122.01,4,6.5,DM,True
2001-01-31,SEK,9.511998,120.8,4,5.5,DM,True
2001-02-28,SEK,9.795415,119.34,4,5.5,DM,True
2001-03-31,SEK,10.36798,117.83,4,5,DM,True
2001-04-30,SEK,10.267575,117.96,4,4.5,DM,True
2001-05-31,SEK,10.760613,117.67,4,4,DM,True
2001-06-30,SEK,10.863797,114.47,4,3.75,DM,True
2001-07-31,SEK,10.597944,114.25,4.25,3.75,DM,True
2001-08-31,SEK,10.411116,115.8,4.25,3.5,DM,True
2001-09-30,SEK,10.658307,112.38,3.75,3,DM,True
2001-10-31,SEK,10.630613,113.15,3.75,2.5,DM,True
2001-11-30,SEK,10.666442,114.2,3.75,2,DM,True
2001-12-31,SEK,10.553954,114.16,3.75,1.75,DM,True
2002-01-31,SEK,10.617112,115.91,3.75,1.75,DM,True
2002-02-28,SEK,10.475668,115.95,3.75,1.75,DM,True
2002-03-31,SEK,10.351215,118.14,4,1.75,DM,True
2002-04-30,SEK,10.273091,117.28,4,1.75,DM,True
2002-05-31,SEK,9.701715,117.5,4.25,1.75,DM,True
2002-06-30,SEK,9.124311,120.34,4.25,1.75,DM,True
2002-07-31,SEK,9.449555,119.29,4.25,1.75,DM,True
2002-08-31,SEK,9.328893,119.17,4.25,1.75,DM,True
2002-09-30,SEK,9.281542,120.87,4.25,1.75,DM,True
2002-10-31,SEK,9.215328,122.07,4.25,1.75,DM,True
2002-11-30,SEK,9.111816,122.43,4,1.25,DM,True
2002-12-31,SEK,8.727758,122.64,3.75,1.25,DM,True
2003-01-31,SEK,8.532267,123.3,3.75,1.25,DM,True
2003-02-28,SEK,8.482471,125.23,3.75,1.25,DM,True
2003-03-31,SEK,8.500046,124.82,3.5,1.25,DM,True
2003-04-30,SEK,8.191088,125.33,3.5,1.25,DM,True
2003-05-31,SEK,7.739807,127.58,3.5,1.25,DM,True
2003-06-30,SEK,8.093813,128.17,3,1,DM,True
2003-07-31,SEK,8.118042,126.12,2.75,1,DM,True
2003-08-31,SEK,8.446966,124.37,2.75,1,DM,True
2003-09-30,SEK,7.691813,127.02,2.75,1,DM,True
2003-10-31,SEK,7.784719,129.06,2.75,1,DM,True
2003-11-30,SEK,7.543355,128.91,2.75,1,DM,True
2003-12-31,SEK,7.189232,130.24,2.75,1,DM,True
2004-01-31,SEK,7.424096,129.15,2.75,1,DM,True
2004-02-29,SEK,7.433967,127.99,2.5,1,DM,True
2004-03-31,SEK,7.573707,126.14,2.5,1,DM,True
2004-04-30,SEK,7.657404,125.41,2,1,DM,True
2004-05-31,SEK,7.451467,126.5,2,1,DM,True
2004-06-30,SEK,7.523735,125.72,2,1.25,DM,True
2004-07-31,SEK,7.671484,125.28,2,1.25,DM,True
2004-08-31,SEK,7.535546,124.89,2,1.5,DM,True
2004-09-30,SEK,7.300185,127.01,2,1.75,DM,True
2004-10-31,SEK,7.107639,127.92,2,1.75,DM,True
2004-11-30,SEK,6.712147,128.92,2,2,DM,True
2004-12-31,SEK,6.622568,129.73,2,2.25,DM,True
2005-01-31,SEK,6.985577,127.5,2,2.25,DM,True
2005-02-28,SEK,6.832315,126.48,2,2.5,DM,True
2005-03-31,SEK,7.052607,126.47,2,2.75,DM,True
2005-04-30,SEK,7.085359,124.51,2,2.75,DM,True
2005-05-31,SEK,7.429081,123.26,2,3,DM,True
2005-06-30,SEK,7.795154,120.56,1.5,3.25,DM,True
2005-07-31,SEK,7.777061,118.04,1.5,3.25,DM,True
2005-08-31,SEK,7.657075,119.46,1.5,3.5,DM,True
2005-09-30,SEK,7.745142,119.31,1.5,3.75,DM,True
2005-10-31,SEK,7.931465,117.81,1.5,3.75,DM,True
2005-11-30,SEK,8.095165,115.5,1.5,4,DM,True
2005-12-31,SEK,7.958379,117.02,1.5,4.25,DM,True
2006-01-31,SEK,7.63352,118.06,1.75,4.5,DM,True
2006-02-28,SEK,7.957053,117.28,1.75,4.5,DM,True
2006-03-31,SEK,7.792052,117.33,2,4.75,DM,True
2006-04-30,SEK,7.41565,118.6,2,4.75,DM,True
2006-05-31,SEK,7.208346,119.4,2,5,DM,True
2006-06-30,SEK,7.266971,120.91,2.25,5.25,DM,True
2006-07-31,SEK,7.231926,121.1,2.25,5.25,DM,True
2006-08-31,SEK,7.210879,121.1,2.25,5.25,DM,True
2006-09-30,SEK,7.329937,120.93,2.5,5.25,DM,True
2006-10-31,SEK,7.255829,120.78,2.5,5.25,DM,True
2006-11-30,SEK,6.868258,123.18,2.75,5.25,DM,True
2006-12-31,SEK,6.864389,124.25,3,5.25,DM,True
2007-01-31,SEK,6.987803,122.97,3,5.25,DM,True
2007-02-28,SEK,7.021649,121.66,3.25,5.25,DM,True
2007-03-31,SEK,7.01772,120.84,3.25,5.25,DM,True
2007-04-30,SEK,6.727159,122.06,3.25,5.25,DM,True
2007-05-31,SEK,6.908868,121.88,3.25,5.25,DM,True
2007-06-30,SEK,6.851166,119.95,3.5,5.25,DM,True
2007-07-31,SEK,6.704603,122.09,3.5,5.25,DM,True
2007-08-31,SEK,6.834148,120.01,3.5,5.25,DM,True
2007-09-30,SEK,6.498836,121.69,3.75,4.75,DM,True
2007-10-31,SEK,6.381325,123.61,4,4.5,DM,True
2007-11-30,SEK,6.348825,123.2,4,4.5,DM,True
2007-12-31,SEK,6.413627,121.05,4,4.25,DM,True
2008-01-31,SEK,6.370208,120.33,4,3,DM,True
2008-02-29,SEK,6.194237,120.77,4.25,3,DM,True
2008-03-31,SEK,5.942955,122.42,4.25,2.25,DM,True
2008-04-30,SEK,6.021557,123.43,4.25,2,DM,True
2008-05-31,SEK,6.01496,123.53,4.25,2,DM,True
2008-06-30,SEK,6.007549,122.69,4.25,2,DM,True
2008-07-31,SEK,6.062968,121.33,4.5,2,DM,True
2008-08-31,SEK,6.405226,120.91,4.5,2,DM,True
2008-09-30,SEK,6.847724,119.16,4.75,2,DM,True
2008-10-31,SEK,7.765149,114.83,3.75,1,DM,True
2008-11-30,SEK,8.097509,111.08,3.75,1,DM,True
2008-12-31,SEK,7.810591,106.32,2,0.125,DM,True
2009-01-31,SEK,8.277934,106.4,2,0.125,DM,True
2009-02-28,SEK,9.057577,103.63,1,0.125,DM,True
2009-03-31,SEK,8.220619,102.12,1,0.125,DM,True
2009-04-30,SEK,8.053861,104.26,0.5,0.125,DM,True
2009-05-31,SEK,7.566889,107.05,0.5,0.125,DM,True
2009-06-30,SEK,7.649993,104.81,0.5,0.125,DM,True
2009-07-31,SEK,7.310652,104.99,0.25,0.125,DM,True
2009-08-31,SEK,7.160244,111.09,0.25,0.125,DM,True
2009-09-30,SEK,6.987639,112.11,0.25,0.125,DM,True
2009-10-31,SEK,7.016554,111.29,0.25,0.125,DM,True
2009-11-30,SEK,6.958197,110.79,0.25,0.125,DM,True
2009-12-31,SEK,7.116479,109.36,0.25,0.125,DM,True
2010-01-31,SEK,7.331233,109.85,0.25,0.125,DM,True
2010-02-28,SEK,7.167281,111.29,0.25,0.125,DM,True
2010-03-31,SEK,7.206395,112.82,0.25,0.125,DM,True
2010-04-30,SEK,7.226211,112.31,0.25,0.125,DM,True
2010-05-31,SEK,7.819127,110.63,0.25,0.125,DM,True
2010-06-30,SEK,7.762937,110.74,0.25,0.125,DM,True
2010-07-31,SEK,7.240789,112.76,0.5,0.125,DM,True
2010-08-31,SEK,7.404574,113.2,0.5,0.125,DM,True
2010-09-30,SEK,6.698491,116.42,0.75,0.125,DM,True
2010-10-31,SEK,6.75543,117.82,1,0.125,DM,True
2010-11-30,SEK,7.056086,116.81,1,0.125,DM,True
2010-12-31,SEK,6.709699,119.08,1.25,0.125,DM,True
2011-01-31,SEK,6.476044,120.37,1.25,0.125,DM,True
2011-02-28,SEK,6.321021,122.92,1.5,0.125,DM,True
2011-03-31,SEK,6.287675,122.43,1.5,0.125,DM,True
2011-04-30,SEK,5.998654,122.04,1.75,0.125,DM,True
2011-05-31,SEK,6.182273,121.82,1.75,0.125,DM,True
2011-06-30,SEK,6.347402,119.64,1.75,0.125,DM,True
2011-07-31,SEK,6.359677,119,2,0.125,DM,True
2011-08-31,SEK,6.341869,118.74,2,0.125,DM,True
2011-09-30,SEK,6.856254,118.76,2,0.125,DM,True
2011-10-31,SEK,6.43454,118.94,2,0.125,DM,True
2011-11-30,SEK,6.816217,118.51,2,0.125,DM,True
2011-12-31,SEK,6.887704,119.04,1.75,0.125,DM,True
2012-01-31,SEK,6.752201,119.01,1.75,0.125,DM,True
2012-02-29,SEK,6.552704,119.8,1.5,0.125,DM,True
2012-03-31,SEK,6.622866,118.43,1.5,0.125,DM,True
2012-04-30,SEK,6.749281,118.5,1.5,0.125,DM,True
2012-05-31,SEK,7.236314,116.1,1.5,0.125,DM,True
2012-06-30,SEK,6.96807,117.16,1.5,0.125,DM,True
2012-07-31,SEK,6.804787,120.25,1.5,0.125,DM,True
2012-08-31,SEK,6.610261,123.73,1.5,0.125,DM,True
2012-09-30,SEK,6.535035,121.81,1.25,0.125,DM,True
2012-10-31,SEK,6.618949,120.02,1.25,0.125,DM,True
2012-11-30,SEK,6.670645,119.57,1.25,0.125,DM,True
2012-12-31,SEK,6.504472,119.82,1,0.125,DM,True
2013-01-31,SEK,6.370849,120.52,1,0.125,DM,True
2013-02-28,SEK,6.43423,122.75,1,0.125,DM,True
2013-03-31,SEK,6.525029,124.01,1,0.125,DM,True
2013-04-30,SEK,6.534578,122.42,1,0.125,DM,True
2013-05-31,SEK,6.599108,120.79,1,0.125,DM,True
2013-06-30,SEK,6.710474,120.16,1,0.125,DM,True
2013-07-31,SEK,6.563315,120.6,1,0.125,DM,True
2013-08-31,SEK,6.611485,120.73,1,0.125,DM,True
2013-09-30,SEK,6.410589,121.05,1,0.125,DM,True
2013-10-31,SEK,6.454952,120.33,1,0.125,DM,True
2013-11-30,SEK,6.544339,118.47,1,0.125,DM,True
2013-12-31,SEK,6.423827,118.4,0.75,0.125,DM,True
2014-01-31,SEK,6.548461,119.17,0.75,0.125,DM,True
2014-02-28,SEK,6.408818,118.89,0.75,0.125,DM,True
2014-03-31,SEK,6.489919,118.94,0.75,0.125,DM,True
2014-04-30,SEK,6.550397,116.59,0.75,0.125,DM,True
2014-05-31,SEK,6.674726,116.27,0.75,0.125,DM,True
2014-06-30,SEK,6.718553,115.16,0.75,0.125,DM,True
2014-07-31,SEK,6.895956,113.1,0.25,0.125,DM,True
2014-08-31,SEK,6.950106,113.07,0.25,0.125,DM,True
2014-09-30,SEK,7.268934,111.92,0.25,0.125,DM,True
2014-10-31,SEK,7.398914,111.86,0,0.125,DM,True
2014-11-30,SEK,7.422895,111.24,0,0.125,DM,True
2014-12-31,SEK,7.736595,109.95,0,0.125,DM,True
2015-01-31,SEK,8.280584,107.74,0,0.125,DM,True
2015-02-28,SEK,8.335676,105.91,-0.1,0.125,DM,True
2015-03-31,SEK,8.634724,106.56,-0.25,0.125,DM,True
2015-04-30,SEK,8.315738,104.61,-0.25,0.125,DM,True
2015-05-31,SEK,8.502461,106.02,-0.25,0.125,DM,True
2015-06-30,SEK,8.235767,106.83,-0.25,0.125,DM,True
2015-07-31,SEK,8.627884,105.39,-0.35,0.125,DM,True
2015-08-31,SEK,8.473651,105.15,-0.35,0.125,DM,True
2015-09-30,SEK,8.398018,107.6,-0.35,0.125,DM,True
2015-10-31,SEK,8.520105,107.82,-0.35,0.125,DM,True
2015-11-30,SEK,8.703091,106.71,-0.35,0.125,DM,True
2015-12-31,SEK,8.440801,108.82,-0.35,0.375,DM,True
2016-01-31,SEK,8.560714,109.6,-0.35,0.375,DM,True
2016-02-29,SEK,8.561627,108.66,-0.5,0.375,DM,True
2016-03-31,SEK,8.10303,109.38,-0.5,0.375,DM,True
2016-04-30,SEK,8.040779,110.42,-0.5,0.375,DM,True
2016-05-31,SEK,8.329747,109.41,-0.5,0.375,DM,True
2016-06-30,SEK,8.488741,108.66,-0.5,0.375,DM,True
2016-07-31,SEK,8.609106,107.21,-0.5,0.375,DM,True
2016-08-31,SEK,8.548239,107.06,-0.5,0.375,DM,True
2016-09-30,SEK,8.620195,106.14,-0.5,0.375,DM,True
2016-10-31,SEK,9.012425,104.48,-0.5,0.375,DM,True
2016-11-30,SEK,9.171415,102.97,-0.5,0.375,DM,True
2016-12-31,SEK,9.062233,104.18,-0.5,0.625,DM,True
2017-01-31,SEK,8.787076,105.97,-0.5,0.625,DM,True
2017-02-28,SEK,9.028499,106.23,-0.5,0.625,DM,True
2017-03-31,SEK,8.916098,105.54,-0.5,0.875,DM,True
2017-04-30,SEK,8.81226,104.85,-0.5,0.875,DM,True
2017-05-31,SEK,8.694234,104.82,-0.5,0.875,DM,True
2017-06-30,SEK,8.447073,104.8,-0.5,1.125,DM,True
2017-07-31,SEK,8.137034,108.14,-0.5,1.125,DM,True
2017-08-31,SEK,8.018436,108.97,-0.5,1.125,DM,True
2017-09-30,SEK,8.172963,108.88,-0.5,1.125,DM,True
2017-10-31,SEK,8.370424,107.62,-0.5,1.125,DM,True
2017-11-30,SEK,8.37269,105.34,-0.5,1.125,DM,True
2017-12-31,SEK,8.207955,104.79,-0.5,1.375,DM,True
2018-01-31,SEK,7.838565,105.66,-0.5,1.375,DM,True
2018-02-28,SEK,8.262895,104.89,-0.5,1.375,DM,True
2018-03-31,SEK,8.346969,102.45,-0.5,1.625,DM,True
2018-04-30,SEK,8.692193,100.49,-0.5,1.625,DM,True
2018-05-31,SEK,8.777075,99.94,-0.5,1.625,DM,True
2018-06-30,SEK,8.966375,100.7,-0.5,1.875,DM,True
2018-07-31,SEK,8.739775,101.62,-0.5,1.875,DM,True
2018-08-31,SEK,9.115527,99.92,-0.5,1.875,DM,True
2018-09-30,SEK,8.905494,100.76,-0.5,2.125,DM,True
2018-10-31,SEK,9.190228,100.37,-0.5,2.125,DM,True
2018-11-30,SEK,9.084867,101.15,-0.5,2.125,DM,True
2018-12-31,SEK,8.956157,101.86,-0.5,2.375,DM,True
2019-01-31,SEK,9.029422,101.14,-0.25,2.375,DM,True
2019-02-28,SEK,9.183952,98.79,-0.25,2.375,DM,True
2019-03-31,SEK,9.255007,98.3,-0.25,2.375,DM,True
2019-04-30,SEK,9.4803,98.54,-0.25,2.375,DM,True
2019-05-31,SEK,9.540848,96.66,-0.25,2.375,DM,True
2019-06-30,SEK,9.282337,97.66,-0.25,2.375,DM,True
2019-07-31,SEK,9.563716,98.34,-0.25,2.375,DM,True
2019-08-31,SEK,9.821946,96.74,-0.25,2.125,DM,True
2019-09-30,SEK,9.822573,96.95,-0.25,1.875,DM,True
2019-10-31,SEK,9.637619,95.78,-0.25,1.625,DM,True
2019-11-30,SEK,9.560645,97.05,-0.25,1.625,DM,True
2019-12-31,SEK,9.29927,98.79,-0.25,1.625,DM,True
2020-01-31,SEK,9.660514,96.48,0,1.625,DM,True
2020-02-29,SEK,9.723786,96.26,0,1.625,DM,True
2020-03-31,SEK,10.096112,95.3,0,0.125,DM,True
2020-04-30,SEK,9.804983,95.1,0,0.125,DM,True
2020-05-31,SEK,9.417205,98.33,0,0.125,DM,True
2020-06-30,SEK,9.372031,100.24,0,0.125,DM,True
2020-07-31,SEK,8.679524,102.07,0,0.125,DM,True
2020-08-31,SEK,8.617085,103.26,0,0.125,DM,True
2020-09-30,SEK,9.029125,102.1,0,0.125,DM,True
2020-10-31,SEK,8.860489,102.2,0,0.125,DM,True
2020-11-30,SEK,8.495659,103.55,0,0.125,DM,True
2020-12-31,SEK,8.177247,105.11,0,0.125,DM,True
2021-01-31,SEK,8.331411,104.77,0,0.125,DM,True
2021-02-28,SEK,8.364656,104.13,0,0.125,DM,True
2021-03-31,SEK,8.732026,103.06,0,0.125,DM,True
2021-04-30,SEK,8.412514,103.05,0,0.125,DM,True
2021-05-31,SEK,8.295222,103.36,0,0.125,DM,True
2021-06-30,SEK,8.508078,103.12,0,0.125,DM,True
2021-07-31,SEK,8.566815,102.15,0,0.125,DM,True
2021-08-31,SEK,8.587544,101.96,0,0.125,DM,True
2021-09-30,SEK,8.781674,102.45,0,0.125,DM,True
2021-10-31,SEK,8.533104,102.62,0,0.125,DM,True
2021-11-30,SEK,9.052187,102.47,0,0.125,DM,True
2021-12-31,SEK,9.050238,101.09,0,0.125,DM,True
2022-01-31,SEK,9.402115,98.55,0,0.125,DM,True
2022-02-28,SEK,9.470042,96.92,0,0.125,DM,True
2022-03-31,SEK,9.311774,96.8,0,0.375,DM,True
2022-04-30,SEK,9.768311,97.81,0,0.375,DM,True
2022-05-31,SEK,9.806123,96.78,0.25,0.875,DM,True
2022-06-30,SEK,10.33022,96.57,0.25,1.625,DM,True
2022-07-31,SEK,10.185821,95.65,0.75,2.375,DM,True
2022-08-31,SEK,10.6788,97.35,0.75,2.375,DM,True
2022-09-30,SEK,11.181063,95.54,1.75,3.125,DM,True
2022-10-31,SEK,10.995562,93.93,1.75,3.125,DM,True
2022-11-30,SEK,10.538261,95.98,2.5,3.875,DM,True
2022-12-31,SEK,10.427339,97.6,2.5,4.375,DM,True
2023-01-31,SEK,10.475399,94.15,2.5,4.375,DM,True
2023-02-28,SEK,10.432244,94.88,3,4.625,DM,True
2023-03-31,SEK,10.372874,94.61,3,4.875,DM,True
2023-04-30,SEK,10.337401,94.22,3,4.875,DM,True
2023-05-31,SEK,10.884396,94.2,3.5,5.125,DM,True
2023-06-30,SEK,10.864624,92.86,3.5,5.125,DM,True
2023-07-31,SEK,10.513925,93.69,3.75,5.375,DM,True
2023-08-31,SEK,10.897129,91.93,3.75,5.375,DM,True
2023-09-30,SEK,10.885879,91.79,4,5.375,DM,True
2023-10-31,SEK,11.138054,93.22,4,5.375,DM,True
2023-11-30,SEK,10.457232,94.78,4,5.375,DM,True
2023-12-31,SEK,10.041629,98.2,4,5.375,DM,True
2024-01-31,SEK,10.397896,97.26,4,5.375,DM,True
2024-02-29,SEK,10.35932,96.98,4,5.375,DM,True
2024-03-31,SEK,10.660438,96.6,4,5.375,DM,True
2024-04-30,SEK,10.965665,94.05,4,5.375,DM,True
2024-05-31,SEK,10.524327,93.83,3.75,5.375,DM,True
2024-06-30,SEK,10.611397,96.36,3.75,5.375,DM,True
2024-07-31,SEK,10.724511,94.32,3.75,5.375,DM,True
2024-08-31,SEK,10.224136,94.31,3.5,5.375,DM,True
2024-09-30,SEK,10.09289,95.19,3.5,4.875,DM,True
2024-10-31,SEK,10.688109,94.49,3.25,4.875,DM,True
2024-11-30,SEK,10.905132,93.12,2.75,4.625,DM,True
2024-12-31,SEK,11.029936,93.18,2.75,4.375,DM,True
2025-01-31,SEK,11.040123,92.99,2.5,4.375,DM,True
2025-02-28,SEK,10.746326,94.8,2.25,4.375,DM,True
2025-03-31,SEK,10.031438,97.41,2.25,4.375,DM,True
2025-04-30,SEK,9.646971,98.57,2.25,4.375,DM,True
2025-05-31,SEK,9.58947,98.99,2.25,4.375,DM,True
2025-06-30,SEK,9.510666,98.64,2,4.375,DM,True
2025-07-31,SEK,9.747947,97.36,2,4.375,DM,True
2025-08-31,SEK,9.482759,97.2,2,4.375,DM,True
2025-09-30,SEK,9.417,98.67,2,4.125,DM,True
2025-10-31,SEK,9.4556,98.76,1.75,3.875,DM,True
2025-11-30,SEK,9.484264,98.24,1.75,3.875,DM,True
2025-12-31,SEK,9.209787,99.35,1.75,3.625,DM,True
2026-01-31,SEK,8.826663,101.21,1.75,3.625,DM,True
2026-02-28,SEK,9.033715,101.56,1.75,3.625,DM,True
2026-03-31,SEK,9.517307,98.67,1.75,3.625,DM,True
2026-04-30,SEK,9.276619,96.78,1.75,3.625,DM,True
2026-05-31,SEK,9.251116,97.17,1.75,3.625,DM,True
2026-06-30,SEK,9.736265,96.46,1.75,3.625,DM,True
2026-07-31,SEK,9.565085,,1.75,3.625,DM,True
1995-01-31,THB,25.1,96.18,,5.5,EM,True
1995-02-28,THB,24.95,96.14,,6,EM,True
1995-03-31,THB,24.65,94.18,,6,EM,True
1995-04-30,THB,24.6,92.19,,6,EM,True
1995-05-31,THB,24.7,92.94,,6,EM,True
1995-06-30,THB,24.69,93.07,,6,EM,True
1995-07-31,THB,24.77,93.95,,5.75,EM,True
1995-08-31,THB,25.06,96.97,,5.75,EM,True
1995-09-30,THB,25.1,98.85,,5.75,EM,True
1995-10-31,THB,25.17,99.36,,5.75,EM,True
1995-11-30,THB,25.17,99.56,,5.75,EM,True
1995-12-31,THB,25.2,99.86,,5.5,EM,True
1996-01-31,THB,25.34,100.78,,5.25,EM,True
1996-02-29,THB,25.22,101.31,,5.25,EM,True
1996-03-31,THB,25.26,101.31,,5.25,EM,True
1996-04-30,THB,25.26,101.61,,5.25,EM,True
1996-05-31,THB,25.32,101.81,,5.25,EM,True
1996-06-30,THB,25.4,102.2,,5.25,EM,True
1996-07-31,THB,25.25,102.32,,5.25,EM,True
1996-08-31,THB,25.32,102.83,,5.25,EM,True
1996-09-30,THB,25.42,102.85,,5.25,EM,True
1996-10-31,THB,25.51,103.57,,5.25,EM,True
1996-11-30,THB,25.54,103.89,,5.25,EM,True
1996-12-31,THB,25.65,104.05,,5.25,EM,True
1997-01-31,THB,25.91,105.04,,5.25,EM,True
1997-02-28,THB,25.9,106.72,,5.25,EM,True
1997-03-31,THB,25.97,107.64,,5.5,EM,True
1997-04-30,THB,26.13,107.47,,5.5,EM,True
1997-05-31,THB,24.75,107.32,,5.5,EM,True
1997-06-30,THB,25.15,111.83,,5.5,EM,True
1997-07-31,THB,32.3,92.21,,5.5,EM,True
1997-08-31,THB,34.5,90.07,,5.5,EM,True
1997-09-30,THB,35.85,83.53,,5.5,EM,True
1997-10-31,THB,40.5,79.64,,5.5,EM,True
1997-11-30,THB,41,78.16,,5.5,EM,True
1997-12-31,THB,46.8,71.79,,5.5,EM,True
1998-01-31,THB,53.1,62.49,,5.5,EM,True
1998-02-28,THB,43.15,70.84,,5.5,EM,True
1998-03-31,THB,39.6,79.27,,5.5,EM,True
1998-04-30,THB,38.7,83.16,,5.5,EM,True
1998-05-31,THB,40.44,85.31,,5.5,EM,True
1998-06-30,THB,42.15,81.11,,5.5,EM,True
1998-07-31,THB,40.95,83.55,,5.5,EM,True
1998-08-31,THB,42,83.92,,5.5,EM,True
1998-09-30,THB,39.63,83.46,,5.25,EM,True
1998-10-31,THB,36.8,84.29,,5,EM,True
1998-11-30,THB,36.15,87.45,,4.75,EM,True
1998-12-31,THB,36.5,87.26,,4.75,EM,True
1999-01-31,THB,36.921908,86.1,,4.75,EM,True
1999-02-28,THB,37.328553,86.45,,4.75,EM,True
1999-03-31,THB,37.594768,86.5,,4.75,EM,True
1999-04-30,THB,37.185996,85.81,,4.75,EM,True
1999-05-31,THB,37.081484,86.97,,4.75,EM,True
1999-06-30,THB,36.855054,87.12,,5,EM,True
1999-07-31,THB,37.250327,86.77,,5,EM,True
1999-08-31,THB,38.338693,83.56,,5.25,EM,True
1999-09-30,THB,41.08692,78.38,,5.25,EM,True
1999-10-31,THB,38.70353,78.71,,5.25,EM,True
1999-11-30,THB,39.00208,80.4,,5.5,EM,True
1999-12-31,THB,37.425841,81.66,,5.5,EM,True
2000-01-31,THB,37.492697,83.89,,5.5,EM,True
2000-02-29,THB,38.119106,84.51,,5.75,EM,True
2000-03-31,THB,37.841202,83.87,,6,EM,True
2000-04-30,THB,38.026857,83.46,,6,EM,True
2000-05-31,THB,39.13501,83.03,1.5,6.5,EM,True
2000-06-30,THB,39.184282,81.78,1.5,6.5,EM,True
2000-07-31,THB,41.380937,80.07,1.5,6.5,EM,True
2000-08-31,THB,40.861779,79.72,1.5,6.5,EM,True
2000-09-30,THB,42.12105,78.05,1.5,6.5,EM,True
2000-10-31,THB,43.95414,76.14,1.5,6.5,EM,True
2000-11-30,THB,43.711884,75.76,1.5,6.5,EM,True
2000-12-31,THB,43.300591,76.49,1.5,6.5,EM,True
2001-01-31,THB,42.499623,76.88,1.5,5.5,EM,True
2001-02-28,THB,43.1117,78.28,1.5,5.5,EM,True
2001-03-31,THB,44.913949,77.24,1.5,5,EM,True
2001-04-30,THB,45.632717,75.89,1.5,4.5,EM,True
2001-05-31,THB,45.382665,75.81,1.5,4,EM,True
2001-06-30,THB,45.272759,76.57,2.5,3.75,EM,True
2001-07-31,THB,45.721987,76.48,2.5,3.75,EM,True
2001-08-31,THB,44.060603,76.03,2.5,3.5,EM,True
2001-09-30,THB,44.495784,76.6,2.5,3,EM,True
2001-10-31,THB,44.697744,76.36,2.5,2.5,EM,True
2001-11-30,THB,43.91234,77.29,2.5,2,EM,True
2001-12-31,THB,44.189947,78.61,2.25,1.75,EM,True
2002-01-31,THB,44.030103,79.58,2,1.75,EM,True
2002-02-28,THB,43.737487,80.26,2,1.75,EM,True
2002-03-31,THB,43.450023,80.51,2,1.75,EM,True
2002-04-30,THB,43.237234,80.25,2,1.75,EM,True
2002-05-31,THB,42.322893,79.98,2,1.75,EM,True
2002-06-30,THB,41.524211,79.71,2,1.75,EM,True
2002-07-31,THB,42.022897,80.01,2,1.75,EM,True
2002-08-31,THB,42.175023,78.65,2,1.75,EM,True
2002-09-30,THB,43.292292,78,2,1.75,EM,True
2002-10-31,THB,43.307178,77.55,2,1.75,EM,True
2002-11-30,THB,43.49723,76.9,1.75,1.25,EM,True
2002-12-31,THB,43.136169,76.56,1.75,1.25,EM,True
2003-01-31,THB,42.741864,76.75,1.75,1.25,EM,True
2003-02-28,THB,42.775923,76.25,1.75,1.25,EM,True
2003-03-31,THB,42.900046,76.21,1.75,1.25,EM,True
2003-04-30,THB,42.84925,76.18,1.75,1.25,EM,True
2003-05-31,THB,41.692945,76.17,1.75,1.25,EM,True
2003-06-30,THB,42.047432,76.89,1.25,1,EM,True
2003-07-31,THB,41.941863,77.15,1.25,1,EM,True
2003-08-31,THB,41.125103,78.04,1.25,1,EM,True
2003-09-30,THB,39.96035,79.02,1.25,1,EM,True
2003-10-31,THB,39.903631,78.82,1.25,1,EM,True
2003-11-30,THB,39.930048,78.51,1.25,1,EM,True
2003-12-31,THB,39.620428,77.72,1.25,1,EM,True
2004-01-31,THB,39.246851,78.21,1.25,1,EM,True
2004-02-29,THB,39.29578,78.47,1.25,1,EM,True
2004-03-31,THB,39.27806,78.64,1.25,1,EM,True
2004-04-30,THB,39.987696,78.77,1.25,1,EM,True
2004-05-31,THB,40.571651,77.98,1.25,1,EM,True
2004-06-30,THB,40.916742,77,1.25,1.25,EM,True
2004-07-31,THB,41.348285,76.52,1.25,1.25,EM,True
2004-08-31,THB,41.65007,75.94,1.5,1.5,EM,True
2004-09-30,THB,41.431703,75.79,1.5,1.75,EM,True
2004-10-31,THB,41.050012,75.13,1.75,1.75,EM,True
2004-11-30,THB,39.490786,75.05,1.75,2,EM,True
2004-12-31,THB,38.941341,76.34,2,2.25,EM,True
2005-01-31,THB,38.563099,77.33,2,2.25,EM,True
2005-02-28,THB,38.286943,78.13,2,2.5,EM,True
2005-03-31,THB,39.069732,78.33,2.25,2.75,EM,True
2005-04-30,THB,39.445859,77.46,2.25,2.75,EM,True
2005-05-31,THB,40.595248,77.43,2.25,3,EM,True
2005-06-30,THB,41.298379,76.66,2.5,3.25,EM,True
2005-07-31,THB,41.664599,77.08,2.75,3.25,EM,True
2005-08-31,THB,41.351861,77.56,2.75,3.5,EM,True
2005-09-30,THB,41.056303,78.15,3.25,3.75,EM,True
2005-10-31,THB,40.786825,79.47,3.75,3.75,EM,True
2005-11-30,THB,41.228652,79.45,3.75,4,EM,True
2005-12-31,THB,41.058744,78.97,4,4.25,EM,True
2006-01-31,THB,39.008912,80.47,4.25,4.5,EM,True
2006-02-28,THB,39.179789,81.33,4.25,4.5,EM,True
2006-03-31,THB,38.836748,82.87,4.5,4.75,EM,True
2006-04-30,THB,37.524926,84.88,4.75,4.75,EM,True
2006-05-31,THB,38.118589,83.54,4.75,5,EM,True
2006-06-30,THB,38.20892,83.89,5,5.25,EM,True
2006-07-31,THB,37.843659,84.83,5,5.25,EM,True
2006-08-31,THB,37.538713,85.2,5,5.25,EM,True
2006-09-30,THB,37.576619,85.48,5,5.25,EM,True
2006-10-31,THB,36.735192,86.56,5,5.25,EM,True
2006-11-30,THB,35.908333,87.4,5,5.25,EM,True
2006-12-31,THB,35.512528,88.16,5,5.25,EM,True
2007-01-31,THB,34.549946,89.79,4.75,5.25,EM,True
2007-02-28,THB,33.986829,92.37,4.5,5.25,EM,True
2007-03-31,THB,32.329929,95.53,4.5,5.25,EM,True
2007-04-30,THB,32.815141,95.87,4,5.25,EM,True
2007-05-31,THB,32.956961,95.29,3.5,5.25,EM,True
2007-06-30,THB,31.55498,97.1,3.5,5.25,EM,True
2007-07-31,THB,30,101.79,3.25,5.25,EM,True
2007-08-31,THB,32.490332,96.47,3.25,5.25,EM,True
2007-09-30,THB,31.781508,95.08,3.25,4.75,EM,True
2007-10-31,THB,31.693085,95.87,3.25,4.5,EM,True
2007-11-30,THB,30.733013,94.71,3.25,4.5,EM,True
2007-12-31,THB,29.753413,98.42,3.25,4.25,EM,True
2008-01-31,THB,31.237391,97.23,3.25,3,EM,True
2008-02-29,THB,30.849871,93.73,3.25,3,EM,True
2008-03-31,THB,31.484948,91.14,3.25,2.25,EM,True
2008-04-30,THB,31.669884,91.74,3.25,2,EM,True
2008-05-31,THB,32.502579,92.69,3.25,2,EM,True
2008-06-30,THB,33.454707,90.1,3.25,2,EM,True
2008-07-31,THB,33.519954,88.79,3.5,2,EM,True
2008-08-31,THB,34.240244,87.15,3.75,2,EM,True
2008-09-30,THB,33.890093,87.47,3.75,2,EM,True
2008-10-31,THB,35.059967,88.24,3.75,1,EM,True
2008-11-30,THB,35.515047,87.58,3.75,1,EM,True
2008-12-31,THB,34.694977,84.88,2.75,0.125,EM,True
2009-01-31,THB,34.964888,85.29,2,0.125,EM,True
2009-02-28,THB,36.154698,86.87,1.5,0.125,EM,True
2009-03-31,THB,35.484671,86.99,1.5,0.125,EM,True
2009-04-30,THB,35.260264,87.26,1.25,0.125,EM,True
2009-05-31,THB,34.314796,86.94,1.25,0.125,EM,True
2009-06-30,THB,34.059714,87.75,1.25,0.125,EM,True
2009-07-31,THB,34.030273,87.5,1.25,0.125,EM,True
2009-08-31,THB,34.005045,87.07,1.25,0.125,EM,True
2009-09-30,THB,33.454893,86.4,1.25,0.125,EM,True
2009-10-31,THB,33.435135,86.32,1.25,0.125,EM,True
2009-11-30,THB,33.249684,86.34,1.25,0.125,EM,True
2009-12-31,THB,33.309732,86.78,1.25,0.125,EM,True
2010-01-31,THB,33.174853,87.82,1.25,0.125,EM,True
2010-02-28,THB,33.064849,88.39,1.25,0.125,EM,True
2010-03-31,THB,32.345129,89.92,1.25,0.125,EM,True
2010-04-30,THB,32.355238,90.83,1.25,0.125,EM,True
2010-05-31,THB,32.558706,92.08,1.25,0.125,EM,True
2010-06-30,THB,32.407302,92.74,1.25,0.125,EM,True
2010-07-31,THB,32.2751,91.35,1.5,0.125,EM,True
2010-08-31,THB,31.285489,91.88,1.75,0.125,EM,True
2010-09-30,THB,30.364889,93.32,1.75,0.125,EM,True
2010-10-31,THB,29.955257,93.27,1.75,0.125,EM,True
2010-11-30,THB,30.200031,93.84,1.75,0.125,EM,True
2010-12-31,THB,30.062865,93.71,2,0.125,EM,True
2011-01-31,THB,30.890301,91.67,2.25,0.125,EM,True
2011-02-28,THB,30.579731,90.57,2.25,0.125,EM,True
2011-03-31,THB,30.249877,91.07,2.5,0.125,EM,True
2011-04-30,THB,29.870121,92.15,2.75,0.125,EM,True
2011-05-31,THB,30.310045,91.18,2.75,0.125,EM,True
2011-06-30,THB,30.706428,90.15,3,0.125,EM,True
2011-07-31,THB,29.819776,90.91,3.25,0.125,EM,True
2011-08-31,THB,29.939792,91.17,3.5,0.125,EM,True
2011-09-30,THB,31.139747,90.61,3.5,0.125,EM,True
2011-10-31,THB,30.639954,89.92,3.5,0.125,EM,True
2011-11-30,THB,31.000149,90.31,3.25,0.125,EM,True
2011-12-31,THB,31.680192,89.68,3.25,0.125,EM,True
2012-01-31,THB,30.929721,88.25,3,0.125,EM,True
2012-02-29,THB,30.249944,90.06,3,0.125,EM,True
2012-03-31,THB,30.830338,91.36,3,0.125,EM,True
2012-04-30,THB,30.740124,90.97,3,0.125,EM,True
2012-05-31,THB,31.860034,90.75,3,0.125,EM,True
2012-06-30,THB,31.670373,90.93,3,0.125,EM,True
2012-07-31,THB,31.479974,91.15,3,0.125,EM,True
2012-08-31,THB,31.329791,91.25,3,0.125,EM,True
2012-09-30,THB,30.789637,91.55,3,0.125,EM,True
2012-10-31,THB,30.690372,92.29,2.75,0.125,EM,True
2012-11-30,THB,30.699985,92.5,2.75,0.125,EM,True
2012-12-31,THB,30.579809,92.95,2.75,0.125,EM,True
2013-01-31,THB,29.830258,95.66,2.75,0.125,EM,True
2013-02-28,THB,29.769975,97.23,2.75,0.125,EM,True
2013-03-31,THB,29.225303,99.28,2.75,0.125,EM,True
2013-04-30,THB,29.300031,101.25,2.75,0.125,EM,True
2013-05-31,THB,30.355221,99.75,2.5,0.125,EM,True
2013-06-30,THB,31.049694,96.26,2.5,0.125,EM,True
2013-07-31,THB,31.289642,96.14,2.5,0.125,EM,True
2013-08-31,THB,32.154892,94.26,2.5,0.125,EM,True
2013-09-30,THB,31.295076,93.77,2.5,0.125,EM,True
2013-10-31,THB,31.128216,94.17,2.5,0.125,EM,True
2013-11-30,THB,32.065241,93.83,2.25,0.125,EM,True
2013-12-31,THB,32.759046,92.39,2.25,0.125,EM,True
2014-01-31,THB,32.997189,91.55,2.25,0.125,EM,True
2014-02-28,THB,32.627235,92.07,2.25,0.125,EM,True
2014-03-31,THB,32.426023,92.79,2,0.125,EM,True
2014-04-30,THB,32.365343,92.95,2,0.125,EM,True
2014-05-31,THB,32.847064,92.31,2,0.125,EM,True
2014-06-30,THB,32.452043,92.41,2,0.125,EM,True
2014-07-31,THB,32.109276,93.17,2,0.125,EM,True
2014-08-31,THB,31.954049,93.66,2,0.125,EM,True
2014-09-30,THB,32.4247,94.14,2,0.125,EM,True
2014-10-31,THB,32.603002,94.12,2,0.125,EM,True
2014-11-30,THB,32.83826,95.01,2,0.125,EM,True
2014-12-31,THB,32.872086,95.79,2,0.125,EM,True
2015-01-31,THB,32.777532,96.99,2,0.125,EM,True
2015-02-28,THB,32.327402,97.98,2,0.125,EM,True
2015-03-31,THB,32.547635,99.01,1.75,0.125,EM,True
2015-04-30,THB,32.970129,98.5,1.5,0.125,EM,True
2015-05-31,THB,33.734731,95.11,1.5,0.125,EM,True
2015-06-30,THB,33.779605,95.41,1.5,0.125,EM,True
2015-07-31,THB,35.170056,94.29,1.5,0.125,EM,True
2015-08-31,THB,35.844851,92.38,1.5,0.125,EM,True
2015-09-30,THB,36.340266,91.16,1.5,0.125,EM,True
2015-10-31,THB,35.575928,91.54,1.5,0.125,EM,True
2015-11-30,THB,35.850269,92.22,1.5,0.125,EM,True
2015-12-31,THB,36.050335,91.5,1.5,0.375,EM,True
2016-01-31,THB,35.68956,91.79,1.5,0.375,EM,True
2016-02-29,THB,35.66036,91.65,1.5,0.375,EM,True
2016-03-31,THB,35.149758,91.55,1.5,0.375,EM,True
2016-04-30,THB,34.919758,90.94,1.5,0.375,EM,True
2016-05-31,THB,35.659853,91.23,1.5,0.375,EM,True
2016-06-30,THB,35.135111,91.19,1.5,0.375,EM,True
2016-07-31,THB,34.834878,91.58,1.5,0.375,EM,True
2016-08-31,THB,34.628997,91.44,1.5,0.375,EM,True
2016-09-30,THB,34.669832,91.52,1.5,0.375,EM,True
2016-10-31,THB,35.014617,91.51,1.5,0.375,EM,True
2016-11-30,THB,35.654913,92.61,1.5,0.375,EM,True
2016-12-31,THB,35.789773,93.4,1.5,0.625,EM,True
2017-01-31,THB,35.139935,93.75,1.5,0.625,EM,True
2017-02-28,THB,34.870246,93.83,1.5,0.625,EM,True
2017-03-31,THB,34.350388,93.69,1.5,0.875,EM,True
2017-04-30,THB,34.569991,94.15,1.5,0.875,EM,True
2017-05-31,THB,34.070047,93.98,1.5,0.875,EM,True
2017-06-30,THB,33.950228,94.51,1.5,1.125,EM,True
2017-07-31,THB,33.300077,94.8,1.5,1.125,EM,True
2017-08-31,THB,33.189852,94.83,1.5,1.125,EM,True
2017-09-30,THB,33.320346,94.81,1.5,1.125,EM,True
2017-10-31,THB,33.210174,95.63,1.5,1.125,EM,True
2017-11-30,THB,32.612879,96.4,1.5,1.125,EM,True
2017-12-31,THB,32.619862,96.34,1.5,1.375,EM,True
2018-01-31,THB,31.310107,96.56,1.5,1.375,EM,True
2018-02-28,THB,31.430326,96.19,1.5,1.375,EM,True
2018-03-31,THB,31.229608,96.89,1.5,1.625,EM,True
2018-04-30,THB,31.579601,97.43,1.5,1.625,EM,True
2018-05-31,THB,32.030088,97.59,1.5,1.625,EM,True
2018-06-30,THB,33.080288,96.85,1.5,1.875,EM,True
2018-07-31,THB,33.239605,95.82,1.5,1.875,EM,True
2018-08-31,THB,32.765428,97.33,1.5,1.875,EM,True
2018-09-30,THB,32.349689,98.99,1.5,2.125,EM,True
2018-10-31,THB,33.163987,99,1.5,2.125,EM,True
2018-11-30,THB,32.879655,98.45,1.5,2.125,EM,True
2018-12-31,THB,32.359825,98.29,1.75,2.375,EM,True
2019-01-31,THB,31.235202,99.88,1.75,2.375,EM,True
2019-02-28,THB,31.519797,101.23,1.75,2.375,EM,True
2019-03-31,THB,31.715176,100.35,1.75,2.375,EM,True
2019-04-30,THB,31.91478,100.34,1.75,2.375,EM,True
2019-05-31,THB,31.640212,101.69,1.75,2.375,EM,True
2019-06-30,THB,30.665202,103.1,1.75,2.375,EM,True
2019-07-31,THB,30.73536,103.88,1.75,2.375,EM,True
2019-08-31,THB,30.585357,104.91,1.5,2.125,EM,True
2019-09-30,THB,30.595096,105.7,1.5,1.875,EM,True
2019-10-31,THB,30.184687,105.61,1.5,1.625,EM,True
2019-11-30,THB,30.23493,105.35,1.25,1.625,EM,True
2019-12-31,THB,29.744526,105.09,1.25,1.625,EM,True
2020-01-31,THB,31.179877,103.45,1.25,1.625,EM,True
2020-02-29,THB,31.549604,101.28,1,1.625,EM,True
2020-03-31,THB,32.790252,99.29,0.75,0.125,EM,True
2020-04-30,THB,32.379551,97.04,0.75,0.125,EM,True
2020-05-31,THB,31.810345,98.7,0.5,0.125,EM,True
2020-06-30,THB,30.919807,101.86,0.5,0.125,EM,True
2020-07-31,THB,31.18501,100.56,0.5,0.125,EM,True
2020-08-31,THB,31.070352,100.17,0.5,0.125,EM,True
2020-09-30,THB,31.669798,98.8,0.5,0.125,EM,True
2020-10-31,THB,31.149769,98.66,0.5,0.125,EM,True
2020-11-30,THB,30.264608,100.18,0.5,0.125,EM,True
2020-12-31,THB,29.929916,100.01,0.5,0.125,EM,True
2021-01-31,THB,29.900297,99.38,0.5,0.125,EM,True
2021-02-28,THB,30.359706,98.18,0.5,0.125,EM,True
2021-03-31,THB,31.264819,97.39,0.5,0.125,EM,True
2021-04-30,THB,31.160404,97.08,0.5,0.125,EM,True
2021-05-31,THB,31.199902,95.44,0.5,0.125,EM,True
2021-06-30,THB,32.075059,95.4,0.5,0.125,EM,True
2021-07-31,THB,32.88033,92.51,0.5,0.125,EM,True
2021-08-31,THB,32.219875,90.89,0.5,0.125,EM,True
2021-09-30,THB,33.884619,92.03,0.5,0.125,EM,True
2021-10-31,THB,33.250322,91.77,0.5,0.125,EM,True
2021-11-30,THB,33.690047,93.01,0.5,0.125,EM,True
2021-12-31,THB,33.244747,91.45,0.5,0.125,EM,True
2022-01-31,THB,33.295088,92.99,0.5,0.125,EM,True
2022-02-28,THB,32.675239,94.98,0.5,0.125,EM,True
2022-03-31,THB,33.250158,94.55,0.5,0.375,EM,True
2022-04-30,THB,34.180266,94.64,0.5,0.375,EM,True
2022-05-31,THB,34.30505,96.28,0.5,0.875,EM,True
2022-06-30,THB,35.384615,95.95,0.5,1.625,EM,True
2022-07-31,THB,36.260051,93.04,0.5,2.375,EM,True
2022-08-31,THB,36.45,94.37,0.75,2.375,EM,True
2022-09-30,THB,37.774928,94.03,1,3.125,EM,True
2022-10-31,THB,38.075449,93.72,1,3.125,EM,True
2022-11-30,THB,35.262143,95.73,1.25,3.875,EM,True
2022-12-31,THB,34.534971,96.94,1.25,4.375,EM,True
2023-01-31,THB,33.03517,98.99,1.5,4.375,EM,True
2023-02-28,THB,35.299934,97.17,1.5,4.625,EM,True
2023-03-31,THB,34.125057,96.3,1.75,4.875,EM,True
2023-04-30,THB,34.119843,96.54,1.75,4.875,EM,True
2023-05-31,THB,34.759899,97.07,2,5.125,EM,True
2023-06-30,THB,35.415056,96.85,2,5.125,EM,True
2023-07-31,THB,34.230246,97.18,2,5.375,EM,True
2023-08-31,THB,34.969636,97.53,2.25,5.375,EM,True
2023-09-30,THB,36.510289,95.73,2.5,5.375,EM,True
2023-10-31,THB,36.035408,94.32,2.5,5.375,EM,True
2023-11-30,THB,35.215442,95.91,2.5,5.375,EM,True
2023-12-31,THB,34.364706,95.21,2.5,5.375,EM,True
2024-01-31,THB,35.490449,95.21,2.5,5.375,EM,True
2024-02-29,THB,35.940329,93.63,2.5,5.375,EM,True
2024-03-31,THB,36.455462,93.52,2.5,5.375,EM,True
2024-04-30,THB,37.070349,93.31,2.5,5.375,EM,True
2024-05-31,THB,36.790453,94.05,2.5,5.375,EM,True
2024-06-30,THB,36.729566,93.97,2.5,5.375,EM,True
2024-07-31,THB,35.675102,94.85,2.5,5.375,EM,True
2024-08-31,THB,33.860377,96.14,2.5,5.375,EM,True
2024-09-30,THB,32.249911,98.8,2.5,4.875,EM,True
2024-10-31,THB,33.775041,99.85,2.25,4.875,EM,True
2024-11-30,THB,34.289907,98.68,2.25,4.625,EM,True
2024-12-31,THB,34.340167,99.92,2.25,4.375,EM,True
2025-01-31,THB,33.594727,100.35,2.25,4.375,EM,True
2025-02-28,THB,34.162905,100.48,2,4.375,EM,True
2025-03-31,THB,33.939898,99.3,2,4.375,EM,True
2025-04-30,THB,33.420382,98.09,1.75,4.375,EM,True
2025-05-31,THB,32.845048,99.22,1.75,4.375,EM,True
2025-06-30,THB,32.529863,99.46,1.75,4.375,EM,True
2025-07-31,THB,32.67517,99.46,1.75,4.375,EM,True
2025-08-31,THB,32.389775,99.69,1.5,4.375,EM,True
2025-09-30,THB,32.440167,100.68,1.5,4.125,EM,True
2025-10-31,THB,32.324736,99.28,1.5,3.875,EM,True
2025-11-30,THB,32.195227,100.66,1.5,3.875,EM,True
2025-12-31,THB,31.674894,102.63,1.25,3.625,EM,True
2026-01-31,THB,31.424616,102.88,1.25,3.625,EM,True
2026-02-28,THB,31.085133,101.45,1,3.625,EM,True
2026-03-31,THB,32.75961,99.06,1,3.625,EM,True
2026-04-30,THB,32.544864,101.57,1,3.625,EM,True
2026-05-31,THB,32.519753,100.71,1,3.625,EM,True
2026-06-30,THB,33.22977,99.99,1,3.625,EM,True
2026-07-31,THB,33.46539,,1,3.625,EM,True
1995-01-31,TRY,0.04048942863,100.14,,5.5,EM,True
1995-02-28,TRY,0.04137351941,100.6,,6,EM,True
1995-03-31,TRY,0.04183088076,98.27,,6,EM,True
1995-04-30,TRY,0.04237395836,100.86,,6,EM,True
1995-05-31,TRY,0.04269490188,102.38,,6,EM,True
1995-06-30,TRY,0.04399833204,105.22,,6,EM,True
1995-07-31,TRY,0.04500202613,102.78,,5.75,EM,True
1995-08-31,TRY,0.04786717663,101.85,,5.75,EM,True
1995-09-30,TRY,0.04900589319,110.53,,5.75,EM,True
1995-10-31,TRY,0.0509305901,113.64,,5.75,EM,True
1995-11-30,TRY,0.05459917453,114.6,,5.75,EM,True
1995-12-31,TRY,0.06120761809,110.35,,5.5,EM,True
1996-01-31,TRY,0.06254401339,111.76,,5.25,EM,True
1996-02-29,TRY,0.06595133793,109,,5.25,EM,True
1996-03-31,TRY,0.0706996494,106.12,,5.25,EM,True
1996-04-30,TRY,0.07442139633,107.16,,5.25,EM,True
1996-05-31,TRY,0.07822485681,106.34,,5.25,EM,True
1996-06-30,TRY,0.08142762828,106.82,,5.25,EM,True
1996-07-31,TRY,0.08300335389,102.36,,5.25,EM,True
1996-08-31,TRY,0.08601748399,101.11,,5.25,EM,True
1996-09-30,TRY,0.091156143,105.74,,5.25,EM,True
1996-10-31,TRY,0.09587237017,110.39,,5.25,EM,True
1996-11-30,TRY,0.101601508,110.53,,5.25,EM,True
1996-12-31,TRY,0.1077758003,108.07,,5.25,EM,True
1997-01-31,TRY,0.1154905422,107.93,,5.25,EM,True
1997-02-28,TRY,0.1217844678,109.79,,5.25,EM,True
1997-03-31,TRY,0.1268255102,109.69,,5.5,EM,True
1997-04-30,TRY,0.134905278,111.44,,5.5,EM,True
1997-05-31,TRY,0.1400553496,109.75,,5.5,EM,True
1997-06-30,TRY,0.1470257164,110.12,,5.5,EM,True
1997-07-31,TRY,0.1590442959,109.6,,5.5,EM,True
1997-08-31,TRY,0.165810727,109,,5.5,EM,True
1997-09-30,TRY,0.1736298293,113.5,,5.5,EM,True
1997-10-31,TRY,0.1816752277,119.73,,5.5,EM,True
1997-11-30,TRY,0.1940043877,121.97,,5.5,EM,True
1997-12-31,TRY,0.205245379,122.99,,5.5,EM,True
1998-01-31,TRY,0.2147044708,125.67,,5.5,EM,True
1998-02-28,TRY,0.2290110092,122.73,,5.5,EM,True
1998-03-31,TRY,0.242215057,119.04,,5.5,EM,True
1998-04-30,TRY,0.2490195366,119.21,,5.5,EM,True
1998-05-31,TRY,0.256554867,118.21,,5.5,EM,True
1998-06-30,TRY,0.2655187517,120.45,,5.5,EM,True
1998-07-31,TRY,0.26990977,118.91,,5.5,EM,True
1998-08-31,TRY,0.276684347,118.53,,5.5,EM,True
1998-09-30,TRY,0.2765540846,126.35,,5.25,EM,True
1998-10-31,TRY,0.2857700299,132.39,,5,EM,True
1998-11-30,TRY,0.3030902145,134.38,,4.75,EM,True
1998-12-31,TRY,0.3134758946,131.33,,4.75,EM,True
1999-01-31,TRY,0.3319571328,130.24,,4.75,EM,True
1999-02-28,TRY,0.3522417862,128.86,,4.75,EM,True
1999-03-31,TRY,0.3731148762,127.08,,4.75,EM,True
1999-04-30,TRY,0.3902047749,128.17,,4.75,EM,True
1999-05-31,TRY,0.4064651875,126.13,,4.75,EM,True
1999-06-30,TRY,0.4210883036,128.92,,5,EM,True
1999-07-31,TRY,0.4294931737,127.07,,5,EM,True
1999-08-31,TRY,0.4455689019,124.11,,5.25,EM,True
1999-09-30,TRY,0.4611345523,129.73,,5.25,EM,True
1999-10-31,TRY,0.4810102363,135.96,,5.25,EM,True
1999-11-30,TRY,0.5166881252,137.84,,5.5,EM,True
1999-12-31,TRY,0.542106311,137.57,,5.5,EM,True
2000-01-31,TRY,0.5588806046,138.87,,5.5,EM,True
2000-02-29,TRY,0.5723697756,140.78,,5.75,EM,True
2000-03-31,TRY,0.5880875118,139.62,,6,EM,True
2000-04-30,TRY,0.6099064392,140.73,,6,EM,True
2000-05-31,TRY,0.615392884,142.36,,6.5,EM,True
2000-06-30,TRY,0.6181456676,141.83,,6.5,EM,True
2000-07-31,TRY,0.6365898518,140.15,,6.5,EM,True
2000-08-31,TRY,0.6537165956,139.06,,6.5,EM,True
2000-09-30,TRY,0.6657159156,145.82,,6.5,EM,True
2000-10-31,TRY,0.6853985981,153.54,,6.5,EM,True
2000-11-30,TRY,0.6843620451,159.69,,6.5,EM,True
2000-12-31,TRY,0.6709296077,159.03,,6.5,EM,True
2001-01-31,TRY,0.6764231142,159.57,,5.5,EM,True
2001-02-28,TRY,1.007785467,139.8,,5.5,EM,True
2001-03-31,TRY,1.018342391,118.15,,5,EM,True
2001-04-30,TRY,1.14578639,105.39,,4.5,EM,True
2001-05-31,TRY,1.173349057,118.31,,4,EM,True
2001-06-30,TRY,1.258254717,118.36,,3.75,EM,True
2001-07-31,TRY,1.328383781,108.59,,3.75,EM,True
2001-08-31,TRY,1.370386547,100.13,,3.5,EM,True
2001-09-30,TRY,1.527762567,102.04,,3,EM,True
2001-10-31,TRY,1.590356116,103.13,,2.5,EM,True
2001-11-30,TRY,1.482355586,116.74,,2,EM,True
2001-12-31,TRY,1.440485646,124.21,,1.75,EM,True
2002-01-31,TRY,1.322218363,138.76,,1.75,EM,True
2002-02-28,TRY,1.392902555,142.48,57,1.75,EM,True
2002-03-31,TRY,1.343420449,140.53,54,1.75,EM,True
2002-04-30,TRY,1.34214032,146.22,48,1.75,EM,True
2002-05-31,TRY,1.445616278,134.29,48,1.75,EM,True
2002-06-30,TRY,1.581954887,122.27,48,1.75,EM,True
2002-07-31,TRY,1.696821016,109.17,48,1.75,EM,True
2002-08-31,TRY,1.62920777,111.68,46,1.75,EM,True
2002-09-30,TRY,1.660243408,117.08,46,1.75,EM,True
2002-10-31,TRY,1.670721817,124.22,46,1.75,EM,True
2002-11-30,TRY,1.534199657,131.6,44,1.25,EM,True
2002-12-31,TRY,1.657289978,131.24,44,1.25,EM,True
2003-01-31,TRY,1.646634615,126.6,44,1.25,EM,True
2003-02-28,TRY,1.596178817,129.17,44,1.25,EM,True
2003-03-31,TRY,1.710876549,128.45,44,1.25,EM,True
2003-04-30,TRY,1.572185787,132.56,41,1.25,EM,True
2003-05-31,TRY,1.427846388,139.86,41,1.25,EM,True
2003-06-30,TRY,1.415944692,145.25,38,1,EM,True
2003-07-31,TRY,1.418978618,150,35,1,EM,True
2003-08-31,TRY,1.399286172,152.16,32,1,EM,True
2003-09-30,TRY,1.397185033,155.38,29,1,EM,True
2003-10-31,TRY,1.484598176,145.61,26,1,EM,True
2003-11-30,TRY,1.457395364,143.27,26,1,EM,True
2003-12-31,TRY,1.402692003,142.94,26,1,EM,True
2004-01-31,TRY,1.344638243,149.66,26,1,EM,True
2004-02-29,TRY,1.323884684,151.58,24,1,EM,True
2004-03-31,TRY,1.31888089,156.55,22,1,EM,True
2004-04-30,TRY,1.421277308,153.81,22,1,EM,True
2004-05-31,TRY,1.50131169,139.1,22,1,EM,True
2004-06-30,TRY,1.485232415,139.24,22,1.25,EM,True
2004-07-31,TRY,1.469972589,142.78,22,1.25,EM,True
2004-08-31,TRY,1.505656015,142.17,22,1.5,EM,True
2004-09-30,TRY,1.5018132,140.39,20,1.75,EM,True
2004-10-31,TRY,1.474130486,142.18,20,1.75,EM,True
2004-11-30,TRY,1.428958255,143.25,20,2,EM,True
2004-12-31,TRY,1.348065487,145.15,18,2.25,EM,True
2005-01-31,TRY,1.336401995,152.5,17,2.25,EM,True
2005-02-28,TRY,1.283020291,156.93,16.5,2.5,EM,True
2005-03-31,TRY,1.35544585,154.55,15.5,2.75,EM,True
2005-04-30,TRY,1.391602995,151.99,15,2.75,EM,True
2005-05-31,TRY,1.358202903,154.29,14.5,3,EM,True
2005-06-30,TRY,1.33923255,159.86,14.25,3.25,EM,True
2005-07-31,TRY,1.331514099,162.98,14.25,3.25,EM,True
2005-08-31,TRY,1.35177898,160.53,14.25,3.5,EM,True
2005-09-30,TRY,1.34778276,162.09,14.25,3.75,EM,True
2005-10-31,TRY,1.349413624,165,14,3.75,EM,True
2005-11-30,TRY,1.358314215,169.81,13.75,4,EM,True
2005-12-31,TRY,1.349834704,170.14,13.5,4.25,EM,True
2006-01-31,TRY,1.325053639,170.51,13.5,4.5,EM,True
2006-02-28,TRY,1.312421053,172.77,13.5,4.5,EM,True
2006-03-31,TRY,1.348562459,170.64,13.5,4.75,EM,True
2006-04-30,TRY,1.324080721,169.36,13.25,4.75,EM,True
2006-05-31,TRY,1.557273858,155.36,13.25,5,EM,True
2006-06-30,TRY,1.579092268,141.1,17.25,5.25,EM,True
2006-07-31,TRY,1.488995065,146.4,17.5,5.25,EM,True
2006-08-31,TRY,1.455917827,152.71,17.5,5.25,EM,True
2006-09-30,TRY,1.509636651,153.63,17.5,5.25,EM,True
2006-10-31,TRY,1.458333333,156.73,17.5,5.25,EM,True
2006-11-30,TRY,1.45530303,158.05,17.5,5.25,EM,True
2006-12-31,TRY,1.415337889,157.56,17.5,5.25,EM,True
2007-01-31,TRY,1.420796665,161.85,17.5,5.25,EM,True
2007-02-28,TRY,1.416622512,164.57,17.5,5.25,EM,True
2007-03-31,TRY,1.385718576,162.4,17.5,5.25,EM,True
2007-04-30,TRY,1.362734289,166.73,17.5,5.25,EM,True
2007-05-31,TRY,1.321266632,169.96,17.5,5.25,EM,True
2007-06-30,TRY,1.31358756,171.76,17.5,5.25,EM,True
2007-07-31,TRY,1.276574013,172.59,17.5,5.25,EM,True
2007-08-31,TRY,1.300036483,168.8,17.5,5.25,EM,True
2007-09-30,TRY,1.21016997,174.59,17.25,4.75,EM,True
2007-10-31,TRY,1.175815048,182.43,16.75,4.5,EM,True
2007-11-30,TRY,1.17471716,182.32,16.25,4.5,EM,True
2007-12-31,TRY,1.166360981,185.03,15.75,4.25,EM,True
2008-01-31,TRY,1.175722932,185.33,15.5,3,EM,True
2008-02-29,TRY,1.198852772,182.72,15.25,3,EM,True
2008-03-31,TRY,1.307551227,170.24,15.25,2.25,EM,True
2008-04-30,TRY,1.288931789,162.94,15.25,2,EM,True
2008-05-31,TRY,1.214469951,172.97,15.75,2,EM,True
2008-06-30,TRY,1.225767572,173.28,16.25,2,EM,True
2008-07-31,TRY,1.158798283,174.97,16.75,2,EM,True
2008-08-31,TRY,1.181879878,186.35,16.75,2,EM,True
2008-09-30,TRY,1.267985737,183.53,16.75,2,EM,True
2008-10-31,TRY,1.560398213,168.17,16.75,1,EM,True
2008-11-30,TRY,1.579083838,163.42,16.25,1,EM,True
2008-12-31,TRY,1.544010922,164.09,15,0.125,EM,True
2009-01-31,TRY,1.651841448,162.42,13,0.125,EM,True
2009-02-28,TRY,1.704998418,160.14,11.5,0.125,EM,True
2009-03-31,TRY,1.669071235,155.53,10.5,0.125,EM,True
2009-04-30,TRY,1.592843691,162.37,9.75,0.125,EM,True
2009-05-31,TRY,1.541849908,163.49,9.25,0.125,EM,True
2009-06-30,TRY,1.52922032,161.52,8.75,0.125,EM,True
2009-07-31,TRY,1.476163531,164.6,8.25,0.125,EM,True
2009-08-31,TRY,1.505044843,165.02,7.75,0.125,EM,True
2009-09-30,TRY,1.48425869,162.76,7.25,0.125,EM,True
2009-10-31,TRY,1.493918919,166.21,6.75,0.125,EM,True
2009-11-30,TRY,1.52965453,164.66,6.5,0.125,EM,True
2009-12-31,TRY,1.495696238,165.89,6.5,0.125,EM,True
2010-01-31,TRY,1.488830016,174.64,6.5,0.125,EM,True
2010-02-28,TRY,1.548710391,176.1,6.5,0.125,EM,True
2010-03-31,TRY,1.521774612,174.48,6.5,0.125,EM,True
2010-04-30,TRY,1.483815246,180.49,6.5,0.125,EM,True
2010-05-31,TRY,1.573088486,181.13,7,0.125,EM,True
2010-06-30,TRY,1.580963247,180.07,7,0.125,EM,True
2010-07-31,TRY,1.512357998,178.14,7,0.125,EM,True
2010-08-31,TRY,1.527839117,179.98,7,0.125,EM,True
2010-09-30,TRY,1.451201641,181.69,7,0.125,EM,True
2010-10-31,TRY,1.435159125,185.51,7,0.125,EM,True
2010-11-30,TRY,1.511386367,184.64,7,0.125,EM,True
2010-12-31,TRY,1.548720251,176.71,6.5,0.125,EM,True
2011-01-31,TRY,1.604732691,170.78,6.25,0.125,EM,True
2011-02-28,TRY,1.599103658,166.01,6.25,0.125,EM,True
2011-03-31,TRY,1.544801858,163.89,6.25,0.125,EM,True
2011-04-30,TRY,1.519515478,167.11,6.25,0.125,EM,True
2011-05-31,TRY,1.595759472,165.31,6.25,0.125,EM,True
2011-06-30,TRY,1.625960008,159.74,6.25,0.125,EM,True
2011-07-31,TRY,1.681136045,154.56,6.25,0.125,EM,True
2011-08-31,TRY,1.721730104,146.59,5.75,0.125,EM,True
2011-09-30,TRY,1.858846182,148.47,5.75,0.125,EM,True
2011-10-31,TRY,1.754374688,151.1,5.75,0.125,EM,True
2011-11-30,TRY,1.834997764,156.27,5.75,0.125,EM,True
2011-12-31,TRY,1.888244841,154.67,5.75,0.125,EM,True
2012-01-31,TRY,1.770643594,159.43,5.75,0.125,EM,True
2012-02-29,TRY,1.744402291,163.65,5.75,0.125,EM,True
2012-03-31,TRY,1.780023959,160.68,5.75,0.125,EM,True
2012-04-30,TRY,1.758286666,163.08,5.75,0.125,EM,True
2012-05-31,TRY,1.851165041,164.67,5.75,0.125,EM,True
2012-06-30,TRY,1.813661636,164.88,5.75,0.125,EM,True
2012-07-31,TRY,1.790133507,166.99,5.75,0.125,EM,True
2012-08-31,TRY,1.817540243,167.26,5.75,0.125,EM,True
2012-09-30,TRY,1.794508894,163.74,5.75,0.125,EM,True
2012-10-31,TRY,1.794196875,165.49,5.75,0.125,EM,True
2012-11-30,TRY,1.787540428,168.33,5.75,0.125,EM,True
2012-12-31,TRY,1.78497802,166.66,5.5,0.125,EM,True
2013-01-31,TRY,1.762066421,170.26,5.5,0.125,EM,True
2013-02-28,TRY,1.796024069,169.49,5.5,0.125,EM,True
2013-03-31,TRY,1.812729403,170.13,5.5,0.125,EM,True
2013-04-30,TRY,1.799265606,171.4,5,0.125,EM,True
2013-05-31,TRY,1.880362909,169.23,4.5,0.125,EM,True
2013-06-30,TRY,1.927370031,163.28,4.5,0.125,EM,True
2013-07-31,TRY,1.930169492,162.23,4.5,0.125,EM,True
2013-08-31,TRY,2.030071779,157.77,4.5,0.125,EM,True
2013-09-30,TRY,2.037023325,153.34,4.5,0.125,EM,True
2013-10-31,TRY,1.991569533,156.07,4.5,0.125,EM,True
2013-11-30,TRY,2.018587907,154.6,4.5,0.125,EM,True
2013-12-31,TRY,2.14668987,150.58,4.5,0.125,EM,True
2014-01-31,TRY,2.274489494,144,10,0.125,EM,True
2014-02-28,TRY,2.212046623,144.95,10,0.125,EM,True
2014-03-31,TRY,2.15353931,144.88,10,0.125,EM,True
2014-04-30,TRY,2.117545126,152.45,10,0.125,EM,True
2014-05-31,TRY,2.094363195,155.6,9.5,0.125,EM,True
2014-06-30,TRY,2.121027969,154.74,8.75,0.125,EM,True
2014-07-31,TRY,2.134015995,155.92,8.25,0.125,EM,True
2014-08-31,TRY,2.161510464,154.75,8.25,0.125,EM,True
2014-09-30,TRY,2.287133434,154.19,8.25,0.125,EM,True
2014-10-31,TRY,2.217262855,156.41,8.25,0.125,EM,True
2014-11-30,TRY,2.210526316,161.02,8.25,0.125,EM,True
2014-12-31,TRY,2.332592043,158.9,8.25,0.125,EM,True
2015-01-31,TRY,2.439540027,164.65,7.75,0.125,EM,True
2015-02-28,TRY,2.517793594,158.41,7.5,0.125,EM,True
2015-03-31,TRY,2.614648202,155.36,7.5,0.125,EM,True
2015-04-30,TRY,2.65849309,152.71,7.5,0.125,EM,True
2015-05-31,TRY,2.66071103,150.91,7.5,0.125,EM,True
2015-06-30,TRY,2.677004201,147.35,7.5,0.125,EM,True
2015-07-31,TRY,2.779702745,149.85,7.5,0.125,EM,True
2015-08-31,TRY,2.918502006,142.89,7.5,0.125,EM,True
2015-09-30,TRY,3.026242971,136.45,7.5,0.125,EM,True
2015-10-31,TRY,2.916220387,141.9,7.5,0.125,EM,True
2015-11-30,TRY,2.910388506,149.83,7.5,0.125,EM,True
2015-12-31,TRY,2.917700009,147.47,7.5,0.375,EM,True
2016-01-31,TRY,2.963827839,148.46,7.5,0.375,EM,True
2016-02-29,TRY,2.964088905,149.25,7.5,0.375,EM,True
2016-03-31,TRY,2.821080369,149.89,7.5,0.375,EM,True
2016-04-30,TRY,2.800491099,151.09,7.5,0.375,EM,True
2016-05-31,TRY,2.952035144,146.9,7.5,0.375,EM,True
2016-06-30,TRY,2.88776797,149.25,7.5,0.375,EM,True
2016-07-31,TRY,3.016557185,150.5,7.5,0.375,EM,True
2016-08-31,TRY,2.95822853,148.5,7.5,0.375,EM,True
2016-09-30,TRY,3.008332587,148.06,7.5,0.375,EM,True
2016-10-31,TRY,3.102959985,146.67,7.5,0.375,EM,True
2016-11-30,TRY,3.420028209,140.52,8,0.375,EM,True
2016-12-31,TRY,3.516933877,135.89,8,0.625,EM,True
2017-01-31,TRY,3.777963738,129.17,8,0.625,EM,True
2017-02-28,TRY,3.622817779,132.02,8,0.625,EM,True
2017-03-31,TRY,3.638013282,132.43,8,0.875,EM,True
2017-04-30,TRY,3.545837145,133.65,8,0.875,EM,True
2017-05-31,TRY,3.536583192,135.12,8,0.875,EM,True
2017-06-30,TRY,3.516824395,135.09,8,1.125,EM,True
2017-07-31,TRY,3.522981155,132.08,8,1.125,EM,True
2017-08-31,TRY,3.47255814,132.36,8,1.125,EM,True
2017-09-30,TRY,3.558614264,132.94,8,1.125,EM,True
2017-10-31,TRY,3.794810105,129.29,8,1.125,EM,True
2017-11-30,TRY,3.936028357,124.02,8,1.125,EM,True
2017-12-31,TRY,3.790878012,125.38,8,1.375,EM,True
2018-01-31,TRY,3.75146504,125.95,8,1.375,EM,True
2018-02-28,TRY,3.803094809,124.87,8,1.375,EM,True
2018-03-31,TRY,3.975002029,122.31,8,1.625,EM,True
2018-04-30,TRY,4.04801722,119.52,8,1.625,EM,True
2018-05-31,TRY,4.498504146,114.32,8,1.625,EM,True
2018-06-30,TRY,4.579258878,113.39,17.75,1.875,EM,True
2018-07-31,TRY,4.884032038,111.54,17.75,1.875,EM,True
2018-08-31,TRY,6.556175436,92.64,17.75,1.875,EM,True
2018-09-30,TRY,6.016758811,91.61,24,2.125,EM,True
2018-10-31,TRY,5.500530129,103.02,24,2.125,EM,True
2018-11-30,TRY,5.172374329,111.42,24,2.125,EM,True
2018-12-31,TRY,5.291528384,111.62,24,2.375,EM,True
2019-01-31,TRY,5.195769499,111.49,24,2.375,EM,True
2019-02-28,TRY,5.315259285,113.34,24,2.375,EM,True
2019-03-31,TRY,5.64717401,109.77,24,2.375,EM,True
2019-04-30,TRY,5.964788732,106.1,24,2.375,EM,True
2019-05-31,TRY,5.853286701,102.72,24,2.375,EM,True
2019-06-30,TRY,5.769332162,106.22,24,2.375,EM,True
2019-07-31,TRY,5.525065017,110.82,19.75,2.375,EM,True
2019-08-31,TRY,5.837078652,113.38,19.75,2.125,EM,True
2019-09-30,TRY,5.64707503,113.84,16.5,1.875,EM,True
2019-10-31,TRY,5.712479828,113.48,14,1.625,EM,True
2019-11-30,TRY,5.754689492,114.65,14,1.625,EM,True
2019-12-31,TRY,5.950062311,112.28,12,1.625,EM,True
2020-01-31,TRY,5.982356135,111.94,11.25,1.625,EM,True
2020-02-29,TRY,6.226473536,110.95,10.75,1.625,EM,True
2020-03-31,TRY,6.577491785,108.26,9.75,0.125,EM,True
2020-04-30,TRY,6.985932328,102.74,8.75,0.125,EM,True
2020-05-31,TRY,6.833782328,102.8,8.25,0.125,EM,True
2020-06-30,TRY,6.854884801,102.98,8.25,0.125,EM,True
2020-07-31,TRY,6.971218771,101.42,8.25,0.125,EM,True
2020-08-31,TRY,7.350921273,94.77,8.25,0.125,EM,True
2020-09-30,TRY,7.771609156,92.25,10.25,0.125,EM,True
2020-10-31,TRY,8.372371346,89.27,10.25,0.125,EM,True
2020-11-30,TRY,7.775876461,90.14,15,0.125,EM,True
2020-12-31,TRY,7.426534105,92.48,17,0.125,EM,True
2021-01-31,TRY,7.314765985,97.2,17,0.125,EM,True
2021-02-28,TRY,7.438990182,102.1,17,0.125,EM,True
2021-03-31,TRY,8.29424307,96.42,19,0.125,EM,True
2021-04-30,TRY,8.258318159,91.59,19,0.125,EM,True
2021-05-31,TRY,8.50159823,88.58,19,0.125,EM,True
2021-06-30,TRY,8.684786267,87.86,19,0.125,EM,True
2021-07-31,TRY,8.40846018,90.87,19,0.125,EM,True
2021-08-31,TRY,8.3074193,93.03,19,0.125,EM,True
2021-09-30,TRY,8.89377321,92.93,18,0.125,EM,True
2021-10-31,TRY,9.565736368,88.4,16,0.125,EM,True
2021-11-30,TRY,13.142832,78.83,15,0.125,EM,True
2021-12-31,TRY,13.45002649,70.69,14,0.125,EM,True
2022-01-31,TRY,13.38382933,78.27,14,0.125,EM,True
2022-02-28,TRY,13.79873203,80.8,14,0.125,EM,True
2022-03-31,TRY,14.66741735,80.83,14,0.375,EM,True
2022-04-30,TRY,14.83728653,85.54,14,0.375,EM,True
2022-05-31,TRY,16.41155605,83.85,14,0.875,EM,True
2022-06-30,TRY,16.676615,80.32,14,1.625,EM,True
2022-07-31,TRY,17.89292018,81.59,14,2.375,EM,True
2022-08-31,TRY,18.1849,80.21,13,2.375,EM,True
2022-09-30,TRY,18.55160033,82.86,12,3.125,EM,True
2022-10-31,TRY,18.61630018,85.29,10.5,3.125,EM,True
2022-11-30,TRY,18.6327101,85.27,9,3.875,EM,True
2022-12-31,TRY,18.71826364,83.78,9,4.375,EM,True
2023-01-31,TRY,18.81168651,87,9,4.375,EM,True
2023-02-28,TRY,18.88652415,89.6,8.5,4.625,EM,True
2023-03-31,TRY,19.18455172,91.02,8.5,4.875,EM,True
2023-04-30,TRY,19.45250888,90.24,8.5,4.875,EM,True
2023-05-31,TRY,20.71702705,88.82,8.5,5.125,EM,True
2023-06-30,TRY,26.06230444,77.15,15,5.125,EM,True
2023-07-31,TRY,26.95509389,75,17.5,5.375,EM,True
2023-08-31,TRY,26.66985646,81.44,25,5.375,EM,True
2023-09-30,TRY,27.4225033,86.25,30,5.375,EM,True
2023-10-31,TRY,28.29409549,87.05,35,5.375,EM,True
2023-11-30,TRY,28.85746958,85.86,40,5.375,EM,True
2023-12-31,TRY,29.55031674,85.9,42.5,5.375,EM,True
2024-01-31,TRY,30.35747901,88.82,45,5.375,EM,True
2024-02-29,TRY,31.22732311,90.81,45,5.375,EM,True
2024-03-31,TRY,32.32698178,89.74,50,5.375,EM,True
2024-04-30,TRY,32.37964172,92.56,50,5.375,EM,True
2024-05-31,TRY,32.22364541,95.22,50,5.375,EM,True
2024-06-30,TRY,32.86950023,95.85,50,5.375,EM,True
2024-07-31,TRY,33.16263391,97.29,50,5.375,EM,True
2024-08-31,TRY,34.06250564,95.79,50,5.375,EM,True
2024-09-30,TRY,34.18122544,96.69,50,4.875,EM,True
2024-10-31,TRY,34.247381,100.22,50,4.875,EM,True
2024-11-30,TRY,34.68945276,104.21,50,4.625,EM,True
2024-12-31,TRY,35.3616325,104.51,47.5,4.375,EM,True
2025-01-31,TRY,35.85634562,108.74,45,4.375,EM,True
2025-02-28,TRY,36.51772164,107.65,45,4.375,EM,True
2025-03-31,TRY,37.94720296,104.84,42.5,4.375,EM,True
2025-04-30,TRY,38.47480876,102.9,46,4.375,EM,True
2025-05-31,TRY,39.24102655,101.54,46,4.375,EM,True
2025-06-30,TRY,39.73395904,99.68,46,4.375,EM,True
2025-07-31,TRY,40.59444347,98.8,43,4.375,EM,True
2025-08-31,TRY,41.13364213,99.62,43,4.375,EM,True
2025-09-30,TRY,41.58308492,101.02,40.5,4.125,EM,True
2025-10-31,TRY,42.04881426,102.6,39.5,3.875,EM,True
2025-11-30,TRY,42.49602283,102.96,39.5,3.875,EM,True
2025-12-31,TRY,42.96493617,101.72,38,3.625,EM,True
2026-01-31,TRY,43.4872053,104.89,37,3.625,EM,True
2026-02-28,TRY,43.95984752,105.26,37,3.625,EM,True
2026-03-31,TRY,44.48017046,107.47,37,3.625,EM,True
2026-04-30,TRY,45.18518202,108.82,37,3.625,EM,True
2026-05-31,TRY,45.88603573,108.4,37,3.625,EM,True
2026-06-30,TRY,46.65982096,108.66,37,3.625,EM,True
2026-07-31,TRY,47.52538093,,37,3.625,EM,True
1995-01-31,USD,1,88,5.5,5.5,DM,True
1995-02-28,USD,1,87.23,6,6,DM,True
1995-03-31,USD,1,86,6,6,DM,True
1995-04-30,USD,1,82.59,6,6,DM,True
1995-05-31,USD,1,82.15,6,6,DM,True
1995-06-30,USD,1,82.2,6,6,DM,True
1995-07-31,USD,1,82.17,5.75,5.75,DM,True
1995-08-31,USD,1,84.22,5.75,5.75,DM,True
1995-09-30,USD,1,85.2,5.75,5.75,DM,True
1995-10-31,USD,1,85.2,5.75,5.75,DM,True
1995-11-30,USD,1,86.16,5.75,5.75,DM,True
1995-12-31,USD,1,86.34,5.5,5.5,DM,True
1996-01-31,USD,1,86.78,5.25,5.25,DM,True
1996-02-29,USD,1,86.76,5.25,5.25,DM,True
1996-03-31,USD,1,86.81,5.25,5.25,DM,True
1996-04-30,USD,1,86.65,5.25,5.25,DM,True
1996-05-31,USD,1,86.76,5.25,5.25,DM,True
1996-06-30,USD,1,87.06,5.25,5.25,DM,True
1996-07-31,USD,1,87.12,5.25,5.25,DM,True
1996-08-31,USD,1,86.5,5.25,5.25,DM,True
1996-09-30,USD,1,86.81,5.25,5.25,DM,True
1996-10-31,USD,1,87.36,5.25,5.25,DM,True
1996-11-30,USD,1,86.95,5.25,5.25,DM,True
1996-12-31,USD,1,87.46,5.25,5.25,DM,True
1997-01-31,USD,1,88.2,5.25,5.25,DM,True
1997-02-28,USD,1,89.69,5.25,5.25,DM,True
1997-03-31,USD,1,90.55,5.5,5.5,DM,True
1997-04-30,USD,1,90.76,5.5,5.5,DM,True
1997-05-31,USD,1,89.46,5.5,5.5,DM,True
1997-06-30,USD,1,89.15,5.5,5.5,DM,True
1997-07-31,USD,1,90.1,5.5,5.5,DM,True
1997-08-31,USD,1,91.63,5.5,5.5,DM,True
1997-09-30,USD,1,91.78,5.5,5.5,DM,True
1997-10-31,USD,1,92.24,5.5,5.5,DM,True
1997-11-30,USD,1,93.77,5.5,5.5,DM,True
1997-12-31,USD,1,96.74,5.5,5.5,DM,True
1998-01-31,USD,1,99.13,5.5,5.5,DM,True
1998-02-28,USD,1,97.63,5.5,5.5,DM,True
1998-03-31,USD,1,97.22,5.5,5.5,DM,True
1998-04-30,USD,1,97.05,5.5,5.5,DM,True
1998-05-31,USD,1,97.75,5.5,5.5,DM,True
1998-06-30,USD,1,99.89,5.5,5.5,DM,True
1998-07-31,USD,1,100.33,5.5,5.5,DM,True
1998-08-31,USD,1,102.08,5.5,5.5,DM,True
1998-09-30,USD,1,100.34,5.25,5.25,DM,True
1998-10-31,USD,1,97.36,5,5,DM,True
1998-11-30,USD,1,97.04,4.75,4.75,DM,True
1998-12-31,USD,1,96.14,4.75,4.75,DM,True
1999-01-31,USD,1,96.19,4.75,4.75,DM,True
1999-02-28,USD,1,97.21,4.75,4.75,DM,True
1999-03-31,USD,1,98.42,4.75,4.75,DM,True
1999-04-30,USD,1,98.1,4.75,4.75,DM,True
1999-05-31,USD,1,97.86,4.75,4.75,DM,True
1999-06-30,USD,1,98.42,5,5,DM,True
1999-07-31,USD,1,98.74,5,5,DM,True
1999-08-31,USD,1,97.62,5.25,5.25,DM,True
1999-09-30,USD,1,96.98,5.25,5.25,DM,True
1999-10-31,USD,1,96.58,5.25,5.25,DM,True
1999-11-30,USD,1,96.78,5.5,5.5,DM,True
1999-12-31,USD,1,96.69,5.5,5.5,DM,True
2000-01-31,USD,1,96.51,5.5,5.5,DM,True
2000-02-29,USD,1,97.9,5.75,5.75,DM,True
2000-03-31,USD,1,98.49,6,6,DM,True
2000-04-30,USD,1,98.96,6,6,DM,True
2000-05-31,USD,1,101.3,6.5,6.5,DM,True
2000-06-30,USD,1,100.52,6.5,6.5,DM,True
2000-07-31,USD,1,100.72,6.5,6.5,DM,True
2000-08-31,USD,1,101.25,6.5,6.5,DM,True
2000-09-30,USD,1,102.29,6.5,6.5,DM,True
2000-10-31,USD,1,103.86,6.5,6.5,DM,True
2000-11-30,USD,1,104.38,6.5,6.5,DM,True
2000-12-31,USD,1,103.26,6.5,6.5,DM,True
2001-01-31,USD,1,103.72,5.5,5.5,DM,True
2001-02-28,USD,1,104.56,5.5,5.5,DM,True
2001-03-31,USD,1,106.26,5,5,DM,True
2001-04-30,USD,1,107.04,4.5,4.5,DM,True
2001-05-31,USD,1,106.9,4,4,DM,True
2001-06-30,USD,1,107.68,3.75,3.75,DM,True
2001-07-31,USD,1,108,3.75,3.75,DM,True
2001-08-31,USD,1,106.14,3.5,3.5,DM,True
2001-09-30,USD,1,106.56,3,3,DM,True
2001-10-31,USD,1,106.85,2.5,2.5,DM,True
2001-11-30,USD,1,107.36,2,2,DM,True
2001-12-31,USD,1,106.93,1.75,1.75,DM,True
2002-01-31,USD,1,108.04,1.75,1.75,DM,True
2002-02-28,USD,1,108.72,1.75,1.75,DM,True
2002-03-31,USD,1,108.47,1.75,1.75,DM,True
2002-04-30,USD,1,108.22,1.75,1.75,DM,True
2002-05-31,USD,1,106.7,1.75,1.75,DM,True
2002-06-30,USD,1,105.48,1.75,1.75,DM,True
2002-07-31,USD,1,104.06,1.75,1.75,DM,True
2002-08-31,USD,1,105.29,1.75,1.75,DM,True
2002-09-30,USD,1,105.79,1.75,1.75,DM,True
2002-10-31,USD,1,106.55,1.75,1.75,DM,True
2002-11-30,USD,1,105.2,1.25,1.25,DM,True
2002-12-31,USD,1,104.27,1.25,1.25,DM,True
2003-01-31,USD,1,102.9,1.25,1.25,DM,True
2003-02-28,USD,1,103.23,1.25,1.25,DM,True
2003-03-31,USD,1,103.09,1.25,1.25,DM,True
2003-04-30,USD,1,102.08,1.25,1.25,DM,True
2003-05-31,USD,1,98.44,1.25,1.25,DM,True
2003-06-30,USD,1,98.42,1,1,DM,True
2003-07-31,USD,1,99.5,1,1,DM,True
2003-08-31,USD,1,100.85,1,1,DM,True
2003-09-30,USD,1,99.75,1,1,DM,True
2003-10-31,USD,1,97.46,1,1,DM,True
2003-11-30,USD,1,96.76,1,1,DM,True
2003-12-31,USD,1,95.1,1,1,DM,True
2004-01-31,USD,1,93.74,1,1,DM,True
2004-02-29,USD,1,94.4,1,1,DM,True
2004-03-31,USD,1,95.65,1,1,DM,True
2004-04-30,USD,1,96.35,1,1,DM,True
2004-05-31,USD,1,98.24,1,1,DM,True
2004-06-30,USD,1,97.57,1.25,1.25,DM,True
2004-07-31,USD,1,96.66,1.25,1.25,DM,True
2004-08-31,USD,1,96.73,1.5,1.5,DM,True
2004-09-30,USD,1,96.17,1.75,1.75,DM,True
2004-10-31,USD,1,95.02,1.75,1.75,DM,True
2004-11-30,USD,1,92.38,2,2,DM,True
2004-12-31,USD,1,90.88,2.25,2.25,DM,True
2005-01-31,USD,1,91.57,2.25,2.25,DM,True
2005-02-28,USD,1,91.75,2.5,2.5,DM,True
2005-03-31,USD,1,91.67,2.75,2.75,DM,True
2005-04-30,USD,1,92.92,2.75,2.75,DM,True
2005-05-31,USD,1,93.17,3,3,DM,True
2005-06-30,USD,1,94.28,3.25,3.25,DM,True
2005-07-31,USD,1,94.9,3.25,3.25,DM,True
2005-08-31,USD,1,93.92,3.5,3.5,DM,True
2005-09-30,USD,1,94.48,3.75,3.75,DM,True
2005-10-31,USD,1,95.59,3.75,3.75,DM,True
2005-11-30,USD,1,95.54,4,4,DM,True
2005-12-31,USD,1,94.36,4.25,4.25,DM,True
2006-01-31,USD,1,93.48,4.5,4.5,DM,True
2006-02-28,USD,1,93.63,4.5,4.5,DM,True
2006-03-31,USD,1,94.21,4.75,4.75,DM,True
2006-04-30,USD,1,93.93,4.75,4.75,DM,True
2006-05-31,USD,1,92.26,5,5,DM,True
2006-06-30,USD,1,93.72,5.25,5.25,DM,True
2006-07-31,USD,1,93.68,5.25,5.25,DM,True
2006-08-31,USD,1,92.99,5.25,5.25,DM,True
2006-09-30,USD,1,92.61,5.25,5.25,DM,True
2006-10-31,USD,1,92.42,5.25,5.25,DM,True
2006-11-30,USD,1,91.29,5.25,5.25,DM,True
2006-12-31,USD,1,90.22,5.25,5.25,DM,True
2007-01-31,USD,1,91.43,5.25,5.25,DM,True
2007-02-28,USD,1,91.21,5.25,5.25,DM,True
2007-03-31,USD,1,91.29,5.25,5.25,DM,True
2007-04-30,USD,1,90.36,5.25,5.25,DM,True
2007-05-31,USD,1,89.98,5.25,5.25,DM,True
2007-06-30,USD,1,89.88,5.25,5.25,DM,True
2007-07-31,USD,1,88.49,5.25,5.25,DM,True
2007-08-31,USD,1,88.46,5.25,5.25,DM,True
2007-09-30,USD,1,87.19,4.75,4.75,DM,True
2007-10-31,USD,1,85.31,4.5,4.5,DM,True
2007-11-30,USD,1,84.02,4.5,4.5,DM,True
2007-12-31,USD,1,84.41,4.25,4.25,DM,True
2008-01-31,USD,1,83.89,3,3,DM,True
2008-02-29,USD,1,82.74,3,3,DM,True
2008-03-31,USD,1,81.48,2.25,2.25,DM,True
2008-04-30,USD,1,81.25,2,2,DM,True
2008-05-31,USD,1,81.87,2,2,DM,True
2008-06-30,USD,1,82.39,2,2,DM,True
2008-07-31,USD,1,81.9,2,2,DM,True
2008-08-31,USD,1,83.55,2,2,DM,True
2008-09-30,USD,1,85.32,2,2,DM,True
2008-10-31,USD,1,90.13,1,1,DM,True
2008-11-30,USD,1,91.07,1,1,DM,True
2008-12-31,USD,1,89.54,0.125,0.125,DM,True
2009-01-31,USD,1,90.46,0.125,0.125,DM,True
2009-02-28,USD,1,92.91,0.125,0.125,DM,True
2009-03-31,USD,1,93.45,0.125,0.125,DM,True
2009-04-30,USD,1,91.25,0.125,0.125,DM,True
2009-05-31,USD,1,88.69,0.125,0.125,DM,True
2009-06-30,USD,1,88.34,0.125,0.125,DM,True
2009-07-31,USD,1,87.96,0.125,0.125,DM,True
2009-08-31,USD,1,86.74,0.125,0.125,DM,True
2009-09-30,USD,1,85.97,0.125,0.125,DM,True
2009-10-31,USD,1,84.74,0.125,0.125,DM,True
2009-11-30,USD,1,84.16,0.125,0.125,DM,True
2009-12-31,USD,1,84.1,0.125,0.125,DM,True
2010-01-31,USD,1,84.36,0.125,0.125,DM,True
2010-02-28,USD,1,85.14,0.125,0.125,DM,True
2010-03-31,USD,1,84.67,0.125,0.125,DM,True
2010-04-30,USD,1,84.2,0.125,0.125,DM,True
2010-05-31,USD,1,86.73,0.125,0.125,DM,True
2010-06-30,USD,1,87.35,0.125,0.125,DM,True
2010-07-31,USD,1,85.83,0.125,0.125,DM,True
2010-08-31,USD,1,84.95,0.125,0.125,DM,True
2010-09-30,USD,1,83.93,0.125,0.125,DM,True
2010-10-31,USD,1,81.24,0.125,0.125,DM,True
2010-11-30,USD,1,81.2,0.125,0.125,DM,True
2010-12-31,USD,1,81.69,0.125,0.125,DM,True
2011-01-31,USD,1,80.89,0.125,0.125,DM,True
2011-02-28,USD,1,80.23,0.125,0.125,DM,True
2011-03-31,USD,1,79.87,0.125,0.125,DM,True
2011-04-30,USD,1,78.82,0.125,0.125,DM,True
2011-05-31,USD,1,78.98,0.125,0.125,DM,True
2011-06-30,USD,1,78.95,0.125,0.125,DM,True
2011-07-31,USD,1,78.42,0.125,0.125,DM,True
2011-08-31,USD,1,78.85,0.125,0.125,DM,True
2011-09-30,USD,1,80.96,0.125,0.125,DM,True
2011-10-31,USD,1,81.45,0.125,0.125,DM,True
2011-11-30,USD,1,81.78,0.125,0.125,DM,True
2011-12-31,USD,1,82.09,0.125,0.125,DM,True
2012-01-31,USD,1,81.81,0.125,0.125,DM,True
2012-02-29,USD,1,80.49,0.125,0.125,DM,True
2012-03-31,USD,1,81.21,0.125,0.125,DM,True
2012-04-30,USD,1,81.54,0.125,0.125,DM,True
2012-05-31,USD,1,83,0.125,0.125,DM,True
2012-06-30,USD,1,84.18,0.125,0.125,DM,True
2012-07-31,USD,1,83.63,0.125,0.125,DM,True
2012-08-31,USD,1,83.05,0.125,0.125,DM,True
2012-09-30,USD,1,81.79,0.125,0.125,DM,True
2012-10-31,USD,1,81.31,0.125,0.125,DM,True
2012-11-30,USD,1,81.46,0.125,0.125,DM,True
2012-12-31,USD,1,80.49,0.125,0.125,DM,True
2013-01-31,USD,1,80.69,0.125,0.125,DM,True
2013-02-28,USD,1,81.37,0.125,0.125,DM,True
2013-03-31,USD,1,82.26,0.125,0.125,DM,True
2013-04-30,USD,1,81.78,0.125,0.125,DM,True
2013-05-31,USD,1,82.37,0.125,0.125,DM,True
2013-06-30,USD,1,83.05,0.125,0.125,DM,True
2013-07-31,USD,1,83.51,0.125,0.125,DM,True
2013-08-31,USD,1,83.24,0.125,0.125,DM,True
2013-09-30,USD,1,82.84,0.125,0.125,DM,True
2013-10-31,USD,1,81.68,0.125,0.125,DM,True
2013-11-30,USD,1,82.09,0.125,0.125,DM,True
2013-12-31,USD,1,82.04,0.125,0.125,DM,True
2014-01-31,USD,1,82.94,0.125,0.125,DM,True
2014-02-28,USD,1,83.03,0.125,0.125,DM,True
2014-03-31,USD,1,83.32,0.125,0.125,DM,True
2014-04-30,USD,1,83.16,0.125,0.125,DM,True
2014-05-31,USD,1,83.08,0.125,0.125,DM,True
2014-06-30,USD,1,83.37,0.125,0.125,DM,True
2014-07-31,USD,1,83.13,0.125,0.125,DM,True
2014-08-31,USD,1,83.6,0.125,0.125,DM,True
2014-09-30,USD,1,84.61,0.125,0.125,DM,True
2014-10-31,USD,1,85.38,0.125,0.125,DM,True
2014-11-30,USD,1,86.32,0.125,0.125,DM,True
2014-12-31,USD,1,87.75,0.125,0.125,DM,True
2015-01-31,USD,1,89.44,0.125,0.125,DM,True
2015-02-28,USD,1,90.54,0.125,0.125,DM,True
2015-03-31,USD,1,92.42,0.125,0.125,DM,True
2015-04-30,USD,1,91.91,0.125,0.125,DM,True
2015-05-31,USD,1,91.5,0.125,0.125,DM,True
2015-06-30,USD,1,92.38,0.125,0.125,DM,True
2015-07-31,USD,1,93.86,0.125,0.125,DM,True
2015-08-31,USD,1,95.17,0.125,0.125,DM,True
2015-09-30,USD,1,95.53,0.125,0.125,DM,True
2015-10-31,USD,1,94.61,0.125,0.125,DM,True
2015-11-30,USD,1,95.93,0.125,0.125,DM,True
2015-12-31,USD,1,96.4,0.375,0.375,DM,True
2016-01-31,USD,1,98.72,0.375,0.375,DM,True
2016-02-29,USD,1,97.33,0.375,0.375,DM,True
2016-03-31,USD,1,95.71,0.375,0.375,DM,True
2016-04-30,USD,1,94.48,0.375,0.375,DM,True
2016-05-31,USD,1,95.8,0.375,0.375,DM,True
2016-06-30,USD,1,96.41,0.375,0.375,DM,True
2016-07-31,USD,1,96.82,0.375,0.375,DM,True
2016-08-31,USD,1,95.97,0.375,0.375,DM,True
2016-09-30,USD,1,96.59,0.375,0.375,DM,True
2016-10-31,USD,1,97.37,0.375,0.375,DM,True
2016-11-30,USD,1,99.63,0.375,0.375,DM,True
2016-12-31,USD,1,101.14,0.625,0.625,DM,True
2017-01-31,USD,1,101.33,0.625,0.625,DM,True
2017-02-28,USD,1,99.82,0.625,0.625,DM,True
2017-03-31,USD,1,99.27,0.875,0.875,DM,True
2017-04-30,USD,1,98.53,0.875,0.875,DM,True
2017-05-31,USD,1,98.12,0.875,0.875,DM,True
2017-06-30,USD,1,96.83,1.125,1.125,DM,True
2017-07-31,USD,1,95.45,1.125,1.125,DM,True
2017-08-31,USD,1,94.26,1.125,1.125,DM,True
2017-09-30,USD,1,93.56,1.125,1.125,DM,True
2017-10-31,USD,1,95.01,1.125,1.125,DM,True
2017-11-30,USD,1,95,1.125,1.125,DM,True
2017-12-31,USD,1,94.37,1.375,1.375,DM,True
2018-01-31,USD,1,92.68,1.375,1.375,DM,True
2018-02-28,USD,1,91.67,1.375,1.375,DM,True
2018-03-31,USD,1,92.16,1.625,1.625,DM,True
2018-04-30,USD,1,92.41,1.625,1.625,DM,True
2018-05-31,USD,1,95.28,1.625,1.625,DM,True
2018-06-30,USD,1,96.89,1.875,1.875,DM,True
2018-07-31,USD,1,97.14,1.875,1.875,DM,True
2018-08-31,USD,1,97.61,1.875,1.875,DM,True
2018-09-30,USD,1,97.61,2.125,2.125,DM,True
2018-10-31,USD,1,98.15,2.125,2.125,DM,True
2018-11-30,USD,1,99.02,2.125,2.125,DM,True
2018-12-31,USD,1,98.53,2.375,2.375,DM,True
2019-01-31,USD,1,97.38,2.375,2.375,DM,True
2019-02-28,USD,1,97.09,2.375,2.375,DM,True
2019-03-31,USD,1,97.67,2.375,2.375,DM,True
2019-04-30,USD,1,98,2.375,2.375,DM,True
2019-05-31,USD,1,99.1,2.375,2.375,DM,True
2019-06-30,USD,1,98.74,2.375,2.375,DM,True
2019-07-31,USD,1,98.36,2.375,2.375,DM,True
2019-08-31,USD,1,99.97,2.125,2.125,DM,True
2019-09-30,USD,1,100.09,1.875,1.875,DM,True
2019-10-31,USD,1,99.41,1.625,1.625,DM,True
2019-11-30,USD,1,98.87,1.625,1.625,DM,True
2019-12-31,USD,1,98.1,1.625,1.625,DM,True
2020-01-31,USD,1,97.58,1.625,1.625,DM,True
2020-02-29,USD,1,98.71,1.625,1.625,DM,True
2020-03-31,USD,1,102.43,0.125,0.125,DM,True
2020-04-30,USD,1,104.59,0.125,0.125,DM,True
2020-05-31,USD,1,104,0.125,0.125,DM,True
2020-06-30,USD,1,101.81,0.125,0.125,DM,True
2020-07-31,USD,1,101.25,0.125,0.125,DM,True
2020-08-31,USD,1,99.92,0.125,0.125,DM,True
2020-09-30,USD,1,99.25,0.125,0.125,DM,True
2020-10-31,USD,1,98.53,0.125,0.125,DM,True
2020-11-30,USD,1,96.95,0.125,0.125,DM,True
2020-12-31,USD,1,94.98,0.125,0.125,DM,True
2021-01-31,USD,1,94.52,0.125,0.125,DM,True
2021-02-28,USD,1,94.88,0.125,0.125,DM,True
2021-03-31,USD,1,96.81,0.125,0.125,DM,True
2021-04-30,USD,1,96.84,0.125,0.125,DM,True
2021-05-31,USD,1,96.29,0.125,0.125,DM,True
2021-06-30,USD,1,97.26,0.125,0.125,DM,True
2021-07-31,USD,1,98.63,0.125,0.125,DM,True
2021-08-31,USD,1,98.82,0.125,0.125,DM,True
2021-09-30,USD,1,98.68,0.125,0.125,DM,True
2021-10-31,USD,1,99.61,0.125,0.125,DM,True
2021-11-30,USD,1,100.45,0.125,0.125,DM,True
2021-12-31,USD,1,101.15,0.125,0.125,DM,True
2022-01-31,USD,1,100.94,0.125,0.125,DM,True
2022-02-28,USD,1,100.89,0.125,0.125,DM,True
2022-03-31,USD,1,102.7,0.375,0.375,DM,True
2022-04-30,USD,1,103.37,0.375,0.375,DM,True
2022-05-31,USD,1,106.44,0.875,0.875,DM,True
2022-06-30,USD,1,107.66,1.625,1.625,DM,True
2022-07-31,USD,1,109.45,2.375,2.375,DM,True
2022-08-31,USD,1,108.94,2.375,2.375,DM,True
2022-09-30,USD,1,111.42,3.125,3.125,DM,True
2022-10-31,USD,1,113.14,3.125,3.125,DM,True
2022-11-30,USD,1,110.21,3.875,3.875,DM,True
2022-12-31,USD,1,107.33,4.375,4.375,DM,True
2023-01-31,USD,1,105.46,4.375,4.375,DM,True
2023-02-28,USD,1,105.94,4.625,4.625,DM,True
2023-03-31,USD,1,106.52,4.875,4.875,DM,True
2023-04-30,USD,1,105.65,4.875,4.875,DM,True
2023-05-31,USD,1,106.43,5.125,5.125,DM,True
2023-06-30,USD,1,106.99,5.125,5.125,DM,True
2023-07-31,USD,1,105.95,5.375,5.375,DM,True
2023-08-31,USD,1,107.34,5.375,5.375,DM,True
2023-09-30,USD,1,108.83,5.375,5.375,DM,True
2023-10-31,USD,1,110.16,5.375,5.375,DM,True
2023-11-30,USD,1,108.04,5.375,5.375,DM,True
2023-12-31,USD,1,106.23,5.375,5.375,DM,True
2024-01-31,USD,1,106.93,5.375,5.375,DM,True
2024-02-29,USD,1,107.58,5.375,5.375,DM,True
2024-03-31,USD,1,107.96,5.375,5.375,DM,True
2024-04-30,USD,1,109.29,5.375,5.375,DM,True
2024-05-31,USD,1,109.09,5.375,5.375,DM,True
2024-06-30,USD,1,110.61,5.375,5.375,DM,True
2024-07-31,USD,1,109.92,5.375,5.375,DM,True
2024-08-31,USD,1,108.87,5.375,5.375,DM,True
2024-09-30,USD,1,108.29,4.875,4.875,DM,True
2024-10-31,USD,1,109.48,4.875,4.875,DM,True
2024-11-30,USD,1,111.98,4.625,4.625,DM,True
2024-12-31,USD,1,112.85,4.375,4.375,DM,True
2025-01-31,USD,1,114.5,4.375,4.375,DM,True
2025-02-28,USD,1,113.7,4.375,4.375,DM,True
2025-03-31,USD,1,112.36,4.375,4.375,DM,True
2025-04-30,USD,1,110.87,4.375,4.375,DM,True
2025-05-31,USD,1,109.26,4.375,4.375,DM,True
2025-06-30,USD,1,108.05,4.375,4.375,DM,True
2025-07-31,USD,1,107.28,4.375,4.375,DM,True
2025-08-31,USD,1,107.95,4.375,4.375,DM,True
2025-09-30,USD,1,107.49,4.125,4.125,DM,True
2025-10-31,USD,1,107.69,3.875,3.875,DM,True
2025-11-30,USD,1,108.01,3.875,3.875,DM,True
2025-12-31,USD,1,106.71,3.625,3.625,DM,True
2026-01-31,USD,1,106.35,3.625,3.625,DM,True
2026-02-28,USD,1,104.94,3.625,3.625,DM,True
2026-03-31,USD,1,107.38,3.625,3.625,DM,True
2026-04-30,USD,1,106.97,3.625,3.625,DM,True
2026-05-31,USD,1,107.21,3.625,3.625,DM,True
2026-06-30,USD,1,107.84,3.625,3.625,DM,True
2026-07-31,USD,1,,3.625,3.625,DM,True
1995-01-31,ZAR,3.534239,167.1,13,5.5,EM,True
1995-02-28,ZAR,3.599249,164.98,14,6,EM,True
1995-03-31,ZAR,3.592739,159.3,14,6,EM,True
1995-04-30,ZAR,3.616544,157.13,14,6,EM,True
1995-05-31,ZAR,3.667237,156.18,14,6,EM,True
1995-06-30,ZAR,3.637741,155.08,15,6,EM,True
1995-07-31,ZAR,3.619545,157.08,15,5.75,EM,True
1995-08-31,ZAR,3.652565,161.52,15,5.75,EM,True
1995-09-30,ZAR,3.649746,162.24,15,5.75,EM,True
1995-10-31,ZAR,3.647057,161,15,5.75,EM,True
1995-11-30,ZAR,3.663213,161.98,15,5.75,EM,True
1995-12-31,ZAR,3.645757,163.69,15,5.5,EM,True
1996-01-31,ZAR,3.651509,167.92,15,5.25,EM,True
1996-02-29,ZAR,3.860488,162.69,15,5.25,EM,True
1996-03-31,ZAR,3.981239,156.36,15,5.25,EM,True
1996-04-30,ZAR,4.359991,146.92,16,5.25,EM,True
1996-05-31,ZAR,4.367509,142.93,16,5.25,EM,True
1996-06-30,ZAR,4.326482,144.94,16,5.25,EM,True
1996-07-31,ZAR,4.496507,144.1,16,5.25,EM,True
1996-08-31,ZAR,4.492489,139.58,16,5.25,EM,True
1996-09-30,ZAR,4.526515,142.06,16,5.25,EM,True
1996-10-31,ZAR,4.70249,141.32,16,5.25,EM,True
1996-11-30,ZAR,4.60451,137.96,17,5.25,EM,True
1996-12-31,ZAR,4.680516,139.81,17,5.25,EM,True
1997-01-31,ZAR,4.566507,144.89,17,5.25,EM,True
1997-02-28,ZAR,4.476993,155.27,17,5.25,EM,True
1997-03-31,ZAR,4.423007,158,17,5.5,EM,True
1997-04-30,ZAR,4.448004,158.99,17,5.5,EM,True
1997-05-31,ZAR,4.472508,157.17,17,5.5,EM,True
1997-06-30,ZAR,4.525008,156.25,17,5.5,EM,True
1997-07-31,ZAR,4.61149,157.96,17,5.5,EM,True
1997-08-31,ZAR,4.692518,156.95,17,5.5,EM,True
1997-09-30,ZAR,4.665004,156.27,17,5.5,EM,True
1997-10-31,ZAR,4.817006,155.39,16,5.5,EM,True
1997-11-30,ZAR,4.854484,150.94,16,5.5,EM,True
1997-12-31,ZAR,4.866013,155.45,16,5.5,EM,True
1998-01-31,ZAR,4.936482,157.93,16,5.5,EM,True
1998-02-28,ZAR,4.938514,156.5,16,5.5,EM,True
1998-03-31,ZAR,5.033489,155.81,15,5.5,EM,True
1998-04-30,ZAR,5.054493,153.43,14.927,5.5,EM,True
1998-05-31,ZAR,5.156501,152.54,18,5.5,EM,True
1998-06-30,ZAR,5.869979,146.63,20.209,5.5,EM,True
1998-07-31,ZAR,6.149986,129.72,21.346,5.5,EM,True
1998-08-31,ZAR,6.429992,129.91,21.854,5.5,EM,True
1998-09-30,ZAR,5.864978,132.6,21.855,5.25,EM,True
1998-10-31,ZAR,5.660003,135.88,20.718,5,EM,True
1998-11-30,ZAR,5.689997,140.42,19.727,4.75,EM,True
1998-12-31,ZAR,5.870006,133.71,19.32,4.75,EM,True
1999-01-31,ZAR,6.043921,133.12,18.826,4.75,EM,True
1999-02-28,ZAR,6.177528,133.11,17.36,4.75,EM,True
1999-03-31,ZAR,6.190002,133.08,16.505,4.75,EM,True
1999-04-30,ZAR,6.103803,135.12,15.665,4.75,EM,True
1999-05-31,ZAR,6.214996,134.05,15.464,4.75,EM,True
1999-06-30,ZAR,6.063226,138.04,14.915,5,EM,True
1999-07-31,ZAR,6.151019,138.12,13.652,5,EM,True
1999-08-31,ZAR,6.081718,134.68,13.44,5.25,EM,True
1999-09-30,ZAR,6.010033,136.03,12.4,5.25,EM,True
1999-10-31,ZAR,6.147709,133.92,12.19,5.25,EM,True
1999-11-30,ZAR,6.176983,134.92,12,5.5,EM,True
1999-12-31,ZAR,6.15867,135.76,12,5.5,EM,True
2000-01-31,ZAR,6.293535,137.53,11.75,5.5,EM,True
2000-02-29,ZAR,6.35001,134.81,11.75,5.75,EM,True
2000-03-31,ZAR,6.581493,133.41,11.75,6,EM,True
2000-04-30,ZAR,6.848652,132.56,11.75,6,EM,True
2000-05-31,ZAR,6.950016,128.78,11.75,6.5,EM,True
2000-06-30,ZAR,6.800021,128.82,11.75,6.5,EM,True
2000-07-31,ZAR,6.966353,131.55,11.75,6.5,EM,True
2000-08-31,ZAR,6.97541,132.49,11.75,6.5,EM,True
2000-09-30,ZAR,7.272675,131.05,11.75,6.5,EM,True
2000-10-31,ZAR,7.593085,127.19,12,6.5,EM,True
2000-11-30,ZAR,7.722478,124.43,12,6.5,EM,True
2000-12-31,ZAR,7.564965,123.11,12,6.5,EM,True
2001-01-31,ZAR,7.752502,120.94,12,5.5,EM,True
2001-02-28,ZAR,7.674957,121.65,12,5.5,EM,True
2001-03-31,ZAR,8,122.8,12,5,EM,True
2001-04-30,ZAR,8.010478,121.43,12,4.5,EM,True
2001-05-31,ZAR,8.001769,123.91,12,4,EM,True
2001-06-30,ZAR,8.058019,124.67,11,3.75,EM,True
2001-07-31,ZAR,8.262022,122.54,11,3.75,EM,True
2001-08-31,ZAR,8.407076,117.77,11,3.5,EM,True
2001-09-30,ZAR,9.004162,112.38,9.5,3,EM,True
2001-10-31,ZAR,9.47213,105.3,9.5,2.5,EM,True
2001-11-30,ZAR,10.305125,101.8,9.5,2,EM,True
2001-12-31,ZAR,11.835016,85.69,9.5,1.75,EM,True
2002-01-31,ZAR,11.513025,88,10.5,1.75,EM,True
2002-02-28,ZAR,11.407005,90.5,10.5,1.75,EM,True
2002-03-31,ZAR,11.392595,90.3,11.5,1.75,EM,True
2002-04-30,ZAR,10.674956,94.43,11.5,1.75,EM,True
2002-05-31,ZAR,9.790455,101.91,11.5,1.75,EM,True
2002-06-30,ZAR,10.330125,100.09,12.5,1.75,EM,True
2002-07-31,ZAR,10.1705,100.03,12.5,1.75,EM,True
2002-08-31,ZAR,10.509916,96.58,12.5,1.75,EM,True
2002-09-30,ZAR,10.555477,97.31,13.5,1.75,EM,True
2002-10-31,ZAR,9.983475,101.97,13.5,1.75,EM,True
2002-11-30,ZAR,9.295457,107.78,13.5,1.25,EM,True
2002-12-31,ZAR,8.591017,115.31,13.5,1.25,EM,True
2003-01-31,ZAR,8.564996,116.73,13.5,1.25,EM,True
2003-02-28,ZAR,8.12493,121.31,13.5,1.25,EM,True
2003-03-31,ZAR,7.926205,125.73,13.5,1.25,EM,True
2003-04-30,ZAR,7.193514,131.87,13.5,1.25,EM,True
2003-05-31,ZAR,8.074015,126.77,13.5,1.25,EM,True
2003-06-30,ZAR,7.475453,122.38,12,1,EM,True
2003-07-31,ZAR,7.444778,129.84,12,1,EM,True
2003-08-31,ZAR,7.3247,134.29,11,1,EM,True
2003-09-30,ZAR,6.985324,133.42,10,1,EM,True
2003-10-31,ZAR,6.908277,135.23,8.5,1,EM,True
2003-11-30,ZAR,6.41996,138.77,8.5,1,EM,True
2003-12-31,ZAR,6.593508,140.01,8,1,EM,True
2004-01-31,ZAR,7.051518,129.29,8,1,EM,True
2004-02-29,ZAR,6.65848,132.95,8,1,EM,True
2004-03-31,ZAR,6.363547,138.24,8,1,EM,True
2004-04-30,ZAR,6.854775,140.15,8,1,EM,True
2004-05-31,ZAR,6.504755,136.96,8,1,EM,True
2004-06-30,ZAR,6.267133,143.45,8,1.25,EM,True
2004-07-31,ZAR,6.245868,150.33,8,1.25,EM,True
2004-08-31,ZAR,6.679052,143.11,7.5,1.5,EM,True
2004-09-30,ZAR,6.430172,140.48,7.5,1.75,EM,True
2004-10-31,ZAR,6.125226,141.97,7.5,1.75,EM,True
2004-11-30,ZAR,5.796766,146.85,7.5,2,EM,True
2004-12-31,ZAR,5.645474,151.42,7.5,2.25,EM,True
2005-01-31,ZAR,5.975221,147.17,7.5,2.25,EM,True
2005-02-28,ZAR,5.788187,145.89,7.5,2.5,EM,True
2005-03-31,ZAR,6.240204,145.6,7.5,2.75,EM,True
2005-04-30,ZAR,6.102261,144.62,7,2.75,EM,True
2005-05-31,ZAR,6.718758,141.21,7,3,EM,True
2005-06-30,ZAR,6.63695,135.14,7,3.25,EM,True
2005-07-31,ZAR,6.632267,138.52,7,3.25,EM,True
2005-08-31,ZAR,6.508608,141.88,7,3.5,EM,True
2005-09-30,ZAR,6.374772,144.23,7,3.75,EM,True
2005-10-31,ZAR,6.711719,141.11,7,3.75,EM,True
2005-11-30,ZAR,6.485853,141.47,7,4,EM,True
2005-12-31,ZAR,6.327202,147.29,7,4.25,EM,True
2006-01-31,ZAR,6.115283,152.1,7,4.5,EM,True
2006-02-28,ZAR,6.191158,152.26,7,4.5,EM,True
2006-03-31,ZAR,6.201751,149.17,7,4.75,EM,True
2006-04-30,ZAR,6.126745,151.45,7,4.75,EM,True
2006-05-31,ZAR,6.641203,142.23,7,5,EM,True
2006-06-30,ZAR,7.224731,131.22,7.5,5.25,EM,True
2006-07-31,ZAR,6.889716,130.53,7.5,5.25,EM,True
2006-08-31,ZAR,7.115244,132.94,8,5.25,EM,True
2006-09-30,ZAR,7.762796,124.97,8,5.25,EM,True
2006-10-31,ZAR,7.39603,122.2,8.5,5.25,EM,True
2006-11-30,ZAR,7.233258,126.69,8.5,5.25,EM,True
2006-12-31,ZAR,6.994989,128.8,9,5.25,EM,True
2007-01-31,ZAR,7.26926,128.73,9,5.25,EM,True
2007-02-28,ZAR,7.255242,127.88,9,5.25,EM,True
2007-03-31,ZAR,7.283751,124.24,9,5.25,EM,True
2007-04-30,ZAR,7.05226,128.05,9,5.25,EM,True
2007-05-31,ZAR,7.144131,129.95,9,5.25,EM,True
2007-06-30,ZAR,7.07375,128.51,9.5,5.25,EM,True
2007-07-31,ZAR,7.105858,131.27,9.5,5.25,EM,True
2007-08-31,ZAR,7.135352,127.49,10,5.25,EM,True
2007-09-30,ZAR,6.880739,128.25,10,4.75,EM,True
2007-10-31,ZAR,6.563439,133.36,10.5,4.5,EM,True
2007-11-30,ZAR,6.7448,131.89,10.5,4.5,EM,True
2007-12-31,ZAR,6.81326,131,11,4.25,EM,True
2008-01-31,ZAR,7.472428,128.7,11,3,EM,True
2008-02-29,ZAR,7.734489,117.15,11,3,EM,True
2008-03-31,ZAR,8.10258,110.49,11,2.25,EM,True
2008-04-30,ZAR,7.606499,112.44,11.5,2,EM,True
2008-05-31,ZAR,7.622582,115.97,11.5,2,EM,True
2008-06-30,ZAR,7.829612,112.47,12,2,EM,True
2008-07-31,ZAR,7.340337,117.33,12,2,EM,True
2008-08-31,ZAR,7.709332,121.17,12,2,EM,True
2008-09-30,ZAR,8.268895,118.34,12,2,EM,True
2008-10-31,ZAR,10.06373,102.54,12,1,EM,True
2008-11-30,ZAR,10.096252,102.3,12,1,EM,True
2008-12-31,ZAR,9.389021,101.71,11.5,0.125,EM,True
2009-01-31,ZAR,10.253667,103.98,11.5,0.125,EM,True
2009-02-28,ZAR,10.134926,105.93,10.5,0.125,EM,True
2009-03-31,ZAR,9.478509,108.06,9.5,0.125,EM,True
2009-04-30,ZAR,8.469002,118.1,9.5,0.125,EM,True
2009-05-31,ZAR,7.973684,123.93,7.5,0.125,EM,True
2009-06-30,ZAR,7.7015,127.65,7.5,0.125,EM,True
2009-07-31,ZAR,7.806479,130.08,7.5,0.125,EM,True
2009-08-31,ZAR,7.786996,128.5,7,0.125,EM,True
2009-09-30,ZAR,7.442737,135.13,7,0.125,EM,True
2009-10-31,ZAR,7.73777,134,7,0.125,EM,True
2009-11-30,ZAR,7.416694,132.35,7,0.125,EM,True
2009-12-31,ZAR,7.40386,134.09,7,0.125,EM,True
2010-01-31,ZAR,7.568667,135.88,7,0.125,EM,True
2010-02-28,ZAR,7.741268,134.87,7,0.125,EM,True
2010-03-31,ZAR,7.338972,140.37,6.5,0.125,EM,True
2010-04-30,ZAR,7.332182,141.22,6.5,0.125,EM,True
2010-05-31,ZAR,7.682782,140.25,6.5,0.125,EM,True
2010-06-30,ZAR,7.644691,141.86,6.5,0.125,EM,True
2010-07-31,ZAR,7.339269,141.49,6.5,0.125,EM,True
2010-08-31,ZAR,7.416719,144.29,6.5,0.125,EM,True
2010-09-30,ZAR,6.992819,145.74,6,0.125,EM,True
2010-10-31,ZAR,6.987588,145.2,6,0.125,EM,True
2010-11-30,ZAR,7.132944,144.86,5.5,0.125,EM,True
2010-12-31,ZAR,6.632615,149.93,5.5,0.125,EM,True
2011-01-31,ZAR,7.190914,146.84,5.5,0.125,EM,True
2011-02-28,ZAR,6.968339,139.98,5.5,0.125,EM,True
2011-03-31,ZAR,6.792919,144.72,5.5,0.125,EM,True
2011-04-30,ZAR,6.594482,146.69,5.5,0.125,EM,True
2011-05-31,ZAR,6.862009,144.02,5.5,0.125,EM,True
2011-06-30,ZAR,6.819968,145.67,5.5,0.125,EM,True
2011-07-31,ZAR,6.738008,146.65,5.5,0.125,EM,True
2011-08-31,ZAR,7.044913,140.24,5.5,0.125,EM,True
2011-09-30,ZAR,8.078575,134.72,5.5,0.125,EM,True
2011-10-31,ZAR,7.800943,129,5.5,0.125,EM,True
2011-11-30,ZAR,8.165897,126.96,5.5,0.125,EM,True
2011-12-31,ZAR,8.101863,128.17,5.5,0.125,EM,True
2012-01-31,ZAR,7.781573,131.76,5.5,0.125,EM,True
2012-02-29,ZAR,7.444767,136.11,5.5,0.125,EM,True
2012-03-31,ZAR,7.661126,138.62,5.5,0.125,EM,True
2012-04-30,ZAR,7.742092,134.95,5.5,0.125,EM,True
2012-05-31,ZAR,8.524228,131.5,5.5,0.125,EM,True
2012-06-30,ZAR,8.234234,130.62,5.5,0.125,EM,True
2012-07-31,ZAR,8.185933,133.4,5,0.125,EM,True
2012-08-31,ZAR,8.417413,132.11,5,0.125,EM,True
2012-09-30,ZAR,8.284996,130.28,5,0.125,EM,True
2012-10-31,ZAR,8.673286,124.87,5,0.125,EM,True
2012-11-30,ZAR,8.833898,123.76,5,0.125,EM,True
2012-12-31,ZAR,8.468016,125.34,5,0.125,EM,True
2013-01-31,ZAR,8.933432,123.23,5,0.125,EM,True
2013-02-28,ZAR,8.953462,123.04,5,0.125,EM,True
2013-03-31,ZAR,9.230769,121.9,5,0.125,EM,True
2013-04-30,ZAR,9.03037,123.25,5,0.125,EM,True
2013-05-31,ZAR,10.16254,119.92,5,0.125,EM,True
2013-06-30,ZAR,9.992661,112.14,5,0.125,EM,True
2013-07-31,ZAR,9.848588,115.39,5,0.125,EM,True
2013-08-31,ZAR,10.326407,113.02,5,0.125,EM,True
2013-09-30,ZAR,10.069234,113.73,5,0.125,EM,True
2013-10-31,ZAR,9.981013,113.26,5,0.125,EM,True
2013-11-30,ZAR,10.183675,111.25,5,0.125,EM,True
2013-12-31,ZAR,10.561961,109.14,5,0.125,EM,True
2014-01-31,ZAR,11.307783,105.45,5.5,0.125,EM,True
2014-02-28,ZAR,10.684428,105.06,5.5,0.125,EM,True
2014-03-31,ZAR,10.579852,108.2,5.5,0.125,EM,True
2014-04-30,ZAR,10.562671,110.26,5.5,0.125,EM,True
2014-05-31,ZAR,10.473727,111.7,5.5,0.125,EM,True
2014-06-30,ZAR,10.586982,109.86,5.5,0.125,EM,True
2014-07-31,ZAR,10.678003,110.71,5.75,0.125,EM,True
2014-08-31,ZAR,10.630118,111.97,5.75,0.125,EM,True
2014-09-30,ZAR,11.333227,110.29,5.75,0.125,EM,True
2014-10-31,ZAR,10.980278,110.5,5.75,0.125,EM,True
2014-11-30,ZAR,11.026836,112.04,5.75,0.125,EM,True
2014-12-31,ZAR,11.56025,109.67,5.75,0.125,EM,True
2015-01-31,ZAR,11.59027,111.66,5.75,0.125,EM,True
2015-02-28,ZAR,11.62669,112.68,5.75,0.125,EM,True
2015-03-31,ZAR,12.205967,111.58,5.75,0.125,EM,True
2015-04-30,ZAR,11.806777,112.72,5.75,0.125,EM,True
2015-05-31,ZAR,12.161258,111.62,5.75,0.125,EM,True
2015-06-30,ZAR,12.191974,109.32,5.75,0.125,EM,True
2015-07-31,ZAR,12.693535,110.33,6,0.125,EM,True
2015-08-31,ZAR,13.334463,107.1,6,0.125,EM,True
2015-09-30,ZAR,13.834152,101.51,6,0.125,EM,True
2015-10-31,ZAR,13.81701,102.25,6,0.125,EM,True
2015-11-30,ZAR,14.452595,99.8,6.25,0.125,EM,True
2015-12-31,ZAR,15.571783,94.13,6.25,0.375,EM,True
2016-01-31,ZAR,16.018956,88.63,6.75,0.375,EM,True
2016-02-29,ZAR,16.032605,91.44,6.75,0.375,EM,True
2016-03-31,ZAR,14.744488,92.92,7,0.375,EM,True
2016-04-30,ZAR,14.168815,97.48,7,0.375,EM,True
2016-05-31,ZAR,15.76681,93.34,7,0.375,EM,True
2016-06-30,ZAR,14.813637,95.54,7,0.375,EM,True
2016-07-31,ZAR,14.154684,101.9,7,0.375,EM,True
2016-08-31,ZAR,14.528476,105.55,7,0.375,EM,True
2016-09-30,ZAR,13.908969,103.48,7,0.375,EM,True
2016-10-31,ZAR,13.564955,105.96,7,0.375,EM,True
2016-11-30,ZAR,14.00047,108.26,7,0.375,EM,True
2016-12-31,ZAR,13.715018,110.69,7,0.625,EM,True
2017-01-31,ZAR,13.430033,113.44,7,0.625,EM,True
2017-02-28,ZAR,13.014061,116.61,7,0.625,EM,True
2017-03-31,ZAR,13.319989,119.46,7,0.875,EM,True
2017-04-30,ZAR,13.256999,113.79,7,0.875,EM,True
2017-05-31,ZAR,13.133767,114.41,7,0.875,EM,True
2017-06-30,ZAR,13.073957,116.8,7,1.125,EM,True
2017-07-31,ZAR,13.107871,113.89,6.75,1.125,EM,True
2017-08-31,ZAR,13.07129,111.3,6.75,1.125,EM,True
2017-09-30,ZAR,13.504997,111.14,6.75,1.125,EM,True
2017-10-31,ZAR,14.121155,107.96,6.75,1.125,EM,True
2017-11-30,ZAR,13.60984,105.27,6.75,1.125,EM,True
2017-12-31,ZAR,12.345035,112.57,6.75,1.375,EM,True
2018-01-31,ZAR,11.86642,118.59,6.75,1.375,EM,True
2018-02-28,ZAR,11.763304,121.6,6.75,1.375,EM,True
2018-03-31,ZAR,11.866732,121.72,6.5,1.625,EM,True
2018-04-30,ZAR,12.428264,120.31,6.5,1.625,EM,True
2018-05-31,ZAR,12.567826,118.79,6.5,1.625,EM,True
2018-06-30,ZAR,13.765998,113.67,6.5,1.875,EM,True
2018-07-31,ZAR,13.09441,115.17,6.5,1.875,EM,True
2018-08-31,ZAR,14.739336,110.35,6.5,1.875,EM,True
2018-09-30,ZAR,14.205857,105.3,6.5,2.125,EM,True
2018-10-31,ZAR,14.838487,108.46,6.5,2.125,EM,True
2018-11-30,ZAR,13.756317,112.46,6.75,2.125,EM,True
2018-12-31,ZAR,14.375022,110.77,6.75,2.375,EM,True
2019-01-31,ZAR,13.267758,112.85,6.75,2.375,EM,True
2019-02-28,ZAR,13.969779,113.57,6.75,2.375,EM,True
2019-03-31,ZAR,14.476368,109.93,6.75,2.375,EM,True
2019-04-30,ZAR,14.28276,112.29,6.75,2.375,EM,True
2019-05-31,ZAR,14.692315,111.31,6.75,2.375,EM,True
2019-06-30,ZAR,14.166784,109.88,6.75,2.375,EM,True
2019-07-31,ZAR,14.225989,114.52,6.5,2.375,EM,True
2019-08-31,ZAR,15.25,107.67,6.5,2.125,EM,True
2019-09-30,ZAR,15.205804,110.41,6.5,1.875,EM,True
2019-10-31,ZAR,15.162274,108.91,6.5,1.625,EM,True
2019-11-30,ZAR,14.678292,109.57,6.5,1.625,EM,True
2019-12-31,ZAR,14.044241,112.02,6.5,1.625,EM,True
2020-01-31,ZAR,14.920376,111.92,6.25,1.625,EM,True
2020-02-29,ZAR,15.574474,109.34,6.25,1.625,EM,True
2020-03-31,ZAR,17.898412,100.18,5.25,0.125,EM,True
2020-04-30,ZAR,18.073924,91.14,4.25,0.125,EM,True
2020-05-31,ZAR,17.442439,92.44,3.75,0.125,EM,True
2020-06-30,ZAR,17.362475,96.59,3.75,0.125,EM,True
2020-07-31,ZAR,16.961512,98.53,3.5,0.125,EM,True
2020-08-31,ZAR,16.715997,94.52,3.5,0.125,EM,True
2020-09-30,ZAR,16.83396,97.07,3.5,0.125,EM,True
2020-10-31,ZAR,16.272782,98.71,3.5,0.125,EM,True
2020-11-30,ZAR,15.379883,103.47,3.5,0.125,EM,True
2020-12-31,ZAR,14.686578,106.08,3.5,0.125,EM,True
2021-01-31,ZAR,15.083883,104.07,3.5,0.125,EM,True
2021-02-28,ZAR,14.934824,106.73,3.5,0.125,EM,True
2021-03-31,ZAR,14.796077,107.24,3.5,0.125,EM,True
2021-04-30,ZAR,14.391243,111.92,3.5,0.125,EM,True
2021-05-31,ZAR,13.767232,113.24,3.5,0.125,EM,True
2021-06-30,ZAR,14.314541,114.63,3.5,0.125,EM,True
2021-07-31,ZAR,14.572618,112.24,3.5,0.125,EM,True
2021-08-31,ZAR,14.558222,110.6,3.5,0.125,EM,True
2021-09-30,ZAR,15.16789,111.94,3.5,0.125,EM,True
2021-10-31,ZAR,15.238042,110.12,3.5,0.125,EM,True
2021-11-30,ZAR,16.04057,106.06,3.75,0.125,EM,True
2021-12-31,ZAR,15.947819,104.76,3.75,0.125,EM,True
2022-01-31,ZAR,15.573144,106.58,4,0.125,EM,True
2022-02-28,ZAR,15.435575,107.93,4,0.125,EM,True
2022-03-31,ZAR,14.568688,111.54,4.25,0.375,EM,True
2022-04-30,ZAR,15.794402,112.15,4.25,0.375,EM,True
2022-05-31,ZAR,15.630542,108.79,4.75,0.875,EM,True
2022-06-30,ZAR,16.380379,110.31,4.75,1.625,EM,True
2022-07-31,ZAR,16.535301,106.62,5.5,2.375,EM,True
2022-08-31,ZAR,17.0667,107.82,5.5,2.375,EM,True
2022-09-30,ZAR,17.988613,104.62,6.25,3.125,EM,True
2022-10-31,ZAR,18.331249,102.61,6.25,3.125,EM,True
2022-11-30,ZAR,16.939861,104.51,7,3.875,EM,True
2022-12-31,ZAR,16.968498,103.4,7,4.375,EM,True
2023-01-31,ZAR,17.467276,102,7.25,4.375,EM,True
2023-02-28,ZAR,18.412092,98.33,7.25,4.625,EM,True
2023-03-31,ZAR,17.772414,97.52,7.75,4.875,EM,True
2023-04-30,ZAR,18.355159,97.05,7.75,4.875,EM,True
2023-05-31,ZAR,19.784049,93.71,8.25,5.125,EM,True
2023-06-30,ZAR,18.938432,96.13,8.25,5.125,EM,True
2023-07-31,ZAR,17.736642,98.88,8.25,5.375,EM,True
2023-08-31,ZAR,18.789014,96.84,8.25,5.375,EM,True
2023-09-30,ZAR,18.860959,97.42,8.25,5.375,EM,True
2023-10-31,ZAR,18.787739,98.51,8.25,5.375,EM,True
2023-11-30,ZAR,18.818315,99.87,8.25,5.375,EM,True
2023-12-31,ZAR,18.414208,98.05,8.25,5.375,EM,True
2024-01-31,ZAR,18.754083,97.54,8.25,5.375,EM,True
2024-02-29,ZAR,19.306023,97.34,8.25,5.375,EM,True
2024-03-31,ZAR,18.983073,98.76,8.25,5.375,EM,True
2024-04-30,ZAR,18.723829,99.61,8.25,5.375,EM,True
2024-05-31,ZAR,18.699502,101.71,8.25,5.375,EM,True
2024-06-30,ZAR,18.212985,102.04,8.25,5.375,EM,True
2024-07-31,ZAR,18.230513,102.68,8.25,5.375,EM,True
2024-08-31,ZAR,17.620456,102.25,8.25,5.375,EM,True
2024-09-30,ZAR,17.172026,103.73,8,4.875,EM,True
2024-10-31,ZAR,17.631777,104.83,8,4.875,EM,True
2024-11-30,ZAR,18.062583,104.9,7.75,4.625,EM,True
2024-12-31,ZAR,18.884204,104.05,7.75,4.375,EM,True
2025-01-31,ZAR,18.626768,102.22,7.5,4.375,EM,True
2025-02-28,ZAR,18.43406,103.39,7.5,4.375,EM,True
2025-03-31,ZAR,18.380213,103.26,7.5,4.375,EM,True
2025-04-30,ZAR,18.561066,98.54,7.5,4.375,EM,True
2025-05-31,ZAR,17.897434,101.99,7.25,4.375,EM,True
2025-06-30,ZAR,17.782509,102.55,7.25,4.375,EM,True
2025-07-31,ZAR,18.118994,103.13,7.25,4.375,EM,True
2025-08-31,ZAR,17.735289,103.47,7,4.375,EM,True
2025-09-30,ZAR,17.274508,104.61,7,4.125,EM,True
2025-10-31,ZAR,17.349143,106.08,7,3.875,EM,True
2025-11-30,ZAR,17.115857,106.79,6.75,3.875,EM,True
2025-12-31,ZAR,16.548,108.44,6.75,3.625,EM,True
2026-01-31,ZAR,15.933048,111.76,6.75,3.625,EM,True
2026-02-28,ZAR,15.940534,112.56,6.75,3.625,EM,True
2026-03-31,ZAR,17.070012,109.29,6.75,3.625,EM,True
2026-04-30,ZAR,16.790292,110.29,6.75,3.625,EM,True
2026-05-31,ZAR,16.224064,111.36,7,3.625,EM,True
2026-06-30,ZAR,16.372126,113.11,7,3.625,EM,True
2026-07-31,ZAR,16.575011,,7,3.625,EM,True
